========== [Inicio de despliegue: Wed Oct 29 13:25:30 -03 2025] ==========
Agent pid 99910
Identity added: /Users/luiscardozo/ssh/id_ed25519 (lcardozo@horustek.com)
fatal: not a git repository (or any of the parent directories): .git
Now using node v20.19.5 (npm v10.8.2)
npm error code ENOENT
npm error syscall open
npm error path /Users/luiscardozo/.jenkins/workspace/TestHtvLandingFront/package.json
npm error errno -2
npm error enoent Could not read package.json: Error: ENOENT: no such file or directory, open '/Users/luiscardozo/.jenkins/workspace/TestHtvLandingFront/package.json'
npm error enoent This is related to npm not being able to find a file.
npm error enoent
npm error A complete log of this run can be found in: /Users/luiscardozo/.npm/_logs/2025-10-29T16_25_30_852Z-debug-0.log
mv: rename dist to htv-admin: No such file or directory
tar: htv-admin: Cannot stat: No such file or directory
tar: Error exit delayed from previous errors.
Copiando archivo y ejecutando deploy en el servidor...
._portal-adminpy
portal-adminpy/
portal-adminpy/._ultima
portal-adminpy/ultima/
portal-adminpy/ultima/._roboto-v20-latin-ext_latin-700.c5993c4d788e3ff6.woff
portal-adminpy/ultima/roboto-v20-latin-ext_latin-700.c5993c4d788e3ff6.woff
tar: Ignoring unknown extended header keyword 'LIBARCHIVE.xattr.com.apple.provenance'
tar: Ignoring unknown extended header keyword 'LIBARCHIVE.xattr.com.apple.provenance'
tar: Ignoring unknown extended header keyword 'LIBARCHIVE.xattr.com.apple.provenance'
portal-adminpy/ultima/._main.b05c12233e7314ef.js
portal-adminpy/ultima/main.b05c12233e7314ef.js
tar: Ignoring unknown extended header keyword 'LIBARCHIVE.xattr.com.apple.provenance'
portal-adminpy/ultima/._index.html
portal-adminpy/ultima/index.html
portal-adminpy/ultima/._marker-icon.d577052aa271e13f.png
tar: Ignoring unknown extended header keyword 'LIBARCHIVE.xattr.com.apple.provenance'
portal-adminpy/ultima/marker-icon.d577052aa271e13f.png
portal-adminpy/ultima/._roboto-v20-latin-ext_latin-regular.5c59b24786083ffe.woff2
portal-adminpy/ultima/roboto-v20-latin-ext_latin-regular.5c59b24786083ffe.woff2
portal-adminpy/ultima/._scripts.e302dd704b11e3d9.js
portal-adminpy/ultima/scripts.e302dd704b11e3d9.js
portal-adminpy/ultima/._3rdpartylicenses.txt
portal-adminpy/ultima/3rdpartylicenses.txt
portal-adminpy/ultima/._flags_responsive.2aca9e17ea53881b.png
portal-adminpy/ultima/flags_responsive.2aca9e17ea53881b.png
tar: Ignoring unknown extended header keyword 'LIBARCHIVE.xattr.com.apple.provenance'
tar: Ignoring unknown extended header keyword 'LIBARCHIVE.xattr.com.apple.provenance'
tar: Ignoring unknown extended header keyword 'LIBARCHIVE.xattr.com.apple.provenance'
tar: Ignoring unknown extended header keyword 'LIBARCHIVE.xattr.com.apple.provenance'
tar: Ignoring unknown extended header keyword 'LIBARCHIVE.xattr.com.apple.provenance'
portal-adminpy/ultima/._404-bg.0f2db9e8544e0347.jpg
portal-adminpy/ultima/404-bg.0f2db9e8544e0347.jpg
tar: Ignoring unknown extended header keyword 'LIBARCHIVE.xattr.com.apple.provenance'
portal-adminpy/ultima/._735.5e581e059c923c64.js
portal-adminpy/ultima/735.5e581e059c923c64.js
portal-adminpy/ultima/._159.c963c1396d0a8c2f.js
portal-adminpy/ultima/159.c963c1396d0a8c2f.js
portal-adminpy/ultima/._styles.d0fb8c7372623c25.css
portal-adminpy/ultima/styles.d0fb8c7372623c25.css
tar: Ignoring unknown extended header keyword 'LIBARCHIVE.xattr.com.apple.provenance'
tar: Ignoring unknown extended header keyword 'LIBARCHIVE.xattr.com.apple.provenance'
tar: Ignoring unknown extended header keyword 'LIBARCHIVE.xattr.com.apple.provenance'
portal-adminpy/ultima/._error-bg.f960fa62c381ca16.jpg
portal-adminpy/ultima/error-bg.f960fa62c381ca16.jpg
tar: Ignoring unknown extended header keyword 'LIBARCHIVE.xattr.com.apple.provenance'
portal-adminpy/ultima/._primeicons.76044b1c189cc4d7.svg
portal-adminpy/ultima/primeicons.76044b1c189cc4d7.svg
tar: Ignoring unknown extended header keyword 'LIBARCHIVE.xattr.com.apple.provenance'
portal-adminpy/ultima/._primeicons.5f5d08cd089b4e5d.ttf
portal-adminpy/ultima/primeicons.5f5d08cd089b4e5d.ttf
tar: Ignoring unknown extended header keyword 'LIBARCHIVE.xattr.com.apple.provenance'
portal-adminpy/ultima/._logo.303f4c4d34740576.png
portal-adminpy/ultima/logo.303f4c4d34740576.png
portal-adminpy/ultima/._layers.ef6db8722c2c3f9a.png
portal-adminpy/ultima/layers.ef6db8722c2c3f9a.png
portal-adminpy/ultima/._upload.php
portal-adminpy/ultima/upload.php
portal-adminpy/ultima/._runtime.fb67655ad54ae73b.js
portal-adminpy/ultima/runtime.fb67655ad54ae73b.js
portal-adminpy/ultima/._map.209983efaffd8d51.jpg
portal-adminpy/ultima/map.209983efaffd8d51.jpg
tar: Ignoring unknown extended header keyword 'LIBARCHIVE.xattr.com.apple.provenance'
tar: Ignoring unknown extended header keyword 'LIBARCHIVE.xattr.com.apple.provenance'
tar: Ignoring unknown extended header keyword 'LIBARCHIVE.xattr.com.apple.provenance'
tar: Ignoring unknown extended header keyword 'LIBARCHIVE.xattr.com.apple.provenance'
tar: Ignoring unknown extended header keyword 'LIBARCHIVE.xattr.com.apple.provenance'
portal-adminpy/ultima/._polyfills.d078bb87d0720905.js
portal-adminpy/ultima/polyfills.d078bb87d0720905.js
tar: Ignoring unknown extended header keyword 'LIBARCHIVE.xattr.com.apple.provenance'
portal-adminpy/ultima/._hue.8b1818380241e6ac.png
portal-adminpy/ultima/hue.8b1818380241e6ac.png
portal-adminpy/ultima/._accessDenied-bg.044ae8e2728ec8d6.jpg
tar: Ignoring unknown extended header keyword 'LIBARCHIVE.xattr.com.apple.provenance'
portal-adminpy/ultima/accessDenied-bg.044ae8e2728ec8d6.jpg
portal-adminpy/ultima/._roboto-v20-latin-ext_latin-regular.c9064c1abfc45804.woff
portal-adminpy/ultima/roboto-v20-latin-ext_latin-regular.c9064c1abfc45804.woff
portal-adminpy/ultima/._color.dae87a04d07ca92b.png
portal-adminpy/ultima/color.dae87a04d07ca92b.png
portal-adminpy/ultima/._landing-header.42ff632c6a46ba2b.png
portal-adminpy/ultima/landing-header.42ff632c6a46ba2b.png
tar: Ignoring unknown extended header keyword 'LIBARCHIVE.xattr.com.apple.provenance'
tar: Ignoring unknown extended header keyword 'LIBARCHIVE.xattr.com.apple.provenance'
tar: Ignoring unknown extended header keyword 'LIBARCHIVE.xattr.com.apple.provenance'
tar: Ignoring unknown extended header keyword 'LIBARCHIVE.xattr.com.apple.provenance'
portal-adminpy/ultima/._roboto-v20-latin-ext_latin-500.de270e01b582cd35.woff2
portal-adminpy/ultima/roboto-v20-latin-ext_latin-500.de270e01b582cd35.woff2
portal-adminpy/ultima/._399.193f515b078eac4d.js
portal-adminpy/ultima/399.193f515b078eac4d.js
tar: Ignoring unknown extended header keyword 'LIBARCHIVE.xattr.com.apple.provenance'
tar: Ignoring unknown extended header keyword 'LIBARCHIVE.xattr.com.apple.provenance'
portal-adminpy/ultima/._promotion.342ed4e2cbc3aa86.png
portal-adminpy/ultima/promotion.342ed4e2cbc3aa86.png
tar: Ignoring unknown extended header keyword 'LIBARCHIVE.xattr.com.apple.provenance'
portal-adminpy/ultima/._primeicons.964f445f3ea9db80.eot
portal-adminpy/ultima/primeicons.964f445f3ea9db80.eot
tar: Ignoring unknown extended header keyword 'LIBARCHIVE.xattr.com.apple.provenance'
portal-adminpy/ultima/._roboto-v20-latin-ext_latin-500.4ce802079c5e2843.woff
portal-adminpy/ultima/roboto-v20-latin-ext_latin-500.4ce802079c5e2843.woff
tar: Ignoring unknown extended header keyword 'LIBARCHIVE.xattr.com.apple.provenance'
portal-adminpy/ultima/._assets
portal-adminpy/ultima/assets/
portal-adminpy/ultima/._background@2x.90a7c24e04a78041.jpg
portal-adminpy/ultima/background@2x.90a7c24e04a78041.jpg
tar: Ignoring unknown extended header keyword 'LIBARCHIVE.xattr.com.apple.provenance'
tar: Ignoring unknown extended header keyword 'LIBARCHIVE.xattr.com.apple.provenance'
portal-adminpy/ultima/._layers-2x.9859cd1231006a4a.png
portal-adminpy/ultima/layers-2x.9859cd1231006a4a.png
portal-adminpy/ultima/._primeicons.29151a741d66863a.woff
portal-adminpy/ultima/primeicons.29151a741d66863a.woff
portal-adminpy/ultima/._login-bg.2807f4e158a96473.jpg
portal-adminpy/ultima/login-bg.2807f4e158a96473.jpg
tar: Ignoring unknown extended header keyword 'LIBARCHIVE.xattr.com.apple.provenance'
tar: Ignoring unknown extended header keyword 'LIBARCHIVE.xattr.com.apple.provenance'
tar: Ignoring unknown extended header keyword 'LIBARCHIVE.xattr.com.apple.provenance'
portal-adminpy/ultima/._roboto-v20-latin-ext_latin-700.fea1ca242b09ae4c.woff2
portal-adminpy/ultima/roboto-v20-latin-ext_latin-700.fea1ca242b09ae4c.woff2
tar: Ignoring unknown extended header keyword 'LIBARCHIVE.xattr.com.apple.provenance'
portal-adminpy/ultima/assets/._demo
portal-adminpy/ultima/assets/demo/
tar: Ignoring unknown extended header keyword 'LIBARCHIVE.xattr.com.apple.provenance'
portal-adminpy/ultima/assets/._layout
portal-adminpy/ultima/assets/layout/
portal-adminpy/ultima/assets/._map
portal-adminpy/ultima/assets/map/
portal-adminpy/ultima/assets/._theme
portal-adminpy/ultima/assets/theme/
portal-adminpy/ultima/assets/._sass
portal-adminpy/ultima/assets/sass/
portal-adminpy/ultima/assets/._pages
portal-adminpy/ultima/assets/pages/
tar: Ignoring unknown extended header keyword 'LIBARCHIVE.xattr.com.apple.provenance'
tar: Ignoring unknown extended header keyword 'LIBARCHIVE.xattr.com.apple.provenance'
tar: Ignoring unknown extended header keyword 'LIBARCHIVE.xattr.com.apple.provenance'
tar: Ignoring unknown extended header keyword 'LIBARCHIVE.xattr.com.apple.provenance'
tar: Ignoring unknown extended header keyword 'LIBARCHIVE.xattr.com.apple.provenance'
portal-adminpy/ultima/assets/pages/._primeicons.css
portal-adminpy/ultima/assets/pages/primeicons.css
portal-adminpy/ultima/assets/pages/._primeflex.min.css
portal-adminpy/ultima/assets/pages/primeflex.min.css
tar: Ignoring unknown extended header keyword 'LIBARCHIVE.xattr.com.apple.provenance'
tar: Ignoring unknown extended header keyword 'LIBARCHIVE.xattr.com.apple.provenance'
portal-adminpy/ultima/assets/pages/._primeng.min.css
portal-adminpy/ultima/assets/pages/primeng.min.css
portal-adminpy/ultima/assets/pages/._landing.html
portal-adminpy/ultima/assets/pages/landing.html
portal-adminpy/ultima/assets/pages/._fonts
portal-adminpy/ultima/assets/pages/fonts/
tar: Ignoring unknown extended header keyword 'LIBARCHIVE.xattr.com.apple.provenance'
tar: Ignoring unknown extended header keyword 'LIBARCHIVE.xattr.com.apple.provenance'
tar: Ignoring unknown extended header keyword 'LIBARCHIVE.xattr.com.apple.provenance'
portal-adminpy/ultima/assets/pages/fonts/._primeicons.svg
portal-adminpy/ultima/assets/pages/fonts/primeicons.svg
tar: Ignoring unknown extended header keyword 'LIBARCHIVE.xattr.com.apple.provenance'
portal-adminpy/ultima/assets/pages/fonts/._primeicons.woff
portal-adminpy/ultima/assets/pages/fonts/primeicons.woff
tar: Ignoring unknown extended header keyword 'LIBARCHIVE.xattr.com.apple.provenance'
portal-adminpy/ultima/assets/pages/fonts/._primeicons.eot
portal-adminpy/ultima/assets/pages/fonts/primeicons.eot
tar: Ignoring unknown extended header keyword 'LIBARCHIVE.xattr.com.apple.provenance'
portal-adminpy/ultima/assets/pages/fonts/._primeicons.ttf
portal-adminpy/ultima/assets/pages/fonts/primeicons.ttf
portal-adminpy/ultima/assets/sass/._overrides
tar: Ignoring unknown extended header keyword 'LIBARCHIVE.xattr.com.apple.provenance'
portal-adminpy/ultima/assets/sass/overrides/
portal-adminpy/ultima/assets/sass/.__fonts.scss
portal-adminpy/ultima/assets/sass/_fonts.scss
portal-adminpy/ultima/assets/sass/._layout
portal-adminpy/ultima/assets/sass/layout/
portal-adminpy/ultima/assets/sass/._theme
portal-adminpy/ultima/assets/sass/theme/
portal-adminpy/ultima/assets/sass/._variables
portal-adminpy/ultima/assets/sass/variables/
portal-adminpy/ultima/assets/sass/variables/._layout
portal-adminpy/ultima/assets/sass/variables/layout/
portal-adminpy/ultima/assets/sass/variables/._theme
portal-adminpy/ultima/assets/sass/variables/theme/
portal-adminpy/ultima/assets/sass/variables/theme/.__theme_dark.scss
portal-adminpy/ultima/assets/sass/variables/theme/_theme_dark.scss
portal-adminpy/ultima/assets/sass/variables/theme/.__theme_light.scss
tar: Ignoring unknown extended header keyword 'LIBARCHIVE.xattr.com.apple.provenance'
tar: Ignoring unknown extended header keyword 'LIBARCHIVE.xattr.com.apple.provenance'
tar: Ignoring unknown extended header keyword 'LIBARCHIVE.xattr.com.apple.provenance'
tar: Ignoring unknown extended header keyword 'LIBARCHIVE.xattr.com.apple.provenance'
tar: Ignoring unknown extended header keyword 'LIBARCHIVE.xattr.com.apple.provenance'
tar: Ignoring unknown extended header keyword 'LIBARCHIVE.xattr.com.apple.provenance'
tar: Ignoring unknown extended header keyword 'LIBARCHIVE.xattr.com.apple.provenance'
tar: Ignoring unknown extended header keyword 'LIBARCHIVE.xattr.com.apple.provenance'
portal-adminpy/ultima/assets/sass/variables/theme/_theme_light.scss
portal-adminpy/ultima/assets/sass/variables/layout/.__layout_light.scss
portal-adminpy/ultima/assets/sass/variables/layout/_layout_light.scss
portal-adminpy/ultima/assets/sass/variables/layout/.__layout_dark.scss
portal-adminpy/ultima/assets/sass/variables/layout/_layout_dark.scss
portal-adminpy/ultima/assets/sass/variables/layout/.__layout_common.scss
portal-adminpy/ultima/assets/sass/variables/layout/_layout_common.scss
portal-adminpy/ultima/assets/sass/theme/.__theme_dark.scss
portal-adminpy/ultima/assets/sass/theme/_theme_dark.scss
portal-adminpy/ultima/assets/sass/theme/.__compact.scss
portal-adminpy/ultima/assets/sass/theme/_compact.scss
portal-adminpy/ultima/assets/sass/theme/._extensions
portal-adminpy/ultima/assets/sass/theme/extensions/
portal-adminpy/ultima/assets/sass/theme/._designer
portal-adminpy/ultima/assets/sass/theme/designer/
tar: Ignoring unknown extended header keyword 'LIBARCHIVE.xattr.com.apple.provenance'
tar: Ignoring unknown extended header keyword 'LIBARCHIVE.xattr.com.apple.provenance'
tar: Ignoring unknown extended header keyword 'LIBARCHIVE.xattr.com.apple.provenance'
tar: Ignoring unknown extended header keyword 'LIBARCHIVE.xattr.com.apple.provenance'
tar: Ignoring unknown extended header keyword 'LIBARCHIVE.xattr.com.apple.provenance'
tar: Ignoring unknown extended header keyword 'LIBARCHIVE.xattr.com.apple.provenance'
tar: Ignoring unknown extended header keyword 'LIBARCHIVE.xattr.com.apple.provenance'
tar: Ignoring unknown extended header keyword 'LIBARCHIVE.xattr.com.apple.provenance'
portal-adminpy/ultima/assets/sass/theme/.__theme_light.scss
portal-adminpy/ultima/assets/sass/theme/_theme_light.scss
tar: Ignoring unknown extended header keyword 'LIBARCHIVE.xattr.com.apple.provenance'
portal-adminpy/ultima/assets/sass/theme/designer/._components
portal-adminpy/ultima/assets/sass/theme/designer/components/
portal-adminpy/ultima/assets/sass/theme/designer/.__mixins.scss
portal-adminpy/ultima/assets/sass/theme/designer/_mixins.scss
portal-adminpy/ultima/assets/sass/theme/designer/.__common.scss
portal-adminpy/ultima/assets/sass/theme/designer/_common.scss
portal-adminpy/ultima/assets/sass/theme/designer/.__components.scss
portal-adminpy/ultima/assets/sass/theme/designer/_components.scss
portal-adminpy/ultima/assets/sass/theme/designer/components/._misc
portal-adminpy/ultima/assets/sass/theme/designer/components/misc/
portal-adminpy/ultima/assets/sass/theme/designer/components/._messages
portal-adminpy/ultima/assets/sass/theme/designer/components/messages/
portal-adminpy/ultima/assets/sass/theme/designer/components/._panel
portal-adminpy/ultima/assets/sass/theme/designer/components/panel/
tar: Ignoring unknown extended header keyword 'LIBARCHIVE.xattr.com.apple.provenance'
tar: Ignoring unknown extended header keyword 'LIBARCHIVE.xattr.com.apple.provenance'
tar: Ignoring unknown extended header keyword 'LIBARCHIVE.xattr.com.apple.provenance'
tar: Ignoring unknown extended header keyword 'LIBARCHIVE.xattr.com.apple.provenance'
tar: Ignoring unknown extended header keyword 'LIBARCHIVE.xattr.com.apple.provenance'
tar: Ignoring unknown extended header keyword 'LIBARCHIVE.xattr.com.apple.provenance'
tar: Ignoring unknown extended header keyword 'LIBARCHIVE.xattr.com.apple.provenance'
portal-adminpy/ultima/assets/sass/theme/designer/components/._file
portal-adminpy/ultima/assets/sass/theme/designer/components/file/
portal-adminpy/ultima/assets/sass/theme/designer/components/._input
portal-adminpy/ultima/assets/sass/theme/designer/components/input/
portal-adminpy/ultima/assets/sass/theme/designer/components/._button
portal-adminpy/ultima/assets/sass/theme/designer/components/button/
portal-adminpy/ultima/assets/sass/theme/designer/components/._menu
portal-adminpy/ultima/assets/sass/theme/designer/components/menu/
portal-adminpy/ultima/assets/sass/theme/designer/components/._multimedia
portal-adminpy/ultima/assets/sass/theme/designer/components/multimedia/
portal-adminpy/ultima/assets/sass/theme/designer/components/._overlay
portal-adminpy/ultima/assets/sass/theme/designer/components/overlay/
portal-adminpy/ultima/assets/sass/theme/designer/components/._data
portal-adminpy/ultima/assets/sass/theme/designer/components/data/
portal-adminpy/ultima/assets/sass/theme/designer/components/data/.__organizationchart.scss
portal-adminpy/ultima/assets/sass/theme/designer/components/data/_organizationchart.scss
portal-adminpy/ultima/assets/sass/theme/designer/components/data/.__picklist.scss
portal-adminpy/ultima/assets/sass/theme/designer/components/data/_picklist.scss
tar: Ignoring unknown extended header keyword 'LIBARCHIVE.xattr.com.apple.provenance'
tar: Ignoring unknown extended header keyword 'LIBARCHIVE.xattr.com.apple.provenance'
tar: Ignoring unknown extended header keyword 'LIBARCHIVE.xattr.com.apple.provenance'
tar: Ignoring unknown extended header keyword 'LIBARCHIVE.xattr.com.apple.provenance'
tar: Ignoring unknown extended header keyword 'LIBARCHIVE.xattr.com.apple.provenance'
tar: Ignoring unknown extended header keyword 'LIBARCHIVE.xattr.com.apple.provenance'
tar: Ignoring unknown extended header keyword 'LIBARCHIVE.xattr.com.apple.provenance'
tar: Ignoring unknown extended header keyword 'LIBARCHIVE.xattr.com.apple.provenance'
tar: Ignoring unknown extended header keyword 'LIBARCHIVE.xattr.com.apple.provenance'
portal-adminpy/ultima/assets/sass/theme/designer/components/data/.__treetable.scss
portal-adminpy/ultima/assets/sass/theme/designer/components/data/_treetable.scss
portal-adminpy/ultima/assets/sass/theme/designer/components/data/.__fullcalendar.scss
portal-adminpy/ultima/assets/sass/theme/designer/components/data/_fullcalendar.scss
portal-adminpy/ultima/assets/sass/theme/designer/components/data/.__carousel.scss
portal-adminpy/ultima/assets/sass/theme/designer/components/data/_carousel.scss
portal-adminpy/ultima/assets/sass/theme/designer/components/data/.__timeline.scss
portal-adminpy/ultima/assets/sass/theme/designer/components/data/_timeline.scss
portal-adminpy/ultima/assets/sass/theme/designer/components/data/.__virtualscroller.scss
portal-adminpy/ultima/assets/sass/theme/designer/components/data/_virtualscroller.scss
portal-adminpy/ultima/assets/sass/theme/designer/components/data/.__datatable.scss
portal-adminpy/ultima/assets/sass/theme/designer/components/data/_datatable.scss
portal-adminpy/ultima/assets/sass/theme/designer/components/data/.__orderlist.scss
portal-adminpy/ultima/assets/sass/theme/designer/components/data/_orderlist.scss
portal-adminpy/ultima/assets/sass/theme/designer/components/data/.__paginator.scss
portal-adminpy/ultima/assets/sass/theme/designer/components/data/_paginator.scss
tar: Ignoring unknown extended header keyword 'LIBARCHIVE.xattr.com.apple.provenance'
tar: Ignoring unknown extended header keyword 'LIBARCHIVE.xattr.com.apple.provenance'
tar: Ignoring unknown extended header keyword 'LIBARCHIVE.xattr.com.apple.provenance'
tar: Ignoring unknown extended header keyword 'LIBARCHIVE.xattr.com.apple.provenance'
tar: Ignoring unknown extended header keyword 'LIBARCHIVE.xattr.com.apple.provenance'
tar: Ignoring unknown extended header keyword 'LIBARCHIVE.xattr.com.apple.provenance'
tar: Ignoring unknown extended header keyword 'LIBARCHIVE.xattr.com.apple.provenance'
tar: Ignoring unknown extended header keyword 'LIBARCHIVE.xattr.com.apple.provenance'
portal-adminpy/ultima/assets/sass/theme/designer/components/data/.__dataview.scss
portal-adminpy/ultima/assets/sass/theme/designer/components/data/_dataview.scss
portal-adminpy/ultima/assets/sass/theme/designer/components/data/.__tree.scss
portal-adminpy/ultima/assets/sass/theme/designer/components/data/_tree.scss
portal-adminpy/ultima/assets/sass/theme/designer/components/data/.__filter.scss
portal-adminpy/ultima/assets/sass/theme/designer/components/data/_filter.scss
portal-adminpy/ultima/assets/sass/theme/designer/components/overlay/.__dialog.scss
portal-adminpy/ultima/assets/sass/theme/designer/components/overlay/_dialog.scss
portal-adminpy/ultima/assets/sass/theme/designer/components/overlay/.__overlaypanel.scss
portal-adminpy/ultima/assets/sass/theme/designer/components/overlay/_overlaypanel.scss
portal-adminpy/ultima/assets/sass/theme/designer/components/overlay/.__sidebar.scss
portal-adminpy/ultima/assets/sass/theme/designer/components/overlay/_sidebar.scss
portal-adminpy/ultima/assets/sass/theme/designer/components/overlay/.__tooltip.scss
portal-adminpy/ultima/assets/sass/theme/designer/components/overlay/_tooltip.scss
portal-adminpy/ultima/assets/sass/theme/designer/components/overlay/.__confirmpopup.scss
portal-adminpy/ultima/assets/sass/theme/designer/components/overlay/_confirmpopup.scss
portal-adminpy/ultima/assets/sass/theme/designer/components/multimedia/.__galleria.scss
portal-adminpy/ultima/assets/sass/theme/designer/components/multimedia/_galleria.scss
portal-adminpy/ultima/assets/sass/theme/designer/components/menu/.__menubar.scss
portal-adminpy/ultima/assets/sass/theme/designer/components/menu/_menubar.scss
portal-adminpy/ultima/assets/sass/theme/designer/components/menu/.__slidemenu.scss
portal-adminpy/ultima/assets/sass/theme/designer/components/menu/_slidemenu.scss
portal-adminpy/ultima/assets/sass/theme/designer/components/menu/.__contextmenu.scss
portal-adminpy/ultima/assets/sass/theme/designer/components/menu/_contextmenu.scss
portal-adminpy/ultima/assets/sass/theme/designer/components/menu/.__breadcrumb.scss
portal-adminpy/ultima/assets/sass/theme/designer/components/menu/_breadcrumb.scss
portal-adminpy/ultima/assets/sass/theme/designer/components/menu/.__tieredmenu.scss
portal-adminpy/ultima/assets/sass/theme/designer/components/menu/_tieredmenu.scss
portal-adminpy/ultima/assets/sass/theme/designer/components/menu/.__steps.scss
portal-adminpy/ultima/assets/sass/theme/designer/components/menu/_steps.scss
portal-adminpy/ultima/assets/sass/theme/designer/components/menu/.__tabmenu.scss
portal-adminpy/ultima/assets/sass/theme/designer/components/menu/_tabmenu.scss
portal-adminpy/ultima/assets/sass/theme/designer/components/menu/.__menu.scss
portal-adminpy/ultima/assets/sass/theme/designer/components/menu/_menu.scss
portal-adminpy/ultima/assets/sass/theme/designer/components/menu/.__panelmenu.scss
portal-adminpy/ultima/assets/sass/theme/designer/components/menu/_panelmenu.scss
portal-adminpy/ultima/assets/sass/theme/designer/components/menu/.__megamenu.scss
portal-adminpy/ultima/assets/sass/theme/designer/components/menu/_megamenu.scss
portal-adminpy/ultima/assets/sass/theme/designer/components/button/.__button.scss
portal-adminpy/ultima/assets/sass/theme/designer/components/button/_button.scss
portal-adminpy/ultima/assets/sass/theme/designer/components/button/.__splitbutton.scss
portal-adminpy/ultima/assets/sass/theme/designer/components/button/_splitbutton.scss
portal-adminpy/ultima/assets/sass/theme/designer/components/input/.__radiobutton.scss
portal-adminpy/ultima/assets/sass/theme/designer/components/input/_radiobutton.scss
portal-adminpy/ultima/assets/sass/theme/designer/components/input/.__checkbox.scss
portal-adminpy/ultima/assets/sass/theme/designer/components/input/_checkbox.scss
tar: Ignoring unknown extended header keyword 'LIBARCHIVE.xattr.com.apple.provenance'
tar: Ignoring unknown extended header keyword 'LIBARCHIVE.xattr.com.apple.provenance'
tar: Ignoring unknown extended header keyword 'LIBARCHIVE.xattr.com.apple.provenance'
tar: Ignoring unknown extended header keyword 'LIBARCHIVE.xattr.com.apple.provenance'
tar: Ignoring unknown extended header keyword 'LIBARCHIVE.xattr.com.apple.provenance'
tar: Ignoring unknown extended header keyword 'LIBARCHIVE.xattr.com.apple.provenance'
tar: Ignoring unknown extended header keyword 'LIBARCHIVE.xattr.com.apple.provenance'
tar: Ignoring unknown extended header keyword 'LIBARCHIVE.xattr.com.apple.provenance'
tar: Ignoring unknown extended header keyword 'LIBARCHIVE.xattr.com.apple.provenance'
tar: Ignoring unknown extended header keyword 'LIBARCHIVE.xattr.com.apple.provenance'
tar: Ignoring unknown extended header keyword 'LIBARCHIVE.xattr.com.apple.provenance'
tar: Ignoring unknown extended header keyword 'LIBARCHIVE.xattr.com.apple.provenance'
tar: Ignoring unknown extended header keyword 'LIBARCHIVE.xattr.com.apple.provenance'
tar: Ignoring unknown extended header keyword 'LIBARCHIVE.xattr.com.apple.provenance'
tar: Ignoring unknown extended header keyword 'LIBARCHIVE.xattr.com.apple.provenance'
tar: Ignoring unknown extended header keyword 'LIBARCHIVE.xattr.com.apple.provenance'
tar: Ignoring unknown extended header keyword 'LIBARCHIVE.xattr.com.apple.provenance'
tar: Ignoring unknown extended header keyword 'LIBARCHIVE.xattr.com.apple.provenance'
tar: Ignoring unknown extended header keyword 'LIBARCHIVE.xattr.com.apple.provenance'
tar: Ignoring unknown extended header keyword 'LIBARCHIVE.xattr.com.apple.provenance'
tar: Ignoring unknown extended header keyword 'LIBARCHIVE.xattr.com.apple.provenance'
tar: Ignoring unknown extended header keyword 'LIBARCHIVE.xattr.com.apple.provenance'
portal-adminpy/ultima/assets/sass/theme/designer/components/input/.__inputmask.scss
portal-adminpy/ultima/assets/sass/theme/designer/components/input/_inputmask.scss
portal-adminpy/ultima/assets/sass/theme/designer/components/input/.__inputgroup.scss
portal-adminpy/ultima/assets/sass/theme/designer/components/input/_inputgroup.scss
portal-adminpy/ultima/assets/sass/theme/designer/components/input/.__selectbutton.scss
portal-adminpy/ultima/assets/sass/theme/designer/components/input/_selectbutton.scss
portal-adminpy/ultima/assets/sass/theme/designer/components/input/.__inputtext.scss
portal-adminpy/ultima/assets/sass/theme/designer/components/input/_inputtext.scss
portal-adminpy/ultima/assets/sass/theme/designer/components/input/.__togglebutton.scss
portal-adminpy/ultima/assets/sass/theme/designer/components/input/_togglebutton.scss
portal-adminpy/ultima/assets/sass/theme/designer/components/input/.__editor.scss
portal-adminpy/ultima/assets/sass/theme/designer/components/input/_editor.scss
portal-adminpy/ultima/assets/sass/theme/designer/components/input/.__calendar.scss
portal-adminpy/ultima/assets/sass/theme/designer/components/input/_calendar.scss
portal-adminpy/ultima/assets/sass/theme/designer/components/input/.__cascadeselect.scss
portal-adminpy/ultima/assets/sass/theme/designer/components/input/_cascadeselect.scss
portal-adminpy/ultima/assets/sass/theme/designer/components/input/.__inputnumber.scss
portal-adminpy/ultima/assets/sass/theme/designer/components/input/_inputnumber.scss
portal-adminpy/ultima/assets/sass/theme/designer/components/input/.__password.scss
portal-adminpy/ultima/assets/sass/theme/designer/components/input/_password.scss
portal-adminpy/ultima/assets/sass/theme/designer/components/input/.__multiselect.scss
portal-adminpy/ultima/assets/sass/theme/designer/components/input/_multiselect.scss
portal-adminpy/ultima/assets/sass/theme/designer/components/input/.__chips.scss
portal-adminpy/ultima/assets/sass/theme/designer/components/input/_chips.scss
portal-adminpy/ultima/assets/sass/theme/designer/components/input/.__slider.scss
portal-adminpy/ultima/assets/sass/theme/designer/components/input/_slider.scss
portal-adminpy/ultima/assets/sass/theme/designer/components/input/.__rating.scss
portal-adminpy/ultima/assets/sass/theme/designer/components/input/_rating.scss
portal-adminpy/ultima/assets/sass/theme/designer/components/input/.__autocomplete.scss
portal-adminpy/ultima/assets/sass/theme/designer/components/input/_autocomplete.scss
portal-adminpy/ultima/assets/sass/theme/designer/components/input/.__colorpicker.scss
portal-adminpy/ultima/assets/sass/theme/designer/components/input/_colorpicker.scss
portal-adminpy/ultima/assets/sass/theme/designer/components/input/.__listbox.scss
portal-adminpy/ultima/assets/sass/theme/designer/components/input/_listbox.scss
portal-adminpy/ultima/assets/sass/theme/designer/components/input/.__dropdown.scss
portal-adminpy/ultima/assets/sass/theme/designer/components/input/_dropdown.scss
portal-adminpy/ultima/assets/sass/theme/designer/components/input/.__inputswitch.scss
portal-adminpy/ultima/assets/sass/theme/designer/components/input/_inputswitch.scss
portal-adminpy/ultima/assets/sass/theme/designer/components/file/.__fileupload.scss
portal-adminpy/ultima/assets/sass/theme/designer/components/file/_fileupload.scss
portal-adminpy/ultima/assets/sass/theme/designer/components/panel/.__accordion.scss
portal-adminpy/ultima/assets/sass/theme/designer/components/panel/_accordion.scss
portal-adminpy/ultima/assets/sass/theme/designer/components/panel/.__panel.scss
portal-adminpy/ultima/assets/sass/theme/designer/components/panel/_panel.scss
portal-adminpy/ultima/assets/sass/theme/designer/components/panel/.__card.scss
portal-adminpy/ultima/assets/sass/theme/designer/components/panel/_card.scss
portal-adminpy/ultima/assets/sass/theme/designer/components/panel/.__tabview.scss
portal-adminpy/ultima/assets/sass/theme/designer/components/panel/_tabview.scss
portal-adminpy/ultima/assets/sass/theme/designer/components/panel/.__scrollpanel.scss
portal-adminpy/ultima/assets/sass/theme/designer/components/panel/_scrollpanel.scss
portal-adminpy/ultima/assets/sass/theme/designer/components/panel/.__splitter.scss
portal-adminpy/ultima/assets/sass/theme/designer/components/panel/_splitter.scss
portal-adminpy/ultima/assets/sass/theme/designer/components/panel/.__toolbar.scss
portal-adminpy/ultima/assets/sass/theme/designer/components/panel/_toolbar.scss
portal-adminpy/ultima/assets/sass/theme/designer/components/panel/.__divider.scss
portal-adminpy/ultima/assets/sass/theme/designer/components/panel/_divider.scss
portal-adminpy/ultima/assets/sass/theme/designer/components/panel/.__fieldset.scss
portal-adminpy/ultima/assets/sass/theme/designer/components/panel/_fieldset.scss
portal-adminpy/ultima/assets/sass/theme/designer/components/messages/.__inlinemessage.scss
portal-adminpy/ultima/assets/sass/theme/designer/components/messages/_inlinemessage.scss
portal-adminpy/ultima/assets/sass/theme/designer/components/messages/.__message.scss
portal-adminpy/ultima/assets/sass/theme/designer/components/messages/_message.scss
portal-adminpy/ultima/assets/sass/theme/designer/components/messages/.__toast.scss
portal-adminpy/ultima/assets/sass/theme/designer/components/messages/_toast.scss
portal-adminpy/ultima/assets/sass/theme/designer/components/misc/.__progressbar.scss
portal-adminpy/ultima/assets/sass/theme/designer/components/misc/_progressbar.scss
portal-adminpy/ultima/assets/sass/theme/designer/components/misc/.__inplace.scss
portal-adminpy/ultima/assets/sass/theme/designer/components/misc/_inplace.scss
portal-adminpy/ultima/assets/sass/theme/designer/components/misc/.__skeleton.scss
portal-adminpy/ultima/assets/sass/theme/designer/components/misc/_skeleton.scss
portal-adminpy/ultima/assets/sass/theme/designer/components/misc/.__tag.scss
portal-adminpy/ultima/assets/sass/theme/designer/components/misc/_tag.scss
portal-adminpy/ultima/assets/sass/theme/designer/components/misc/.__blockui.scss
portal-adminpy/ultima/assets/sass/theme/designer/components/misc/_blockui.scss
portal-adminpy/ultima/assets/sass/theme/designer/components/misc/.__badge.scss
portal-adminpy/ultima/assets/sass/theme/designer/components/misc/_badge.scss
portal-adminpy/ultima/assets/sass/theme/designer/components/misc/.__avatar.scss
portal-adminpy/ultima/assets/sass/theme/designer/components/misc/_avatar.scss
portal-adminpy/ultima/assets/sass/theme/designer/components/misc/.__terminal.scss
portal-adminpy/ultima/assets/sass/theme/designer/components/misc/_terminal.scss
portal-adminpy/ultima/assets/sass/theme/designer/components/misc/.__chip.scss
portal-adminpy/ultima/assets/sass/theme/designer/components/misc/_chip.scss
portal-adminpy/ultima/assets/sass/theme/designer/components/misc/.__scrolltop.scss
portal-adminpy/ultima/assets/sass/theme/designer/components/misc/_scrolltop.scss
portal-adminpy/ultima/assets/sass/theme/extensions/.__progressbar.scss
portal-adminpy/ultima/assets/sass/theme/extensions/_progressbar.scss
portal-adminpy/ultima/assets/sass/theme/extensions/.__vendor_extensions.scss
portal-adminpy/ultima/assets/sass/theme/extensions/_vendor_extensions.scss
portal-adminpy/ultima/assets/sass/theme/extensions/.__radiobutton.scss
portal-adminpy/ultima/assets/sass/theme/extensions/_radiobutton.scss
portal-adminpy/ultima/assets/sass/theme/extensions/.__checkbox.scss
portal-adminpy/ultima/assets/sass/theme/extensions/_checkbox.scss
portal-adminpy/ultima/assets/sass/theme/extensions/.__inputmask.scss
portal-adminpy/ultima/assets/sass/theme/extensions/_inputmask.scss
portal-adminpy/ultima/assets/sass/theme/extensions/.__treetable.scss
portal-adminpy/ultima/assets/sass/theme/extensions/_treetable.scss
portal-adminpy/ultima/assets/sass/theme/extensions/.__carousel.scss
portal-adminpy/ultima/assets/sass/theme/extensions/_carousel.scss
portal-adminpy/ultima/assets/sass/theme/extensions/.__timeline.scss
portal-adminpy/ultima/assets/sass/theme/extensions/_timeline.scss
portal-adminpy/ultima/assets/sass/theme/extensions/.__float_label.scss
portal-adminpy/ultima/assets/sass/theme/extensions/_float_label.scss
portal-adminpy/ultima/assets/sass/theme/extensions/.__inputgroup.scss
portal-adminpy/ultima/assets/sass/theme/extensions/_inputgroup.scss
portal-adminpy/ultima/assets/sass/theme/extensions/.__steps.scss
portal-adminpy/ultima/assets/sass/theme/extensions/_steps.scss
portal-adminpy/ultima/assets/sass/theme/extensions/.__selectbutton.scss
portal-adminpy/ultima/assets/sass/theme/extensions/_selectbutton.scss
portal-adminpy/ultima/assets/sass/theme/extensions/.__accordion.scss
portal-adminpy/ultima/assets/sass/theme/extensions/_accordion.scss
portal-adminpy/ultima/assets/sass/theme/extensions/.__togglebutton.scss
portal-adminpy/ultima/assets/sass/theme/extensions/_togglebutton.scss
portal-adminpy/ultima/assets/sass/theme/extensions/.__tabmenu.scss
portal-adminpy/ultima/assets/sass/theme/extensions/_tabmenu.scss
portal-adminpy/ultima/assets/sass/theme/extensions/.__button.scss
portal-adminpy/ultima/assets/sass/theme/extensions/_button.scss
portal-adminpy/ultima/assets/sass/theme/extensions/.__calendar.scss
portal-adminpy/ultima/assets/sass/theme/extensions/_calendar.scss
portal-adminpy/ultima/assets/sass/theme/extensions/.__cascadeselect.scss
portal-adminpy/ultima/assets/sass/theme/extensions/_cascadeselect.scss
portal-adminpy/ultima/assets/sass/theme/extensions/.__datatable.scss
portal-adminpy/ultima/assets/sass/theme/extensions/_datatable.scss
portal-adminpy/ultima/assets/sass/theme/extensions/.__inputnumber.scss
portal-adminpy/ultima/assets/sass/theme/extensions/_inputnumber.scss
portal-adminpy/ultima/assets/sass/theme/extensions/.__panel.scss
portal-adminpy/ultima/assets/sass/theme/extensions/_panel.scss
portal-adminpy/ultima/assets/sass/theme/extensions/.__overlaypanel.scss
portal-adminpy/ultima/assets/sass/theme/extensions/_overlaypanel.scss
tar: Ignoring unknown extended header keyword 'LIBARCHIVE.xattr.com.apple.provenance'
tar: Ignoring unknown extended header keyword 'LIBARCHIVE.xattr.com.apple.provenance'
tar: Ignoring unknown extended header keyword 'LIBARCHIVE.xattr.com.apple.provenance'
tar: Ignoring unknown extended header keyword 'LIBARCHIVE.xattr.com.apple.provenance'
tar: Ignoring unknown extended header keyword 'LIBARCHIVE.xattr.com.apple.provenance'
tar: Ignoring unknown extended header keyword 'LIBARCHIVE.xattr.com.apple.provenance'
tar: Ignoring unknown extended header keyword 'LIBARCHIVE.xattr.com.apple.provenance'
tar: Ignoring unknown extended header keyword 'LIBARCHIVE.xattr.com.apple.provenance'
tar: Ignoring unknown extended header keyword 'LIBARCHIVE.xattr.com.apple.provenance'
tar: Ignoring unknown extended header keyword 'LIBARCHIVE.xattr.com.apple.provenance'
tar: Ignoring unknown extended header keyword 'LIBARCHIVE.xattr.com.apple.provenance'
tar: Ignoring unknown extended header keyword 'LIBARCHIVE.xattr.com.apple.provenance'
tar: Ignoring unknown extended header keyword 'LIBARCHIVE.xattr.com.apple.provenance'
tar: Ignoring unknown extended header keyword 'LIBARCHIVE.xattr.com.apple.provenance'
tar: Ignoring unknown extended header keyword 'LIBARCHIVE.xattr.com.apple.provenance'
tar: Ignoring unknown extended header keyword 'LIBARCHIVE.xattr.com.apple.provenance'
tar: Ignoring unknown extended header keyword 'LIBARCHIVE.xattr.com.apple.provenance'
tar: Ignoring unknown extended header keyword 'LIBARCHIVE.xattr.com.apple.provenance'
tar: Ignoring unknown extended header keyword 'LIBARCHIVE.xattr.com.apple.provenance'
tar: Ignoring unknown extended header keyword 'LIBARCHIVE.xattr.com.apple.provenance'
tar: Ignoring unknown extended header keyword 'LIBARCHIVE.xattr.com.apple.provenance'
tar: Ignoring unknown extended header keyword 'LIBARCHIVE.xattr.com.apple.provenance'
tar: Ignoring unknown extended header keyword 'LIBARCHIVE.xattr.com.apple.provenance'
tar: Ignoring unknown extended header keyword 'LIBARCHIVE.xattr.com.apple.provenance'
tar: Ignoring unknown extended header keyword 'LIBARCHIVE.xattr.com.apple.provenance'
tar: Ignoring unknown extended header keyword 'LIBARCHIVE.xattr.com.apple.provenance'
tar: Ignoring unknown extended header keyword 'LIBARCHIVE.xattr.com.apple.provenance'
tar: Ignoring unknown extended header keyword 'LIBARCHIVE.xattr.com.apple.provenance'
tar: Ignoring unknown extended header keyword 'LIBARCHIVE.xattr.com.apple.provenance'
tar: Ignoring unknown extended header keyword 'LIBARCHIVE.xattr.com.apple.provenance'
tar: Ignoring unknown extended header keyword 'LIBARCHIVE.xattr.com.apple.provenance'
tar: Ignoring unknown extended header keyword 'LIBARCHIVE.xattr.com.apple.provenance'
tar: Ignoring unknown extended header keyword 'LIBARCHIVE.xattr.com.apple.provenance'
tar: Ignoring unknown extended header keyword 'LIBARCHIVE.xattr.com.apple.provenance'
tar: Ignoring unknown extended header keyword 'LIBARCHIVE.xattr.com.apple.provenance'
tar: Ignoring unknown extended header keyword 'LIBARCHIVE.xattr.com.apple.provenance'
tar: Ignoring unknown extended header keyword 'LIBARCHIVE.xattr.com.apple.provenance'
tar: Ignoring unknown extended header keyword 'LIBARCHIVE.xattr.com.apple.provenance'
tar: Ignoring unknown extended header keyword 'LIBARCHIVE.xattr.com.apple.provenance'
tar: Ignoring unknown extended header keyword 'LIBARCHIVE.xattr.com.apple.provenance'
tar: Ignoring unknown extended header keyword 'LIBARCHIVE.xattr.com.apple.provenance'
tar: Ignoring unknown extended header keyword 'LIBARCHIVE.xattr.com.apple.provenance'
tar: Ignoring unknown extended header keyword 'LIBARCHIVE.xattr.com.apple.provenance'
tar: Ignoring unknown extended header keyword 'LIBARCHIVE.xattr.com.apple.provenance'
tar: Ignoring unknown extended header keyword 'LIBARCHIVE.xattr.com.apple.provenance'
tar: Ignoring unknown extended header keyword 'LIBARCHIVE.xattr.com.apple.provenance'
tar: Ignoring unknown extended header keyword 'LIBARCHIVE.xattr.com.apple.provenance'
tar: Ignoring unknown extended header keyword 'LIBARCHIVE.xattr.com.apple.provenance'
tar: Ignoring unknown extended header keyword 'LIBARCHIVE.xattr.com.apple.provenance'
tar: Ignoring unknown extended header keyword 'LIBARCHIVE.xattr.com.apple.provenance'
tar: Ignoring unknown extended header keyword 'LIBARCHIVE.xattr.com.apple.provenance'
tar: Ignoring unknown extended header keyword 'LIBARCHIVE.xattr.com.apple.provenance'
tar: Ignoring unknown extended header keyword 'LIBARCHIVE.xattr.com.apple.provenance'
tar: Ignoring unknown extended header keyword 'LIBARCHIVE.xattr.com.apple.provenance'
tar: Ignoring unknown extended header keyword 'LIBARCHIVE.xattr.com.apple.provenance'
tar: Ignoring unknown extended header keyword 'LIBARCHIVE.xattr.com.apple.provenance'
tar: Ignoring unknown extended header keyword 'LIBARCHIVE.xattr.com.apple.provenance'
tar: Ignoring unknown extended header keyword 'LIBARCHIVE.xattr.com.apple.provenance'
tar: Ignoring unknown extended header keyword 'LIBARCHIVE.xattr.com.apple.provenance'
tar: Ignoring unknown extended header keyword 'LIBARCHIVE.xattr.com.apple.provenance'
tar: Ignoring unknown extended header keyword 'LIBARCHIVE.xattr.com.apple.provenance'
tar: Ignoring unknown extended header keyword 'LIBARCHIVE.xattr.com.apple.provenance'
tar: Ignoring unknown extended header keyword 'LIBARCHIVE.xattr.com.apple.provenance'
tar: Ignoring unknown extended header keyword 'LIBARCHIVE.xattr.com.apple.provenance'
portal-adminpy/ultima/assets/sass/theme/extensions/.__paginator.scss
portal-adminpy/ultima/assets/sass/theme/extensions/_paginator.scss
portal-adminpy/ultima/assets/sass/theme/extensions/.__galleria.scss
portal-adminpy/ultima/assets/sass/theme/extensions/_galleria.scss
portal-adminpy/ultima/assets/sass/theme/extensions/.__input.scss
portal-adminpy/ultima/assets/sass/theme/extensions/_input.scss
portal-adminpy/ultima/assets/sass/theme/extensions/.__tabview.scss
portal-adminpy/ultima/assets/sass/theme/extensions/_tabview.scss
portal-adminpy/ultima/assets/sass/theme/extensions/.__multiselect.scss
portal-adminpy/ultima/assets/sass/theme/extensions/_multiselect.scss
portal-adminpy/ultima/assets/sass/theme/extensions/.__chips.scss
portal-adminpy/ultima/assets/sass/theme/extensions/_chips.scss
portal-adminpy/ultima/assets/sass/theme/extensions/.__mixins.scss
portal-adminpy/ultima/assets/sass/theme/extensions/_mixins.scss
portal-adminpy/ultima/assets/sass/theme/extensions/.__slider.scss
portal-adminpy/ultima/assets/sass/theme/extensions/_slider.scss
portal-adminpy/ultima/assets/sass/theme/extensions/.__panelmenu.scss
portal-adminpy/ultima/assets/sass/theme/extensions/_panelmenu.scss
portal-adminpy/ultima/assets/sass/theme/extensions/.__autocomplete.scss
portal-adminpy/ultima/assets/sass/theme/extensions/_autocomplete.scss
portal-adminpy/ultima/assets/sass/theme/extensions/.__tooltip.scss
portal-adminpy/ultima/assets/sass/theme/extensions/_tooltip.scss
portal-adminpy/ultima/assets/sass/theme/extensions/.__toolbar.scss
portal-adminpy/ultima/assets/sass/theme/extensions/_toolbar.scss
portal-adminpy/ultima/assets/sass/theme/extensions/.__listbox.scss
portal-adminpy/ultima/assets/sass/theme/extensions/_listbox.scss
portal-adminpy/ultima/assets/sass/theme/extensions/.__dropdown.scss
portal-adminpy/ultima/assets/sass/theme/extensions/_dropdown.scss
portal-adminpy/ultima/assets/sass/theme/extensions/.__inputswitch.scss
portal-adminpy/ultima/assets/sass/theme/extensions/_inputswitch.scss
portal-adminpy/ultima/assets/sass/theme/extensions/.__fieldset.scss
portal-adminpy/ultima/assets/sass/theme/extensions/_fieldset.scss
portal-adminpy/ultima/assets/sass/layout/.__typography.scss
portal-adminpy/ultima/assets/sass/layout/_typography.scss
portal-adminpy/ultima/assets/sass/layout/._core
portal-adminpy/ultima/assets/sass/layout/core/
portal-adminpy/ultima/assets/sass/layout/.__breadcrumb.scss
portal-adminpy/ultima/assets/sass/layout/_breadcrumb.scss
portal-adminpy/ultima/assets/sass/layout/.__pages.scss
portal-adminpy/ultima/assets/sass/layout/_pages.scss
portal-adminpy/ultima/assets/sass/layout/.__rightmenu.scss
portal-adminpy/ultima/assets/sass/layout/_rightmenu.scss
portal-adminpy/ultima/assets/sass/layout/.__utils.scss
portal-adminpy/ultima/assets/sass/layout/_utils.scss
tar: Ignoring unknown extended header keyword 'LIBARCHIVE.xattr.com.apple.provenance'
tar: Ignoring unknown extended header keyword 'LIBARCHIVE.xattr.com.apple.provenance'
tar: Ignoring unknown extended header keyword 'LIBARCHIVE.xattr.com.apple.provenance'
tar: Ignoring unknown extended header keyword 'LIBARCHIVE.xattr.com.apple.provenance'
tar: Ignoring unknown extended header keyword 'LIBARCHIVE.xattr.com.apple.provenance'
tar: Ignoring unknown extended header keyword 'LIBARCHIVE.xattr.com.apple.provenance'
tar: Ignoring unknown extended header keyword 'LIBARCHIVE.xattr.com.apple.provenance'
tar: Ignoring unknown extended header keyword 'LIBARCHIVE.xattr.com.apple.provenance'
tar: Ignoring unknown extended header keyword 'LIBARCHIVE.xattr.com.apple.provenance'
tar: Ignoring unknown extended header keyword 'LIBARCHIVE.xattr.com.apple.provenance'
tar: Ignoring unknown extended header keyword 'LIBARCHIVE.xattr.com.apple.provenance'
tar: Ignoring unknown extended header keyword 'LIBARCHIVE.xattr.com.apple.provenance'
tar: Ignoring unknown extended header keyword 'LIBARCHIVE.xattr.com.apple.provenance'
tar: Ignoring unknown extended header keyword 'LIBARCHIVE.xattr.com.apple.provenance'
tar: Ignoring unknown extended header keyword 'LIBARCHIVE.xattr.com.apple.provenance'
tar: Ignoring unknown extended header keyword 'LIBARCHIVE.xattr.com.apple.provenance'
tar: Ignoring unknown extended header keyword 'LIBARCHIVE.xattr.com.apple.provenance'
tar: Ignoring unknown extended header keyword 'LIBARCHIVE.xattr.com.apple.provenance'
tar: Ignoring unknown extended header keyword 'LIBARCHIVE.xattr.com.apple.provenance'
tar: Ignoring unknown extended header keyword 'LIBARCHIVE.xattr.com.apple.provenance'
tar: Ignoring unknown extended header keyword 'LIBARCHIVE.xattr.com.apple.provenance'
tar: Ignoring unknown extended header keyword 'LIBARCHIVE.xattr.com.apple.provenance'
tar: Ignoring unknown extended header keyword 'LIBARCHIVE.xattr.com.apple.provenance'
portal-adminpy/ultima/assets/sass/layout/.__loader.scss
portal-adminpy/ultima/assets/sass/layout/_loader.scss
portal-adminpy/ultima/assets/sass/layout/.__invoice.scss
portal-adminpy/ultima/assets/sass/layout/_invoice.scss
portal-adminpy/ultima/assets/sass/layout/.__dashboard.scss
portal-adminpy/ultima/assets/sass/layout/_dashboard.scss
portal-adminpy/ultima/assets/sass/layout/.__widgets.scss
portal-adminpy/ultima/assets/sass/layout/_widgets.scss
portal-adminpy/ultima/assets/sass/layout/.__main.scss
portal-adminpy/ultima/assets/sass/layout/_main.scss
portal-adminpy/ultima/assets/sass/layout/.__wizard.scss
portal-adminpy/ultima/assets/sass/layout/_wizard.scss
portal-adminpy/ultima/assets/sass/layout/._menu
portal-adminpy/ultima/assets/sass/layout/menu/
portal-adminpy/ultima/assets/sass/layout/.__animation.scss
portal-adminpy/ultima/assets/sass/layout/_animation.scss
portal-adminpy/ultima/assets/sass/layout/.__config.scss
portal-adminpy/ultima/assets/sass/layout/_config.scss
portal-adminpy/ultima/assets/sass/layout/.__mixins.scss
portal-adminpy/ultima/assets/sass/layout/_mixins.scss
portal-adminpy/ultima/assets/sass/layout/.__landing.scss
portal-adminpy/ultima/assets/sass/layout/_landing.scss
portal-adminpy/ultima/assets/sass/layout/.__footer.scss
portal-adminpy/ultima/assets/sass/layout/_footer.scss
portal-adminpy/ultima/assets/sass/layout/._topbar
portal-adminpy/ultima/assets/sass/layout/topbar/
portal-adminpy/ultima/assets/sass/layout/.__rtl.scss
portal-adminpy/ultima/assets/sass/layout/_rtl.scss
portal-adminpy/ultima/assets/sass/layout/.__help.scss
portal-adminpy/ultima/assets/sass/layout/_help.scss
portal-adminpy/ultima/assets/sass/layout/.__megamenu.scss
portal-adminpy/ultima/assets/sass/layout/_megamenu.scss
portal-adminpy/ultima/assets/sass/layout/topbar/.__topbar_common.scss
portal-adminpy/ultima/assets/sass/layout/topbar/_topbar_common.scss
portal-adminpy/ultima/assets/sass/layout/topbar/.__topbar_exports.scss
portal-adminpy/ultima/assets/sass/layout/topbar/_topbar_exports.scss
portal-adminpy/ultima/assets/sass/layout/topbar/.__rtl_topbar.scss
portal-adminpy/ultima/assets/sass/layout/topbar/_rtl_topbar.scss
portal-adminpy/ultima/assets/sass/layout/topbar/.__topbar_responsive.scss
portal-adminpy/ultima/assets/sass/layout/topbar/_topbar_responsive.scss
portal-adminpy/ultima/assets/sass/layout/topbar/.__topbar.scss
portal-adminpy/ultima/assets/sass/layout/topbar/_topbar.scss
portal-adminpy/ultima/assets/sass/layout/topbar/._themes
portal-adminpy/ultima/assets/sass/layout/topbar/themes/
portal-adminpy/ultima/assets/sass/layout/topbar/.__topbar_theme.scss
portal-adminpy/ultima/assets/sass/layout/topbar/_topbar_theme.scss
portal-adminpy/ultima/assets/sass/layout/topbar/themes/.__topbar_yellow.scss
portal-adminpy/ultima/assets/sass/layout/topbar/themes/_topbar_yellow.scss
portal-adminpy/ultima/assets/sass/layout/topbar/themes/.__topbar_orange.scss
portal-adminpy/ultima/assets/sass/layout/topbar/themes/_topbar_orange.scss
portal-adminpy/ultima/assets/sass/layout/topbar/themes/.__topbar_teal.scss
portal-adminpy/ultima/assets/sass/layout/topbar/themes/_topbar_teal.scss
portal-adminpy/ultima/assets/sass/layout/topbar/themes/.__topbar_purple.scss
portal-adminpy/ultima/assets/sass/layout/topbar/themes/_topbar_purple.scss
portal-adminpy/ultima/assets/sass/layout/topbar/themes/.__topbar_white.scss
portal-adminpy/ultima/assets/sass/layout/topbar/themes/_topbar_white.scss
portal-adminpy/ultima/assets/sass/layout/topbar/themes/.__topbar_pink.scss
portal-adminpy/ultima/assets/sass/layout/topbar/themes/_topbar_pink.scss
portal-adminpy/ultima/assets/sass/layout/topbar/themes/.__topbar_lightblue.scss
portal-adminpy/ultima/assets/sass/layout/topbar/themes/_topbar_lightblue.scss
tar: Ignoring unknown extended header keyword 'LIBARCHIVE.xattr.com.apple.provenance'
tar: Ignoring unknown extended header keyword 'LIBARCHIVE.xattr.com.apple.provenance'
tar: Ignoring unknown extended header keyword 'LIBARCHIVE.xattr.com.apple.provenance'
tar: Ignoring unknown extended header keyword 'LIBARCHIVE.xattr.com.apple.provenance'
tar: Ignoring unknown extended header keyword 'LIBARCHIVE.xattr.com.apple.provenance'
tar: Ignoring unknown extended header keyword 'LIBARCHIVE.xattr.com.apple.provenance'
tar: Ignoring unknown extended header keyword 'LIBARCHIVE.xattr.com.apple.provenance'
tar: Ignoring unknown extended header keyword 'LIBARCHIVE.xattr.com.apple.provenance'
tar: Ignoring unknown extended header keyword 'LIBARCHIVE.xattr.com.apple.provenance'
tar: Ignoring unknown extended header keyword 'LIBARCHIVE.xattr.com.apple.provenance'
tar: Ignoring unknown extended header keyword 'LIBARCHIVE.xattr.com.apple.provenance'
tar: Ignoring unknown extended header keyword 'LIBARCHIVE.xattr.com.apple.provenance'
tar: Ignoring unknown extended header keyword 'LIBARCHIVE.xattr.com.apple.provenance'
tar: Ignoring unknown extended header keyword 'LIBARCHIVE.xattr.com.apple.provenance'
tar: Ignoring unknown extended header keyword 'LIBARCHIVE.xattr.com.apple.provenance'
tar: Ignoring unknown extended header keyword 'LIBARCHIVE.xattr.com.apple.provenance'
tar: Ignoring unknown extended header keyword 'LIBARCHIVE.xattr.com.apple.provenance'
tar: Ignoring unknown extended header keyword 'LIBARCHIVE.xattr.com.apple.provenance'
tar: Ignoring unknown extended header keyword 'LIBARCHIVE.xattr.com.apple.provenance'
tar: Ignoring unknown extended header keyword 'LIBARCHIVE.xattr.com.apple.provenance'
tar: Ignoring unknown extended header keyword 'LIBARCHIVE.xattr.com.apple.provenance'
tar: Ignoring unknown extended header keyword 'LIBARCHIVE.xattr.com.apple.provenance'
tar: Ignoring unknown extended header keyword 'LIBARCHIVE.xattr.com.apple.provenance'
tar: Ignoring unknown extended header keyword 'LIBARCHIVE.xattr.com.apple.provenance'
tar: Ignoring unknown extended header keyword 'LIBARCHIVE.xattr.com.apple.provenance'
tar: Ignoring unknown extended header keyword 'LIBARCHIVE.xattr.com.apple.provenance'
tar: Ignoring unknown extended header keyword 'LIBARCHIVE.xattr.com.apple.provenance'
tar: Ignoring unknown extended header keyword 'LIBARCHIVE.xattr.com.apple.provenance'
tar: Ignoring unknown extended header keyword 'LIBARCHIVE.xattr.com.apple.provenance'
tar: Ignoring unknown extended header keyword 'LIBARCHIVE.xattr.com.apple.provenance'
portal-adminpy/ultima/assets/sass/layout/topbar/themes/.__topbar_grey.scss
portal-adminpy/ultima/assets/sass/layout/topbar/themes/_topbar_grey.scss
portal-adminpy/ultima/assets/sass/layout/topbar/themes/.__topbar_dark.scss
portal-adminpy/ultima/assets/sass/layout/topbar/themes/_topbar_dark.scss
portal-adminpy/ultima/assets/sass/layout/topbar/themes/.__topbar_cyan.scss
tar: Ignoring unknown extended header keyword 'LIBARCHIVE.xattr.com.apple.provenance'
tar: Ignoring unknown extended header keyword 'LIBARCHIVE.xattr.com.apple.provenance'
tar: Ignoring unknown extended header keyword 'LIBARCHIVE.xattr.com.apple.provenance'
portal-adminpy/ultima/assets/sass/layout/topbar/themes/_topbar_cyan.scss
portal-adminpy/ultima/assets/sass/layout/topbar/themes/.__topbar_bluegrey.scss
portal-adminpy/ultima/assets/sass/layout/topbar/themes/_topbar_bluegrey.scss
portal-adminpy/ultima/assets/sass/layout/topbar/themes/.__topbar_deeppurple.scss
portal-adminpy/ultima/assets/sass/layout/topbar/themes/_topbar_deeppurple.scss
tar: Ignoring unknown extended header keyword 'LIBARCHIVE.xattr.com.apple.provenance'
tar: Ignoring unknown extended header keyword 'LIBARCHIVE.xattr.com.apple.provenance'
portal-adminpy/ultima/assets/sass/layout/topbar/themes/.__topbar_brown.scss
portal-adminpy/ultima/assets/sass/layout/topbar/themes/_topbar_brown.scss
portal-adminpy/ultima/assets/sass/layout/topbar/themes/.__topbar_green.scss
portal-adminpy/ultima/assets/sass/layout/topbar/themes/_topbar_green.scss
portal-adminpy/ultima/assets/sass/layout/topbar/themes/.__topbar_lime.scss
portal-adminpy/ultima/assets/sass/layout/topbar/themes/_topbar_lime.scss
portal-adminpy/ultima/assets/sass/layout/topbar/themes/.__topbar_deeporange.scss
portal-adminpy/ultima/assets/sass/layout/topbar/themes/_topbar_deeporange.scss
portal-adminpy/ultima/assets/sass/layout/topbar/themes/.__topbar_blue.scss
portal-adminpy/ultima/assets/sass/layout/topbar/themes/_topbar_blue.scss
portal-adminpy/ultima/assets/sass/layout/topbar/themes/.__topbar_indigo.scss
portal-adminpy/ultima/assets/sass/layout/topbar/themes/_topbar_indigo.scss
portal-adminpy/ultima/assets/sass/layout/topbar/themes/.__topbar_amber.scss
portal-adminpy/ultima/assets/sass/layout/topbar/themes/_topbar_amber.scss
portal-adminpy/ultima/assets/sass/layout/topbar/themes/.__topbar_lightgreen.scss
portal-adminpy/ultima/assets/sass/layout/topbar/themes/_topbar_lightgreen.scss
portal-adminpy/ultima/assets/sass/layout/menu/.__menu_exports.scss
portal-adminpy/ultima/assets/sass/layout/menu/_menu_exports.scss
portal-adminpy/ultima/assets/sass/layout/menu/.__menu_overlay.scss
portal-adminpy/ultima/assets/sass/layout/menu/_menu_overlay.scss
portal-adminpy/ultima/assets/sass/layout/menu/.__menu_horizontal.scss
portal-adminpy/ultima/assets/sass/layout/menu/_menu_horizontal.scss
portal-adminpy/ultima/assets/sass/layout/menu/.__menu_slim.scss
portal-adminpy/ultima/assets/sass/layout/menu/_menu_slim.scss
tar: Ignoring unknown extended header keyword 'LIBARCHIVE.xattr.com.apple.provenance'
tar: Ignoring unknown extended header keyword 'LIBARCHIVE.xattr.com.apple.provenance'
tar: Ignoring unknown extended header keyword 'LIBARCHIVE.xattr.com.apple.provenance'
tar: Ignoring unknown extended header keyword 'LIBARCHIVE.xattr.com.apple.provenance'
tar: Ignoring unknown extended header keyword 'LIBARCHIVE.xattr.com.apple.provenance'
tar: Ignoring unknown extended header keyword 'LIBARCHIVE.xattr.com.apple.provenance'
tar: Ignoring unknown extended header keyword 'LIBARCHIVE.xattr.com.apple.provenance'
tar: Ignoring unknown extended header keyword 'LIBARCHIVE.xattr.com.apple.provenance'
tar: Ignoring unknown extended header keyword 'LIBARCHIVE.xattr.com.apple.provenance'
tar: Ignoring unknown extended header keyword 'LIBARCHIVE.xattr.com.apple.provenance'
tar: Ignoring unknown extended header keyword 'LIBARCHIVE.xattr.com.apple.provenance'
tar: Ignoring unknown extended header keyword 'LIBARCHIVE.xattr.com.apple.provenance'
portal-adminpy/ultima/assets/sass/layout/menu/.__menu.scss
portal-adminpy/ultima/assets/sass/layout/menu/_menu.scss
portal-adminpy/ultima/assets/sass/layout/menu/.__menu_static.scss
portal-adminpy/ultima/assets/sass/layout/menu/_menu_static.scss
portal-adminpy/ultima/assets/sass/layout/menu/.__menu_theme.scss
portal-adminpy/ultima/assets/sass/layout/menu/_menu_theme.scss
portal-adminpy/ultima/assets/sass/layout/menu/.__menu_common.scss
portal-adminpy/ultima/assets/sass/layout/menu/_menu_common.scss
portal-adminpy/ultima/assets/sass/layout/menu/._themes
portal-adminpy/ultima/assets/sass/layout/menu/themes/
portal-adminpy/ultima/assets/sass/layout/menu/.__rtl_menu.scss
portal-adminpy/ultima/assets/sass/layout/menu/_rtl_menu.scss
portal-adminpy/ultima/assets/sass/layout/menu/.__inline_menu.scss
portal-adminpy/ultima/assets/sass/layout/menu/_inline_menu.scss
portal-adminpy/ultima/assets/sass/layout/menu/.__menu_responsive.scss
portal-adminpy/ultima/assets/sass/layout/menu/_menu_responsive.scss
portal-adminpy/ultima/assets/sass/layout/menu/themes/.__menu_pink.scss
portal-adminpy/ultima/assets/sass/layout/menu/themes/_menu_pink.scss
tar: Ignoring unknown extended header keyword 'LIBARCHIVE.xattr.com.apple.provenance'
tar: Ignoring unknown extended header keyword 'LIBARCHIVE.xattr.com.apple.provenance'
tar: Ignoring unknown extended header keyword 'LIBARCHIVE.xattr.com.apple.provenance'
tar: Ignoring unknown extended header keyword 'LIBARCHIVE.xattr.com.apple.provenance'
tar: Ignoring unknown extended header keyword 'LIBARCHIVE.xattr.com.apple.provenance'
tar: Ignoring unknown extended header keyword 'LIBARCHIVE.xattr.com.apple.provenance'
tar: Ignoring unknown extended header keyword 'LIBARCHIVE.xattr.com.apple.provenance'
tar: Ignoring unknown extended header keyword 'LIBARCHIVE.xattr.com.apple.provenance'
tar: Ignoring unknown extended header keyword 'LIBARCHIVE.xattr.com.apple.provenance'
portal-adminpy/ultima/assets/sass/layout/menu/themes/.__menu_light.scss
portal-adminpy/ultima/assets/sass/layout/menu/themes/_menu_light.scss
portal-adminpy/ultima/assets/sass/layout/menu/themes/.__menu_teal.scss
portal-adminpy/ultima/assets/sass/layout/menu/themes/_menu_teal.scss
portal-adminpy/ultima/assets/sass/layout/menu/themes/.__menu_dark.scss
tar: Ignoring unknown extended header keyword 'LIBARCHIVE.xattr.com.apple.provenance'
tar: Ignoring unknown extended header keyword 'LIBARCHIVE.xattr.com.apple.provenance'
portal-adminpy/ultima/assets/sass/layout/menu/themes/_menu_dark.scss
portal-adminpy/ultima/assets/sass/layout/menu/themes/.__menu_indigo.scss
tar: Ignoring unknown extended header keyword 'LIBARCHIVE.xattr.com.apple.provenance'
tar: Ignoring unknown extended header keyword 'LIBARCHIVE.xattr.com.apple.provenance'
portal-adminpy/ultima/assets/sass/layout/menu/themes/_menu_indigo.scss
portal-adminpy/ultima/assets/sass/layout/menu/themes/.__menu_purple.scss
portal-adminpy/ultima/assets/sass/layout/menu/themes/_menu_purple.scss
portal-adminpy/ultima/assets/sass/layout/menu/themes/.__menu_deeppurple.scss
portal-adminpy/ultima/assets/sass/layout/menu/themes/_menu_deeppurple.scss
portal-adminpy/ultima/assets/sass/layout/menu/themes/.__menu_bluegrey.scss
portal-adminpy/ultima/assets/sass/layout/menu/themes/_menu_bluegrey.scss
tar: Ignoring unknown extended header keyword 'LIBARCHIVE.xattr.com.apple.provenance'
tar: Ignoring unknown extended header keyword 'LIBARCHIVE.xattr.com.apple.provenance'
tar: Ignoring unknown extended header keyword 'LIBARCHIVE.xattr.com.apple.provenance'
portal-adminpy/ultima/assets/sass/layout/menu/themes/.__menu_deeporange.scss
portal-adminpy/ultima/assets/sass/layout/menu/themes/_menu_deeporange.scss
portal-adminpy/ultima/assets/sass/layout/menu/themes/.__menu_cyan.scss
portal-adminpy/ultima/assets/sass/layout/menu/themes/_menu_cyan.scss
portal-adminpy/ultima/assets/sass/layout/menu/themes/.__menu_green.scss
portal-adminpy/ultima/assets/sass/layout/menu/themes/_menu_green.scss
portal-adminpy/ultima/assets/sass/layout/menu/themes/.__menu_brown.scss
portal-adminpy/ultima/assets/sass/layout/menu/themes/_menu_brown.scss
portal-adminpy/ultima/assets/sass/layout/core/.__layout.scss
tar: Ignoring unknown extended header keyword 'LIBARCHIVE.xattr.com.apple.provenance'
tar: Ignoring unknown extended header keyword 'LIBARCHIVE.xattr.com.apple.provenance'
tar: Ignoring unknown extended header keyword 'LIBARCHIVE.xattr.com.apple.provenance'
tar: Ignoring unknown extended header keyword 'LIBARCHIVE.xattr.com.apple.provenance'
portal-adminpy/ultima/assets/sass/layout/core/_layout.scss
portal-adminpy/ultima/assets/sass/layout/core/.__layout_light.scss
portal-adminpy/ultima/assets/sass/layout/core/_layout_light.scss
portal-adminpy/ultima/assets/sass/layout/core/.__layout_dark.scss
portal-adminpy/ultima/assets/sass/layout/core/_layout_dark.scss
portal-adminpy/ultima/assets/sass/overrides/.__layout_styles.scss
portal-adminpy/ultima/assets/sass/overrides/_layout_styles.scss
portal-adminpy/ultima/assets/sass/overrides/.__theme_styles.scss
portal-adminpy/ultima/assets/sass/overrides/_theme_styles.scss
portal-adminpy/ultima/assets/sass/overrides/.__layout_variables.scss
portal-adminpy/ultima/assets/sass/overrides/_layout_variables.scss
portal-adminpy/ultima/assets/sass/overrides/.__theme_variables.scss
portal-adminpy/ultima/assets/sass/overrides/_theme_variables.scss
portal-adminpy/ultima/assets/theme/._brown
portal-adminpy/ultima/assets/theme/brown/
portal-adminpy/ultima/assets/theme/._green
portal-adminpy/ultima/assets/theme/green/
portal-adminpy/ultima/assets/theme/._deeppurple
portal-adminpy/ultima/assets/theme/deeppurple/
portal-adminpy/ultima/assets/theme/._blue
portal-adminpy/ultima/assets/theme/blue/
portal-adminpy/ultima/assets/theme/._deeporange
portal-adminpy/ultima/assets/theme/deeporange/
portal-adminpy/ultima/assets/theme/._cyan
portal-adminpy/ultima/assets/theme/cyan/
portal-adminpy/ultima/assets/theme/._bluegrey
tar: Ignoring unknown extended header keyword 'LIBARCHIVE.xattr.com.apple.provenance'
tar: Ignoring unknown extended header keyword 'LIBARCHIVE.xattr.com.apple.provenance'
tar: Ignoring unknown extended header keyword 'LIBARCHIVE.xattr.com.apple.provenance'
tar: Ignoring unknown extended header keyword 'LIBARCHIVE.xattr.com.apple.provenance'
tar: Ignoring unknown extended header keyword 'LIBARCHIVE.xattr.com.apple.provenance'
tar: Ignoring unknown extended header keyword 'LIBARCHIVE.xattr.com.apple.provenance'
tar: Ignoring unknown extended header keyword 'LIBARCHIVE.xattr.com.apple.provenance'
tar: Ignoring unknown extended header keyword 'LIBARCHIVE.xattr.com.apple.provenance'
tar: Ignoring unknown extended header keyword 'LIBARCHIVE.xattr.com.apple.provenance'
tar: Ignoring unknown extended header keyword 'LIBARCHIVE.xattr.com.apple.provenance'
tar: Ignoring unknown extended header keyword 'LIBARCHIVE.xattr.com.apple.provenance'
tar: Ignoring unknown extended header keyword 'LIBARCHIVE.xattr.com.apple.provenance'
tar: Ignoring unknown extended header keyword 'LIBARCHIVE.xattr.com.apple.provenance'
tar: Ignoring unknown extended header keyword 'LIBARCHIVE.xattr.com.apple.provenance'
portal-adminpy/ultima/assets/theme/bluegrey/
portal-adminpy/ultima/assets/theme/._lightgreen
portal-adminpy/ultima/assets/theme/lightgreen/
portal-adminpy/ultima/assets/theme/._indigo
portal-adminpy/ultima/assets/theme/indigo/
portal-adminpy/ultima/assets/theme/._pink
portal-adminpy/ultima/assets/theme/pink/
portal-adminpy/ultima/assets/theme/._teal
portal-adminpy/ultima/assets/theme/teal/
portal-adminpy/ultima/assets/theme/._amber
portal-adminpy/ultima/assets/theme/amber/
portal-adminpy/ultima/assets/theme/._lime
portal-adminpy/ultima/assets/theme/lime/
portal-adminpy/ultima/assets/theme/._purple
portal-adminpy/ultima/assets/theme/purple/
portal-adminpy/ultima/assets/theme/._yellow
portal-adminpy/ultima/assets/theme/yellow/
portal-adminpy/ultima/assets/theme/._lightblue
portal-adminpy/ultima/assets/theme/lightblue/
portal-adminpy/ultima/assets/theme/._orange
tar: Ignoring unknown extended header keyword 'LIBARCHIVE.xattr.com.apple.provenance'
tar: Ignoring unknown extended header keyword 'LIBARCHIVE.xattr.com.apple.provenance'
tar: Ignoring unknown extended header keyword 'LIBARCHIVE.xattr.com.apple.provenance'
tar: Ignoring unknown extended header keyword 'LIBARCHIVE.xattr.com.apple.provenance'
tar: Ignoring unknown extended header keyword 'LIBARCHIVE.xattr.com.apple.provenance'
tar: Ignoring unknown extended header keyword 'LIBARCHIVE.xattr.com.apple.provenance'
tar: Ignoring unknown extended header keyword 'LIBARCHIVE.xattr.com.apple.provenance'
tar: Ignoring unknown extended header keyword 'LIBARCHIVE.xattr.com.apple.provenance'
tar: Ignoring unknown extended header keyword 'LIBARCHIVE.xattr.com.apple.provenance'
portal-adminpy/ultima/assets/theme/orange/
portal-adminpy/ultima/assets/theme/orange/._theme-light.scss
portal-adminpy/ultima/assets/theme/orange/theme-light.scss
portal-adminpy/ultima/assets/theme/orange/._theme-dark.scss
portal-adminpy/ultima/assets/theme/orange/theme-dark.scss
portal-adminpy/ultima/assets/theme/lightblue/._theme-light.scss
portal-adminpy/ultima/assets/theme/lightblue/theme-light.scss
portal-adminpy/ultima/assets/theme/lightblue/._theme-dark.scss
portal-adminpy/ultima/assets/theme/lightblue/theme-dark.scss
portal-adminpy/ultima/assets/theme/yellow/._theme-light.scss
portal-adminpy/ultima/assets/theme/yellow/theme-light.scss
portal-adminpy/ultima/assets/theme/yellow/._theme-dark.scss
portal-adminpy/ultima/assets/theme/yellow/theme-dark.scss
portal-adminpy/ultima/assets/theme/purple/._theme-light.scss
portal-adminpy/ultima/assets/theme/purple/theme-light.scss
portal-adminpy/ultima/assets/theme/purple/._theme-dark.scss
portal-adminpy/ultima/assets/theme/purple/theme-dark.scss
tar: Ignoring unknown extended header keyword 'LIBARCHIVE.xattr.com.apple.provenance'
tar: Ignoring unknown extended header keyword 'LIBARCHIVE.xattr.com.apple.provenance'
tar: Ignoring unknown extended header keyword 'LIBARCHIVE.xattr.com.apple.provenance'
tar: Ignoring unknown extended header keyword 'LIBARCHIVE.xattr.com.apple.provenance'
tar: Ignoring unknown extended header keyword 'LIBARCHIVE.xattr.com.apple.provenance'
tar: Ignoring unknown extended header keyword 'LIBARCHIVE.xattr.com.apple.provenance'
tar: Ignoring unknown extended header keyword 'LIBARCHIVE.xattr.com.apple.provenance'
tar: Ignoring unknown extended header keyword 'LIBARCHIVE.xattr.com.apple.provenance'
tar: Ignoring unknown extended header keyword 'LIBARCHIVE.xattr.com.apple.provenance'
portal-adminpy/ultima/assets/theme/lime/._theme-light.scss
portal-adminpy/ultima/assets/theme/lime/theme-light.scss
portal-adminpy/ultima/assets/theme/lime/._theme-dark.scss
portal-adminpy/ultima/assets/theme/lime/theme-dark.scss
portal-adminpy/ultima/assets/theme/amber/._theme-light.scss
portal-adminpy/ultima/assets/theme/amber/theme-light.scss
portal-adminpy/ultima/assets/theme/amber/._theme-dark.scss
portal-adminpy/ultima/assets/theme/amber/theme-dark.scss
portal-adminpy/ultima/assets/theme/teal/._theme-light.scss
portal-adminpy/ultima/assets/theme/teal/theme-light.scss
portal-adminpy/ultima/assets/theme/teal/._theme-dark.scss
portal-adminpy/ultima/assets/theme/teal/theme-dark.scss
portal-adminpy/ultima/assets/theme/pink/._theme-light.scss
portal-adminpy/ultima/assets/theme/pink/theme-light.scss
portal-adminpy/ultima/assets/theme/pink/._theme-dark.scss
portal-adminpy/ultima/assets/theme/pink/theme-dark.scss
portal-adminpy/ultima/assets/theme/indigo/._theme-light.css
portal-adminpy/ultima/assets/theme/indigo/theme-light.css
portal-adminpy/ultima/assets/theme/indigo/._theme-light.scss
portal-adminpy/ultima/assets/theme/indigo/theme-light.scss
portal-adminpy/ultima/assets/theme/indigo/._theme-dark.scss
portal-adminpy/ultima/assets/theme/indigo/theme-dark.scss
portal-adminpy/ultima/assets/theme/lightgreen/._theme-light.scss
portal-adminpy/ultima/assets/theme/lightgreen/theme-light.scss
portal-adminpy/ultima/assets/theme/lightgreen/._theme-dark.scss
portal-adminpy/ultima/assets/theme/lightgreen/theme-dark.scss
portal-adminpy/ultima/assets/theme/bluegrey/._theme-light.scss
portal-adminpy/ultima/assets/theme/bluegrey/theme-light.scss
portal-adminpy/ultima/assets/theme/bluegrey/._theme-dark.scss
portal-adminpy/ultima/assets/theme/bluegrey/theme-dark.scss
portal-adminpy/ultima/assets/theme/cyan/._theme-light.scss
portal-adminpy/ultima/assets/theme/cyan/theme-light.scss
portal-adminpy/ultima/assets/theme/cyan/._theme-dark.scss
portal-adminpy/ultima/assets/theme/cyan/theme-dark.scss
portal-adminpy/ultima/assets/theme/deeporange/._theme-light.scss
portal-adminpy/ultima/assets/theme/deeporange/theme-light.scss
portal-adminpy/ultima/assets/theme/deeporange/._theme-dark.scss
portal-adminpy/ultima/assets/theme/deeporange/theme-dark.scss
portal-adminpy/ultima/assets/theme/blue/._theme-light.scss
tar: Ignoring unknown extended header keyword 'LIBARCHIVE.xattr.com.apple.provenance'
tar: Ignoring unknown extended header keyword 'LIBARCHIVE.xattr.com.apple.provenance'
tar: Ignoring unknown extended header keyword 'LIBARCHIVE.xattr.com.apple.provenance'
tar: Ignoring unknown extended header keyword 'LIBARCHIVE.xattr.com.apple.provenance'
tar: Ignoring unknown extended header keyword 'LIBARCHIVE.xattr.com.apple.provenance'
tar: Ignoring unknown extended header keyword 'LIBARCHIVE.xattr.com.apple.provenance'
tar: Ignoring unknown extended header keyword 'LIBARCHIVE.xattr.com.apple.provenance'
tar: Ignoring unknown extended header keyword 'LIBARCHIVE.xattr.com.apple.provenance'
tar: Ignoring unknown extended header keyword 'LIBARCHIVE.xattr.com.apple.provenance'
tar: Ignoring unknown extended header keyword 'LIBARCHIVE.xattr.com.apple.provenance'
tar: Ignoring unknown extended header keyword 'LIBARCHIVE.xattr.com.apple.provenance'
tar: Ignoring unknown extended header keyword 'LIBARCHIVE.xattr.com.apple.provenance'
tar: Ignoring unknown extended header keyword 'LIBARCHIVE.xattr.com.apple.provenance'
tar: Ignoring unknown extended header keyword 'LIBARCHIVE.xattr.com.apple.provenance'
tar: Ignoring unknown extended header keyword 'LIBARCHIVE.xattr.com.apple.provenance'
tar: Ignoring unknown extended header keyword 'LIBARCHIVE.xattr.com.apple.provenance'
tar: Ignoring unknown extended header keyword 'LIBARCHIVE.xattr.com.apple.provenance'
tar: Ignoring unknown extended header keyword 'LIBARCHIVE.xattr.com.apple.provenance'
tar: Ignoring unknown extended header keyword 'LIBARCHIVE.xattr.com.apple.provenance'
portal-adminpy/ultima/assets/theme/blue/theme-light.scss
portal-adminpy/ultima/assets/theme/blue/._theme-dark.scss
portal-adminpy/ultima/assets/theme/blue/theme-dark.scss
portal-adminpy/ultima/assets/theme/deeppurple/._theme-light.scss
portal-adminpy/ultima/assets/theme/deeppurple/theme-light.scss
portal-adminpy/ultima/assets/theme/deeppurple/._theme-dark.scss
portal-adminpy/ultima/assets/theme/deeppurple/theme-dark.scss
portal-adminpy/ultima/assets/theme/green/._theme-light.scss
portal-adminpy/ultima/assets/theme/green/theme-light.scss
portal-adminpy/ultima/assets/theme/green/._theme-dark.scss
portal-adminpy/ultima/assets/theme/green/theme-dark.scss
portal-adminpy/ultima/assets/theme/brown/._theme-light.scss
portal-adminpy/ultima/assets/theme/brown/theme-light.scss
portal-adminpy/ultima/assets/theme/brown/._theme-dark.scss
portal-adminpy/ultima/assets/theme/brown/theme-dark.scss
portal-adminpy/ultima/assets/map/._pin-policeman.png
portal-adminpy/ultima/assets/map/pin-policeman.png
portal-adminpy/ultima/assets/map/._marker-gray.png
portal-adminpy/ultima/assets/map/marker-gray.png
portal-adminpy/ultima/assets/map/._marker-yellow.png
portal-adminpy/ultima/assets/map/marker-yellow.png
portal-adminpy/ultima/assets/map/._marker-green1.png
portal-adminpy/ultima/assets/map/marker-green1.png
portal-adminpy/ultima/assets/map/._police-out.png
portal-adminpy/ultima/assets/map/police-out.png
tar: Ignoring unknown extended header keyword 'LIBARCHIVE.xattr.com.apple.provenance'
tar: Ignoring unknown extended header keyword 'LIBARCHIVE.xattr.com.apple.provenance'
tar: Ignoring unknown extended header keyword 'LIBARCHIVE.xattr.com.apple.provenance'
tar: Ignoring unknown extended header keyword 'LIBARCHIVE.xattr.com.apple.provenance'
tar: Ignoring unknown extended header keyword 'LIBARCHIVE.xattr.com.apple.provenance'
tar: Ignoring unknown extended header keyword 'LIBARCHIVE.xattr.com.apple.provenance'
tar: Ignoring unknown extended header keyword 'LIBARCHIVE.xattr.com.apple.provenance'
tar: Ignoring unknown extended header keyword 'LIBARCHIVE.xattr.com.apple.provenance'
tar: Ignoring unknown extended header keyword 'LIBARCHIVE.xattr.com.apple.provenance'
tar: Ignoring unknown extended header keyword 'LIBARCHIVE.xattr.com.apple.provenance'
tar: Ignoring unknown extended header keyword 'LIBARCHIVE.xattr.com.apple.provenance'
tar: Ignoring unknown extended header keyword 'LIBARCHIVE.xattr.com.apple.provenance'
tar: Ignoring unknown extended header keyword 'LIBARCHIVE.xattr.com.apple.provenance'
portal-adminpy/ultima/assets/map/._pin-information.png
portal-adminpy/ultima/assets/map/pin-information.png
portal-adminpy/ultima/assets/map/._marker-blue.png
portal-adminpy/ultima/assets/map/marker-blue.png
tar: Ignoring unknown extended header keyword 'LIBARCHIVE.xattr.com.apple.provenance'
tar: Ignoring unknown extended header keyword 'LIBARCHIVE.xattr.com.apple.provenance'
portal-adminpy/ultima/assets/map/._marker-red.png
portal-adminpy/ultima/assets/map/marker-red.png
portal-adminpy/ultima/assets/map/._timer.png
portal-adminpy/ultima/assets/map/timer.png
tar: Ignoring unknown extended header keyword 'LIBARCHIVE.xattr.com.apple.provenance'
tar: Ignoring unknown extended header keyword 'LIBARCHIVE.xattr.com.apple.provenance'
portal-adminpy/ultima/assets/map/._police-out1.png
portal-adminpy/ultima/assets/map/police-out1.png
portal-adminpy/ultima/assets/map/._marker-green.png
portal-adminpy/ultima/assets/map/marker-green.png
tar: Ignoring unknown extended header keyword 'LIBARCHIVE.xattr.com.apple.provenance'
tar: Ignoring unknown extended header keyword 'LIBARCHIVE.xattr.com.apple.provenance'
portal-adminpy/ultima/assets/map/._marker-police.png
portal-adminpy/ultima/assets/map/marker-police.png
portal-adminpy/ultima/assets/map/._marker-orange.png
portal-adminpy/ultima/assets/map/marker-orange.png
portal-adminpy/ultima/assets/map/._police.png
portal-adminpy/ultima/assets/map/police.png
tar: Ignoring unknown extended header keyword 'LIBARCHIVE.xattr.com.apple.provenance'
tar: Ignoring unknown extended header keyword 'LIBARCHIVE.xattr.com.apple.provenance'
tar: Ignoring unknown extended header keyword 'LIBARCHIVE.xattr.com.apple.provenance'
portal-adminpy/ultima/assets/map/._sos.png
portal-adminpy/ultima/assets/map/sos.png
portal-adminpy/ultima/assets/layout/._css
tar: Ignoring unknown extended header keyword 'LIBARCHIVE.xattr.com.apple.provenance'
portal-adminpy/ultima/assets/layout/css/
portal-adminpy/ultima/assets/layout/._images
portal-adminpy/ultima/assets/layout/images/
portal-adminpy/ultima/assets/layout/._fonts
portal-adminpy/ultima/assets/layout/fonts/
portal-adminpy/ultima/assets/layout/fonts/._roboto-v20-latin-ext_latin-regular.woff2
portal-adminpy/ultima/assets/layout/fonts/roboto-v20-latin-ext_latin-regular.woff2
portal-adminpy/ultima/assets/layout/fonts/._roboto-v20-latin-ext_latin-regular.woff
tar: Ignoring unknown extended header keyword 'LIBARCHIVE.xattr.com.apple.provenance'
tar: Ignoring unknown extended header keyword 'LIBARCHIVE.xattr.com.apple.provenance'
tar: Ignoring unknown extended header keyword 'LIBARCHIVE.xattr.com.apple.provenance'
tar: Ignoring unknown extended header keyword 'LIBARCHIVE.xattr.com.apple.provenance'
tar: Ignoring unknown extended header keyword 'LIBARCHIVE.xattr.com.apple.provenance'
portal-adminpy/ultima/assets/layout/fonts/roboto-v20-latin-ext_latin-regular.woff
portal-adminpy/ultima/assets/layout/fonts/._roboto-v20-latin-ext_latin-500.woff2
portal-adminpy/ultima/assets/layout/fonts/roboto-v20-latin-ext_latin-500.woff2
portal-adminpy/ultima/assets/layout/fonts/._roboto-v20-latin-ext_latin-500.woff
portal-adminpy/ultima/assets/layout/fonts/roboto-v20-latin-ext_latin-500.woff
portal-adminpy/ultima/assets/layout/fonts/._roboto-v20-latin-ext_latin-700.woff
portal-adminpy/ultima/assets/layout/fonts/roboto-v20-latin-ext_latin-700.woff
portal-adminpy/ultima/assets/layout/fonts/._roboto-v20-latin-ext_latin-700.woff2
tar: Ignoring unknown extended header keyword 'LIBARCHIVE.xattr.com.apple.provenance'
tar: Ignoring unknown extended header keyword 'LIBARCHIVE.xattr.com.apple.provenance'
tar: Ignoring unknown extended header keyword 'LIBARCHIVE.xattr.com.apple.provenance'
tar: Ignoring unknown extended header keyword 'LIBARCHIVE.xattr.com.apple.provenance'
portal-adminpy/ultima/assets/layout/fonts/roboto-v20-latin-ext_latin-700.woff2
portal-adminpy/ultima/assets/layout/images/._footer-ultima-dark.svg
tar: Ignoring unknown extended header keyword 'LIBARCHIVE.xattr.com.apple.provenance'
portal-adminpy/ultima/assets/layout/images/footer-ultima-dark.svg
portal-adminpy/ultima/assets/layout/images/._logo-ultima.svg
portal-adminpy/ultima/assets/layout/images/logo-ultima.svg
portal-adminpy/ultima/assets/layout/images/._logo2x.png
portal-adminpy/ultima/assets/layout/images/logo2x.png
portal-adminpy/ultima/assets/layout/images/._landing
tar: Ignoring unknown extended header keyword 'LIBARCHIVE.xattr.com.apple.provenance'
tar: Ignoring unknown extended header keyword 'LIBARCHIVE.xattr.com.apple.provenance'
portal-adminpy/ultima/assets/layout/images/landing/
portal-adminpy/ultima/assets/layout/images/._401.svg
portal-adminpy/ultima/assets/layout/images/401.svg
portal-adminpy/ultima/assets/layout/images/._logo-dark.svg
portal-adminpy/ultima/assets/layout/images/logo-dark.svg
tar: Ignoring unknown extended header keyword 'LIBARCHIVE.xattr.com.apple.provenance'
tar: Ignoring unknown extended header keyword 'LIBARCHIVE.xattr.com.apple.provenance'
tar: Ignoring unknown extended header keyword 'LIBARCHIVE.xattr.com.apple.provenance'
portal-adminpy/ultima/assets/layout/images/._404-2x.png
portal-adminpy/ultima/assets/layout/images/404-2x.png
portal-adminpy/ultima/assets/layout/images/._extensions
portal-adminpy/ultima/assets/layout/images/extensions/
portal-adminpy/ultima/assets/layout/images/._avatar.png
portal-adminpy/ultima/assets/layout/images/avatar.png
portal-adminpy/ultima/assets/layout/images/._favicon.png
tar: Ignoring unknown extended header keyword 'LIBARCHIVE.xattr.com.apple.provenance'
tar: Ignoring unknown extended header keyword 'LIBARCHIVE.xattr.com.apple.provenance'
tar: Ignoring unknown extended header keyword 'LIBARCHIVE.xattr.com.apple.provenance'
portal-adminpy/ultima/assets/layout/images/favicon.png
portal-adminpy/ultima/assets/layout/images/._logo-light.svg
portal-adminpy/ultima/assets/layout/images/logo-light.svg
portal-adminpy/ultima/assets/layout/images/._logo.png
portal-adminpy/ultima/assets/layout/images/logo.png
portal-adminpy/ultima/assets/layout/images/._footer-ultima.svg
portal-adminpy/ultima/assets/layout/images/footer-ultima.svg
portal-adminpy/ultima/assets/layout/images/._doc
portal-adminpy/ultima/assets/layout/images/doc/
portal-adminpy/ultima/assets/layout/images/._logoInstitucion.png
portal-adminpy/ultima/assets/layout/images/logoInstitucion.png
portal-adminpy/ultima/assets/layout/images/._backWrapperLogin.png
portal-adminpy/ultima/assets/layout/images/backWrapperLogin.png
portal-adminpy/ultima/assets/layout/images/._pages
tar: Ignoring unknown extended header keyword 'LIBARCHIVE.xattr.com.apple.provenance'
tar: Ignoring unknown extended header keyword 'LIBARCHIVE.xattr.com.apple.provenance'
tar: Ignoring unknown extended header keyword 'LIBARCHIVE.xattr.com.apple.provenance'
tar: Ignoring unknown extended header keyword 'LIBARCHIVE.xattr.com.apple.provenance'
tar: Ignoring unknown extended header keyword 'LIBARCHIVE.xattr.com.apple.provenance'
tar: Ignoring unknown extended header keyword 'LIBARCHIVE.xattr.com.apple.provenance'
tar: Ignoring unknown extended header keyword 'LIBARCHIVE.xattr.com.apple.provenance'
tar: Ignoring unknown extended header keyword 'LIBARCHIVE.xattr.com.apple.provenance'
portal-adminpy/ultima/assets/layout/images/pages/
portal-adminpy/ultima/assets/layout/images/._widgets
portal-adminpy/ultima/assets/layout/images/widgets/
portal-adminpy/ultima/assets/layout/images/._logoAplication.png
portal-adminpy/ultima/assets/layout/images/logoAplication.png
portal-adminpy/ultima/assets/layout/images/widgets/._map.jpg
portal-adminpy/ultima/assets/layout/images/widgets/map.jpg
tar: Ignoring unknown extended header keyword 'LIBARCHIVE.xattr.com.apple.provenance'
tar: Ignoring unknown extended header keyword 'LIBARCHIVE.xattr.com.apple.provenance'
tar: Ignoring unknown extended header keyword 'LIBARCHIVE.xattr.com.apple.provenance'
portal-adminpy/ultima/assets/layout/images/widgets/._asset-profile.png
portal-adminpy/ultima/assets/layout/images/widgets/asset-profile.png
portal-adminpy/ultima/assets/layout/images/widgets/._feature-security.svg
portal-adminpy/ultima/assets/layout/images/widgets/feature-security.svg
portal-adminpy/ultima/assets/layout/images/widgets/._image-blog.jpg
portal-adminpy/ultima/assets/layout/images/widgets/image-blog.jpg
tar: Ignoring unknown extended header keyword 'LIBARCHIVE.xattr.com.apple.provenance'
tar: Ignoring unknown extended header keyword 'LIBARCHIVE.xattr.com.apple.provenance'
tar: Ignoring unknown extended header keyword 'LIBARCHIVE.xattr.com.apple.provenance'
portal-adminpy/ultima/assets/layout/images/widgets/._feature-onboarding.svg
portal-adminpy/ultima/assets/layout/images/widgets/feature-onboarding.svg
portal-adminpy/ultima/assets/layout/images/widgets/._feature-faq.svg
portal-adminpy/ultima/assets/layout/images/widgets/feature-faq.svg
portal-adminpy/ultima/assets/layout/images/pages/._error-bg.jpg
tar: Ignoring unknown extended header keyword 'LIBARCHIVE.xattr.com.apple.provenance'
tar: Ignoring unknown extended header keyword 'LIBARCHIVE.xattr.com.apple.provenance'
portal-adminpy/ultima/assets/layout/images/pages/error-bg.jpg
portal-adminpy/ultima/assets/layout/images/pages/._404.png
portal-adminpy/ultima/assets/layout/images/pages/404.png
portal-adminpy/ultima/assets/layout/images/pages/._login-bg.jpg
portal-adminpy/ultima/assets/layout/images/pages/login-bg.jpg
portal-adminpy/ultima/assets/layout/images/pages/._error.png
portal-adminpy/ultima/assets/layout/images/pages/error.png
portal-adminpy/ultima/assets/layout/images/pages/._accessDenied-bg.jpg
portal-adminpy/ultima/assets/layout/images/pages/accessDenied-bg.jpg
portal-adminpy/ultima/assets/layout/images/pages/._accessDenied.png
portal-adminpy/ultima/assets/layout/images/pages/accessDenied.png
portal-adminpy/ultima/assets/layout/images/pages/._404-bg.jpg
portal-adminpy/ultima/assets/layout/images/pages/404-bg.jpg
tar: Ignoring unknown extended header keyword 'LIBARCHIVE.xattr.com.apple.provenance'
tar: Ignoring unknown extended header keyword 'LIBARCHIVE.xattr.com.apple.provenance'
tar: Ignoring unknown extended header keyword 'LIBARCHIVE.xattr.com.apple.provenance'
tar: Ignoring unknown extended header keyword 'LIBARCHIVE.xattr.com.apple.provenance'
tar: Ignoring unknown extended header keyword 'LIBARCHIVE.xattr.com.apple.provenance'
tar: Ignoring unknown extended header keyword 'LIBARCHIVE.xattr.com.apple.provenance'
tar: Ignoring unknown extended header keyword 'LIBARCHIVE.xattr.com.apple.provenance'
portal-adminpy/ultima/assets/layout/images/doc/._rightmenu-doc.jpg
portal-adminpy/ultima/assets/layout/images/doc/rightmenu-doc.jpg
portal-adminpy/ultima/assets/layout/images/doc/._topbar-doc.jpg
portal-adminpy/ultima/assets/layout/images/doc/topbar-doc.jpg
tar: Ignoring unknown extended header keyword 'LIBARCHIVE.xattr.com.apple.provenance'
tar: Ignoring unknown extended header keyword 'LIBARCHIVE.xattr.com.apple.provenance'
portal-adminpy/ultima/assets/layout/images/doc/._inlinemenu-doc.jpg
portal-adminpy/ultima/assets/layout/images/doc/inlinemenu-doc.jpg
portal-adminpy/ultima/assets/layout/images/doc/._breadcrumb-doc.jpg
portal-adminpy/ultima/assets/layout/images/doc/breadcrumb-doc.jpg
tar: Ignoring unknown extended header keyword 'LIBARCHIVE.xattr.com.apple.provenance'
tar: Ignoring unknown extended header keyword 'LIBARCHIVE.xattr.com.apple.provenance'
portal-adminpy/ultima/assets/layout/images/extensions/._help-header@2x.jpg
portal-adminpy/ultima/assets/layout/images/extensions/help-header@2x.jpg
tar: Ignoring unknown extended header keyword 'LIBARCHIVE.xattr.com.apple.provenance'
portal-adminpy/ultima/assets/layout/images/extensions/._asset-amex.svg
portal-adminpy/ultima/assets/layout/images/extensions/asset-amex.svg
portal-adminpy/ultima/assets/layout/images/extensions/._asset-paypal.svg
tar: Ignoring unknown extended header keyword 'LIBARCHIVE.xattr.com.apple.provenance'
portal-adminpy/ultima/assets/layout/images/extensions/asset-paypal.svg
portal-adminpy/ultima/assets/layout/images/extensions/._asset-mastercard.svg
portal-adminpy/ultima/assets/layout/images/extensions/asset-mastercard.svg
portal-adminpy/ultima/assets/layout/images/extensions/._prime-logo.svg
portal-adminpy/ultima/assets/layout/images/extensions/prime-logo.svg
portal-adminpy/ultima/assets/layout/images/extensions/._flag-us@2x.png
tar: Ignoring unknown extended header keyword 'LIBARCHIVE.xattr.com.apple.provenance'
tar: Ignoring unknown extended header keyword 'LIBARCHIVE.xattr.com.apple.provenance'
tar: Ignoring unknown extended header keyword 'LIBARCHIVE.xattr.com.apple.provenance'
tar: Ignoring unknown extended header keyword 'LIBARCHIVE.xattr.com.apple.provenance'
portal-adminpy/ultima/assets/layout/images/extensions/flag-us@2x.png
portal-adminpy/ultima/assets/layout/images/extensions/._background@2x.jpg
portal-adminpy/ultima/assets/layout/images/extensions/background@2x.jpg
tar: Ignoring unknown extended header keyword 'LIBARCHIVE.xattr.com.apple.provenance'
portal-adminpy/ultima/assets/layout/images/extensions/._asset-visa.svg
portal-adminpy/ultima/assets/layout/images/extensions/asset-visa.svg
portal-adminpy/ultima/assets/layout/images/landing/._promotion.png
portal-adminpy/ultima/assets/layout/images/landing/promotion.png
tar: Ignoring unknown extended header keyword 'LIBARCHIVE.xattr.com.apple.provenance'
tar: Ignoring unknown extended header keyword 'LIBARCHIVE.xattr.com.apple.provenance'
portal-adminpy/ultima/assets/layout/images/landing/._landing-header.png
portal-adminpy/ultima/assets/layout/images/landing/landing-header.png
tar: Ignoring unknown extended header keyword 'LIBARCHIVE.xattr.com.apple.provenance'
portal-adminpy/ultima/assets/layout/css/._layout-dark.scss
portal-adminpy/ultima/assets/layout/css/layout-dark.scss
tar: Ignoring unknown extended header keyword 'LIBARCHIVE.xattr.com.apple.provenance'
portal-adminpy/ultima/assets/layout/css/._layout-light.css.map
portal-adminpy/ultima/assets/layout/css/layout-light.css.map
portal-adminpy/ultima/assets/layout/css/._layout-light.scss
portal-adminpy/ultima/assets/layout/css/layout-light.scss
portal-adminpy/ultima/assets/layout/css/._layout-light.css
portal-adminpy/ultima/assets/layout/css/layout-light.css
portal-adminpy/ultima/assets/demo/._flags
tar: Ignoring unknown extended header keyword 'LIBARCHIVE.xattr.com.apple.provenance'
tar: Ignoring unknown extended header keyword 'LIBARCHIVE.xattr.com.apple.provenance'
tar: Ignoring unknown extended header keyword 'LIBARCHIVE.xattr.com.apple.provenance'
tar: Ignoring unknown extended header keyword 'LIBARCHIVE.xattr.com.apple.provenance'
portal-adminpy/ultima/assets/demo/flags/
portal-adminpy/ultima/assets/demo/._images
portal-adminpy/ultima/assets/demo/images/
portal-adminpy/ultima/assets/demo/._data
portal-adminpy/ultima/assets/demo/data/
portal-adminpy/ultima/assets/demo/data/._products-small.json
portal-adminpy/ultima/assets/demo/data/products-small.json
portal-adminpy/ultima/assets/demo/data/._icons.json
portal-adminpy/ultima/assets/demo/data/icons.json
tar: Ignoring unknown extended header keyword 'LIBARCHIVE.xattr.com.apple.provenance'
tar: Ignoring unknown extended header keyword 'LIBARCHIVE.xattr.com.apple.provenance'
tar: Ignoring unknown extended header keyword 'LIBARCHIVE.xattr.com.apple.provenance'
tar: Ignoring unknown extended header keyword 'LIBARCHIVE.xattr.com.apple.provenance'
portal-adminpy/ultima/assets/demo/data/._files-lazy.json
portal-adminpy/ultima/assets/demo/data/files-lazy.json
tar: Ignoring unknown extended header keyword 'LIBARCHIVE.xattr.com.apple.provenance'
portal-adminpy/ultima/assets/demo/data/._scheduleevents.json
portal-adminpy/ultima/assets/demo/data/scheduleevents.json
portal-adminpy/ultima/assets/demo/data/._countries.json
portal-adminpy/ultima/assets/demo/data/countries.json
portal-adminpy/ultima/assets/demo/data/._products-mixed.json
portal-adminpy/ultima/assets/demo/data/products-mixed.json
tar: Ignoring unknown extended header keyword 'LIBARCHIVE.xattr.com.apple.provenance'
tar: Ignoring unknown extended header keyword 'LIBARCHIVE.xattr.com.apple.provenance'
tar: Ignoring unknown extended header keyword 'LIBARCHIVE.xattr.com.apple.provenance'
portal-adminpy/ultima/assets/demo/data/._photos.json
portal-adminpy/ultima/assets/demo/data/photos.json
portal-adminpy/ultima/assets/demo/data/._files.json
portal-adminpy/ultima/assets/demo/data/files.json
portal-adminpy/ultima/assets/demo/data/._filesystem-lazy.json
portal-adminpy/ultima/assets/demo/data/filesystem-lazy.json
portal-adminpy/ultima/assets/demo/data/._customers-medium.json
portal-adminpy/ultima/assets/demo/data/customers-medium.json
portal-adminpy/ultima/assets/demo/data/._products.json
tar: Ignoring unknown extended header keyword 'LIBARCHIVE.xattr.com.apple.provenance'
tar: Ignoring unknown extended header keyword 'LIBARCHIVE.xattr.com.apple.provenance'
tar: Ignoring unknown extended header keyword 'LIBARCHIVE.xattr.com.apple.provenance'
tar: Ignoring unknown extended header keyword 'LIBARCHIVE.xattr.com.apple.provenance'
portal-adminpy/ultima/assets/demo/data/products.json
portal-adminpy/ultima/assets/demo/data/._customers-large.json
portal-adminpy/ultima/assets/demo/data/customers-large.json
portal-adminpy/ultima/assets/demo/data/._customers-small.json
portal-adminpy/ultima/assets/demo/data/customers-small.json
portal-adminpy/ultima/assets/demo/data/._filesystem.json
portal-adminpy/ultima/assets/demo/data/filesystem.json
portal-adminpy/ultima/assets/demo/data/._products-orders-small.json
tar: Ignoring unknown extended header keyword 'LIBARCHIVE.xattr.com.apple.provenance'
tar: Ignoring unknown extended header keyword 'LIBARCHIVE.xattr.com.apple.provenance'
tar: Ignoring unknown extended header keyword 'LIBARCHIVE.xattr.com.apple.provenance'
tar: Ignoring unknown extended header keyword 'LIBARCHIVE.xattr.com.apple.provenance'
tar: Ignoring unknown extended header keyword 'LIBARCHIVE.xattr.com.apple.provenance'
portal-adminpy/ultima/assets/demo/data/products-orders-small.json
portal-adminpy/ultima/assets/demo/data/._products-orders.json
portal-adminpy/ultima/assets/demo/data/products-orders.json
portal-adminpy/ultima/assets/demo/images/._galleria
tar: Ignoring unknown extended header keyword 'LIBARCHIVE.xattr.com.apple.provenance'
tar: Ignoring unknown extended header keyword 'LIBARCHIVE.xattr.com.apple.provenance'
portal-adminpy/ultima/assets/demo/images/galleria/
portal-adminpy/ultima/assets/demo/images/._product
portal-adminpy/ultima/assets/demo/images/product/
portal-adminpy/ultima/assets/demo/images/._avatar
portal-adminpy/ultima/assets/demo/images/avatar/
portal-adminpy/ultima/assets/demo/images/avatar/._avatar-1.png
tar: Ignoring unknown extended header keyword 'LIBARCHIVE.xattr.com.apple.provenance'
tar: Ignoring unknown extended header keyword 'LIBARCHIVE.xattr.com.apple.provenance'
tar: Ignoring unknown extended header keyword 'LIBARCHIVE.xattr.com.apple.provenance'
portal-adminpy/ultima/assets/demo/images/avatar/avatar-1.png
portal-adminpy/ultima/assets/demo/images/avatar/._amyelsner.png
portal-adminpy/ultima/assets/demo/images/avatar/amyelsner.png
portal-adminpy/ultima/assets/demo/images/avatar/._avatar-12.png
portal-adminpy/ultima/assets/demo/images/avatar/avatar-12.png
portal-adminpy/ultima/assets/demo/images/avatar/._avatar-13.png
portal-adminpy/ultima/assets/demo/images/avatar/avatar-13.png
portal-adminpy/ultima/assets/demo/images/avatar/._avatar-2.png
portal-adminpy/ultima/assets/demo/images/avatar/avatar-2.png
portal-adminpy/ultima/assets/demo/images/avatar/._avatar-11.png
portal-adminpy/ultima/assets/demo/images/avatar/avatar-11.png
tar: Ignoring unknown extended header keyword 'LIBARCHIVE.xattr.com.apple.provenance'
tar: Ignoring unknown extended header keyword 'LIBARCHIVE.xattr.com.apple.provenance'
tar: Ignoring unknown extended header keyword 'LIBARCHIVE.xattr.com.apple.provenance'
tar: Ignoring unknown extended header keyword 'LIBARCHIVE.xattr.com.apple.provenance'
tar: Ignoring unknown extended header keyword 'LIBARCHIVE.xattr.com.apple.provenance'
portal-adminpy/ultima/assets/demo/images/avatar/._avatar-10.png
portal-adminpy/ultima/assets/demo/images/avatar/avatar-10.png
portal-adminpy/ultima/assets/demo/images/avatar/._avatar-3.png
portal-adminpy/ultima/assets/demo/images/avatar/avatar-3.png
portal-adminpy/ultima/assets/demo/images/avatar/._elwinsharvill.png
portal-adminpy/ultima/assets/demo/images/avatar/elwinsharvill.png
portal-adminpy/ultima/assets/demo/images/avatar/._avatar-7.png
portal-adminpy/ultima/assets/demo/images/avatar/avatar-7.png
portal-adminpy/ultima/assets/demo/images/avatar/._avatar-14.png
portal-adminpy/ultima/assets/demo/images/avatar/avatar-14.png
portal-adminpy/ultima/assets/demo/images/avatar/._avatar-15.png
portal-adminpy/ultima/assets/demo/images/avatar/avatar-15.png
tar: Ignoring unknown extended header keyword 'LIBARCHIVE.xattr.com.apple.provenance'
tar: Ignoring unknown extended header keyword 'LIBARCHIVE.xattr.com.apple.provenance'
tar: Ignoring unknown extended header keyword 'LIBARCHIVE.xattr.com.apple.provenance'
tar: Ignoring unknown extended header keyword 'LIBARCHIVE.xattr.com.apple.provenance'
tar: Ignoring unknown extended header keyword 'LIBARCHIVE.xattr.com.apple.provenance'
tar: Ignoring unknown extended header keyword 'LIBARCHIVE.xattr.com.apple.provenance'
portal-adminpy/ultima/assets/demo/images/avatar/._avatar-6.png
portal-adminpy/ultima/assets/demo/images/avatar/avatar-6.png
portal-adminpy/ultima/assets/demo/images/avatar/._avatar-4.png
portal-adminpy/ultima/assets/demo/images/avatar/avatar-4.png
portal-adminpy/ultima/assets/demo/images/avatar/._avatar-16.png
portal-adminpy/ultima/assets/demo/images/avatar/avatar-16.png
portal-adminpy/ultima/assets/demo/images/avatar/._avatar-5.png
portal-adminpy/ultima/assets/demo/images/avatar/avatar-5.png
portal-adminpy/ultima/assets/demo/images/avatar/._xuxuefeng.png
portal-adminpy/ultima/assets/demo/images/avatar/xuxuefeng.png
portal-adminpy/ultima/assets/demo/images/avatar/._bernardodominic.png
portal-adminpy/ultima/assets/demo/images/avatar/bernardodominic.png
portal-adminpy/ultima/assets/demo/images/avatar/._ionibowcher.png
portal-adminpy/ultima/assets/demo/images/avatar/ionibowcher.png
tar: Ignoring unknown extended header keyword 'LIBARCHIVE.xattr.com.apple.provenance'
tar: Ignoring unknown extended header keyword 'LIBARCHIVE.xattr.com.apple.provenance'
tar: Ignoring unknown extended header keyword 'LIBARCHIVE.xattr.com.apple.provenance'
tar: Ignoring unknown extended header keyword 'LIBARCHIVE.xattr.com.apple.provenance'
tar: Ignoring unknown extended header keyword 'LIBARCHIVE.xattr.com.apple.provenance'
tar: Ignoring unknown extended header keyword 'LIBARCHIVE.xattr.com.apple.provenance'
tar: Ignoring unknown extended header keyword 'LIBARCHIVE.xattr.com.apple.provenance'
portal-adminpy/ultima/assets/demo/images/avatar/._activity-1.png
portal-adminpy/ultima/assets/demo/images/avatar/activity-1.png
tar: Ignoring unknown extended header keyword 'LIBARCHIVE.xattr.com.apple.provenance'
portal-adminpy/ultima/assets/demo/images/avatar/._activity-3.png
portal-adminpy/ultima/assets/demo/images/avatar/activity-3.png
portal-adminpy/ultima/assets/demo/images/avatar/._activity-2.png
tar: Ignoring unknown extended header keyword 'LIBARCHIVE.xattr.com.apple.provenance'
portal-adminpy/ultima/assets/demo/images/avatar/activity-2.png
portal-adminpy/ultima/assets/demo/images/avatar/._onyamalimba.png
portal-adminpy/ultima/assets/demo/images/avatar/onyamalimba.png
portal-adminpy/ultima/assets/demo/images/avatar/._ivanmagalhaes.png
portal-adminpy/ultima/assets/demo/images/avatar/ivanmagalhaes.png
portal-adminpy/ultima/assets/demo/images/avatar/._profile.jpg
portal-adminpy/ultima/assets/demo/images/avatar/profile.jpg
portal-adminpy/ultima/assets/demo/images/avatar/._avatar-8.png
portal-adminpy/ultima/assets/demo/images/avatar/avatar-8.png
portal-adminpy/ultima/assets/demo/images/avatar/._avatar-9.png
portal-adminpy/ultima/assets/demo/images/avatar/avatar-9.png
portal-adminpy/ultima/assets/demo/images/avatar/._asiyajavayant.png
portal-adminpy/ultima/assets/demo/images/avatar/asiyajavayant.png
portal-adminpy/ultima/assets/demo/images/avatar/._annafali.png
tar: Ignoring unknown extended header keyword 'LIBARCHIVE.xattr.com.apple.provenance'
tar: Ignoring unknown extended header keyword 'LIBARCHIVE.xattr.com.apple.provenance'
tar: Ignoring unknown extended header keyword 'LIBARCHIVE.xattr.com.apple.provenance'
tar: Ignoring unknown extended header keyword 'LIBARCHIVE.xattr.com.apple.provenance'
tar: Ignoring unknown extended header keyword 'LIBARCHIVE.xattr.com.apple.provenance'
tar: Ignoring unknown extended header keyword 'LIBARCHIVE.xattr.com.apple.provenance'
tar: Ignoring unknown extended header keyword 'LIBARCHIVE.xattr.com.apple.provenance'
portal-adminpy/ultima/assets/demo/images/avatar/annafali.png
portal-adminpy/ultima/assets/demo/images/avatar/._stephenshaw.png
portal-adminpy/ultima/assets/demo/images/avatar/stephenshaw.png
portal-adminpy/ultima/assets/demo/images/product/._green-earbuds.jpg
portal-adminpy/ultima/assets/demo/images/product/green-earbuds.jpg
portal-adminpy/ultima/assets/demo/images/product/._headphones.jpg
portal-adminpy/ultima/assets/demo/images/product/headphones.jpg
portal-adminpy/ultima/assets/demo/images/product/._chakra-bracelet.jpg
portal-adminpy/ultima/assets/demo/images/product/chakra-bracelet.jpg
portal-adminpy/ultima/assets/demo/images/product/._game-controller.jpg
portal-adminpy/ultima/assets/demo/images/product/game-controller.jpg
portal-adminpy/ultima/assets/demo/images/product/._painted-phone-case.jpg
portal-adminpy/ultima/assets/demo/images/product/painted-phone-case.jpg
portal-adminpy/ultima/assets/demo/images/product/._green-t-shirt.jpg
portal-adminpy/ultima/assets/demo/images/product/green-t-shirt.jpg
portal-adminpy/ultima/assets/demo/images/product/._light-green-t-shirt.jpg
tar: Ignoring unknown extended header keyword 'LIBARCHIVE.xattr.com.apple.provenance'
tar: Ignoring unknown extended header keyword 'LIBARCHIVE.xattr.com.apple.provenance'
tar: Ignoring unknown extended header keyword 'LIBARCHIVE.xattr.com.apple.provenance'
tar: Ignoring unknown extended header keyword 'LIBARCHIVE.xattr.com.apple.provenance'
tar: Ignoring unknown extended header keyword 'LIBARCHIVE.xattr.com.apple.provenance'
tar: Ignoring unknown extended header keyword 'LIBARCHIVE.xattr.com.apple.provenance'
tar: Ignoring unknown extended header keyword 'LIBARCHIVE.xattr.com.apple.provenance'
tar: Ignoring unknown extended header keyword 'LIBARCHIVE.xattr.com.apple.provenance'
portal-adminpy/ultima/assets/demo/images/product/light-green-t-shirt.jpg
portal-adminpy/ultima/assets/demo/images/product/._pink-purse.jpg
portal-adminpy/ultima/assets/demo/images/product/pink-purse.jpg
portal-adminpy/ultima/assets/demo/images/product/._gaming-set.jpg
portal-adminpy/ultima/assets/demo/images/product/gaming-set.jpg
portal-adminpy/ultima/assets/demo/images/product/._bracelet.jpg
portal-adminpy/ultima/assets/demo/images/product/bracelet.jpg
portal-adminpy/ultima/assets/demo/images/product/._product-placeholder.svg
portal-adminpy/ultima/assets/demo/images/product/product-placeholder.svg
portal-adminpy/ultima/assets/demo/images/product/._teal-t-shirt.jpg
portal-adminpy/ultima/assets/demo/images/product/teal-t-shirt.jpg
portal-adminpy/ultima/assets/demo/images/product/._galaxy-earrings.jpg
portal-adminpy/ultima/assets/demo/images/product/galaxy-earrings.jpg
portal-adminpy/ultima/assets/demo/images/product/._brown-purse.jpg
portal-adminpy/ultima/assets/demo/images/product/brown-purse.jpg
portal-adminpy/ultima/assets/demo/images/product/._sneakers.jpg
portal-adminpy/ultima/assets/demo/images/product/sneakers.jpg
tar: Ignoring unknown extended header keyword 'LIBARCHIVE.xattr.com.apple.provenance'
tar: Ignoring unknown extended header keyword 'LIBARCHIVE.xattr.com.apple.provenance'
tar: Ignoring unknown extended header keyword 'LIBARCHIVE.xattr.com.apple.provenance'
tar: Ignoring unknown extended header keyword 'LIBARCHIVE.xattr.com.apple.provenance'
tar: Ignoring unknown extended header keyword 'LIBARCHIVE.xattr.com.apple.provenance'
tar: Ignoring unknown extended header keyword 'LIBARCHIVE.xattr.com.apple.provenance'
tar: Ignoring unknown extended header keyword 'LIBARCHIVE.xattr.com.apple.provenance'
tar: Ignoring unknown extended header keyword 'LIBARCHIVE.xattr.com.apple.provenance'
portal-adminpy/ultima/assets/demo/images/product/._yoga-mat.jpg
portal-adminpy/ultima/assets/demo/images/product/yoga-mat.jpg
portal-adminpy/ultima/assets/demo/images/product/._yellow-earbuds.jpg
portal-adminpy/ultima/assets/demo/images/product/yellow-earbuds.jpg
portal-adminpy/ultima/assets/demo/images/product/._gold-phone-case.jpg
portal-adminpy/ultima/assets/demo/images/product/gold-phone-case.jpg
portal-adminpy/ultima/assets/demo/images/product/._blue-band.jpg
portal-adminpy/ultima/assets/demo/images/product/blue-band.jpg
portal-adminpy/ultima/assets/demo/images/product/._yoga-set.jpg
portal-adminpy/ultima/assets/demo/images/product/yoga-set.jpg
portal-adminpy/ultima/assets/demo/images/product/._shoes.jpg
portal-adminpy/ultima/assets/demo/images/product/shoes.jpg
portal-adminpy/ultima/assets/demo/images/product/._purple-gemstone-necklace.jpg
portal-adminpy/ultima/assets/demo/images/product/purple-gemstone-necklace.jpg
portal-adminpy/ultima/assets/demo/images/product/._purple-t-shirt.jpg
portal-adminpy/ultima/assets/demo/images/product/purple-t-shirt.jpg
portal-adminpy/ultima/assets/demo/images/product/._bamboo-watch.jpg
portal-adminpy/ultima/assets/demo/images/product/bamboo-watch.jpg
portal-adminpy/ultima/assets/demo/images/product/._lime-band.jpg
portal-adminpy/ultima/assets/demo/images/product/lime-band.jpg
portal-adminpy/ultima/assets/demo/images/product/._mini-speakers.jpg
portal-adminpy/ultima/assets/demo/images/product/mini-speakers.jpg
portal-adminpy/ultima/assets/demo/images/product/._grey-t-shirt.jpg
portal-adminpy/ultima/assets/demo/images/product/grey-t-shirt.jpg
portal-adminpy/ultima/assets/demo/images/product/._pink-band.jpg
portal-adminpy/ultima/assets/demo/images/product/pink-band.jpg
portal-adminpy/ultima/assets/demo/images/product/._blue-t-shirt.jpg
portal-adminpy/ultima/assets/demo/images/product/blue-t-shirt.jpg
portal-adminpy/ultima/assets/demo/images/product/._black-watch.jpg
portal-adminpy/ultima/assets/demo/images/product/black-watch.jpg
portal-adminpy/ultima/assets/demo/images/product/._purple-band.jpg
portal-adminpy/ultima/assets/demo/images/product/purple-band.jpg
portal-adminpy/ultima/assets/demo/images/galleria/._galleria6.jpg
portal-adminpy/ultima/assets/demo/images/galleria/galleria6.jpg
portal-adminpy/ultima/assets/demo/images/galleria/._galleria6s.jpg
portal-adminpy/ultima/assets/demo/images/galleria/galleria6s.jpg
portal-adminpy/ultima/assets/demo/images/galleria/._galleria7.jpg
portal-adminpy/ultima/assets/demo/images/galleria/galleria7.jpg
portal-adminpy/ultima/assets/demo/images/galleria/._galleria5.jpg
portal-adminpy/ultima/assets/demo/images/galleria/galleria5.jpg
tar: Ignoring unknown extended header keyword 'LIBARCHIVE.xattr.com.apple.provenance'
tar: Ignoring unknown extended header keyword 'LIBARCHIVE.xattr.com.apple.provenance'
tar: Ignoring unknown extended header keyword 'LIBARCHIVE.xattr.com.apple.provenance'
tar: Ignoring unknown extended header keyword 'LIBARCHIVE.xattr.com.apple.provenance'
tar: Ignoring unknown extended header keyword 'LIBARCHIVE.xattr.com.apple.provenance'
tar: Ignoring unknown extended header keyword 'LIBARCHIVE.xattr.com.apple.provenance'
tar: Ignoring unknown extended header keyword 'LIBARCHIVE.xattr.com.apple.provenance'
tar: Ignoring unknown extended header keyword 'LIBARCHIVE.xattr.com.apple.provenance'
tar: Ignoring unknown extended header keyword 'LIBARCHIVE.xattr.com.apple.provenance'
tar: Ignoring unknown extended header keyword 'LIBARCHIVE.xattr.com.apple.provenance'
tar: Ignoring unknown extended header keyword 'LIBARCHIVE.xattr.com.apple.provenance'
tar: Ignoring unknown extended header keyword 'LIBARCHIVE.xattr.com.apple.provenance'
tar: Ignoring unknown extended header keyword 'LIBARCHIVE.xattr.com.apple.provenance'
tar: Ignoring unknown extended header keyword 'LIBARCHIVE.xattr.com.apple.provenance'
tar: Ignoring unknown extended header keyword 'LIBARCHIVE.xattr.com.apple.provenance'
tar: Ignoring unknown extended header keyword 'LIBARCHIVE.xattr.com.apple.provenance'
tar: Ignoring unknown extended header keyword 'LIBARCHIVE.xattr.com.apple.provenance'
tar: Ignoring unknown extended header keyword 'LIBARCHIVE.xattr.com.apple.provenance'
tar: Ignoring unknown extended header keyword 'LIBARCHIVE.xattr.com.apple.provenance'
tar: Ignoring unknown extended header keyword 'LIBARCHIVE.xattr.com.apple.provenance'
tar: Ignoring unknown extended header keyword 'LIBARCHIVE.xattr.com.apple.provenance'
portal-adminpy/ultima/assets/demo/images/galleria/._galleria11s.jpg
portal-adminpy/ultima/assets/demo/images/galleria/galleria11s.jpg
portal-adminpy/ultima/assets/demo/images/galleria/._galleria4.jpg
portal-adminpy/ultima/assets/demo/images/galleria/galleria4.jpg
portal-adminpy/ultima/assets/demo/images/galleria/._galleria10s.jpg
portal-adminpy/ultima/assets/demo/images/galleria/galleria10s.jpg
portal-adminpy/ultima/assets/demo/images/galleria/._galleria1.jpg
portal-adminpy/ultima/assets/demo/images/galleria/galleria1.jpg
tar: Ignoring unknown extended header keyword 'LIBARCHIVE.xattr.com.apple.provenance'
tar: Ignoring unknown extended header keyword 'LIBARCHIVE.xattr.com.apple.provenance'
tar: Ignoring unknown extended header keyword 'LIBARCHIVE.xattr.com.apple.provenance'
tar: Ignoring unknown extended header keyword 'LIBARCHIVE.xattr.com.apple.provenance'
portal-adminpy/ultima/assets/demo/images/galleria/._galleria3.jpg
portal-adminpy/ultima/assets/demo/images/galleria/galleria3.jpg
portal-adminpy/ultima/assets/demo/images/galleria/._galleria7s.jpg
portal-adminpy/ultima/assets/demo/images/galleria/galleria7s.jpg
portal-adminpy/ultima/assets/demo/images/galleria/._galleria2.jpg
portal-adminpy/ultima/assets/demo/images/galleria/galleria2.jpg
tar: Ignoring unknown extended header keyword 'LIBARCHIVE.xattr.com.apple.provenance'
tar: Ignoring unknown extended header keyword 'LIBARCHIVE.xattr.com.apple.provenance'
tar: Ignoring unknown extended header keyword 'LIBARCHIVE.xattr.com.apple.provenance'
portal-adminpy/ultima/assets/demo/images/galleria/._galleria15.jpg
portal-adminpy/ultima/assets/demo/images/galleria/galleria15.jpg
tar: Ignoring unknown extended header keyword 'LIBARCHIVE.xattr.com.apple.provenance'
portal-adminpy/ultima/assets/demo/images/galleria/._galleria14.jpg
portal-adminpy/ultima/assets/demo/images/galleria/galleria14.jpg
portal-adminpy/ultima/assets/demo/images/galleria/._galleria13.jpg
portal-adminpy/ultima/assets/demo/images/galleria/galleria13.jpg
portal-adminpy/ultima/assets/demo/images/galleria/._galleria1s.jpg
portal-adminpy/ultima/assets/demo/images/galleria/galleria1s.jpg
portal-adminpy/ultima/assets/demo/images/galleria/._galleria12.jpg
portal-adminpy/ultima/assets/demo/images/galleria/galleria12.jpg
tar: Ignoring unknown extended header keyword 'LIBARCHIVE.xattr.com.apple.provenance'
tar: Ignoring unknown extended header keyword 'LIBARCHIVE.xattr.com.apple.provenance'
tar: Ignoring unknown extended header keyword 'LIBARCHIVE.xattr.com.apple.provenance'
tar: Ignoring unknown extended header keyword 'LIBARCHIVE.xattr.com.apple.provenance'
portal-adminpy/ultima/assets/demo/images/galleria/._galleria10.jpg
portal-adminpy/ultima/assets/demo/images/galleria/galleria10.jpg
portal-adminpy/ultima/assets/demo/images/galleria/._galleria11.jpg
portal-adminpy/ultima/assets/demo/images/galleria/galleria11.jpg
tar: Ignoring unknown extended header keyword 'LIBARCHIVE.xattr.com.apple.provenance'
tar: Ignoring unknown extended header keyword 'LIBARCHIVE.xattr.com.apple.provenance'
portal-adminpy/ultima/assets/demo/images/galleria/._galleria15s.jpg
portal-adminpy/ultima/assets/demo/images/galleria/galleria15s.jpg
portal-adminpy/ultima/assets/demo/images/galleria/._galleria2s.jpg
portal-adminpy/ultima/assets/demo/images/galleria/galleria2s.jpg
portal-adminpy/ultima/assets/demo/images/galleria/._galleria3s.jpg
portal-adminpy/ultima/assets/demo/images/galleria/galleria3s.jpg
portal-adminpy/ultima/assets/demo/images/galleria/._galleria14s.jpg
portal-adminpy/ultima/assets/demo/images/galleria/galleria14s.jpg
portal-adminpy/ultima/assets/demo/images/galleria/._galleria4s.jpg
portal-adminpy/ultima/assets/demo/images/galleria/galleria4s.jpg
tar: Ignoring unknown extended header keyword 'LIBARCHIVE.xattr.com.apple.provenance'
tar: Ignoring unknown extended header keyword 'LIBARCHIVE.xattr.com.apple.provenance'
tar: Ignoring unknown extended header keyword 'LIBARCHIVE.xattr.com.apple.provenance'
tar: Ignoring unknown extended header keyword 'LIBARCHIVE.xattr.com.apple.provenance'
tar: Ignoring unknown extended header keyword 'LIBARCHIVE.xattr.com.apple.provenance'
portal-adminpy/ultima/assets/demo/images/galleria/._galleria8s.jpg
portal-adminpy/ultima/assets/demo/images/galleria/galleria8s.jpg
portal-adminpy/ultima/assets/demo/images/galleria/._galleria13s.jpg
portal-adminpy/ultima/assets/demo/images/galleria/galleria13s.jpg
portal-adminpy/ultima/assets/demo/images/galleria/._galleria9.jpg
portal-adminpy/ultima/assets/demo/images/galleria/galleria9.jpg
portal-adminpy/ultima/assets/demo/images/galleria/._galleria9s.jpg
portal-adminpy/ultima/assets/demo/images/galleria/galleria9s.jpg
portal-adminpy/ultima/assets/demo/images/galleria/._galleria12s.jpg
portal-adminpy/ultima/assets/demo/images/galleria/galleria12s.jpg
portal-adminpy/ultima/assets/demo/images/galleria/._galleria8.jpg
portal-adminpy/ultima/assets/demo/images/galleria/galleria8.jpg
portal-adminpy/ultima/assets/demo/images/galleria/._galleria5s.jpg
portal-adminpy/ultima/assets/demo/images/galleria/galleria5s.jpg
portal-adminpy/ultima/assets/demo/flags/._flag_placeholder.png
portal-adminpy/ultima/assets/demo/flags/flag_placeholder.png
portal-adminpy/ultima/assets/demo/flags/._flags_responsive.png
portal-adminpy/ultima/assets/demo/flags/flags_responsive.png
portal-adminpy/ultima/assets/demo/flags/._flags.css
tar: Ignoring unknown extended header keyword 'LIBARCHIVE.xattr.com.apple.provenance'
tar: Ignoring unknown extended header keyword 'LIBARCHIVE.xattr.com.apple.provenance'
tar: Ignoring unknown extended header keyword 'LIBARCHIVE.xattr.com.apple.provenance'
tar: Ignoring unknown extended header keyword 'LIBARCHIVE.xattr.com.apple.provenance'
tar: Ignoring unknown extended header keyword 'LIBARCHIVE.xattr.com.apple.provenance'
tar: Ignoring unknown extended header keyword 'LIBARCHIVE.xattr.com.apple.provenance'
tar: Ignoring unknown extended header keyword 'LIBARCHIVE.xattr.com.apple.provenance'
tar: Ignoring unknown extended header keyword 'LIBARCHIVE.xattr.com.apple.provenance'
tar: Ignoring unknown extended header keyword 'LIBARCHIVE.xattr.com.apple.provenance'
portal-adminpy/ultima/assets/demo/flags/flags.css
tar: Ignoring unknown extended header keyword 'LIBARCHIVE.xattr.com.apple.provenance'
._minna
minna/
minna/._ultima-ng
tar: Ignoring unknown extended header keyword 'LIBARCHIVE.xattr.com.apple.provenance'
tar: Ignoring unknown extended header keyword 'LIBARCHIVE.xattr.com.apple.provenance'minna/ultima-ng/
minna/ultima-ng/._239.a4df2b4d27843eef.js
minna/ultima-ng/239.a4df2b4d27843eef.js
minna/ultima-ng/._favicon.ico

tar: Ignoring unknown extended header keyword 'LIBARCHIVE.xattr.com.apple.provenance'
minna/ultima-ng/favicon.ico
minna/ultima-ng/._index.html
tar: Ignoring unknown extended header keyword 'LIBARCHIVE.xattr.com.apple.provenance'
tar: Ignoring unknown extended header keyword 'LIBARCHIVE.xattr.com.apple.provenance'
minna/ultima-ng/index.html
minna/ultima-ng/._primeicons.f8b9e8a4e401b603.woff
minna/ultima-ng/primeicons.f8b9e8a4e401b603.woff
minna/ultima-ng/._3rdpartylicenses.txt
minna/ultima-ng/3rdpartylicenses.txt
tar: Ignoring unknown extended header keyword 'LIBARCHIVE.xattr.com.apple.provenance'
tar: Ignoring unknown extended header keyword 'LIBARCHIVE.xattr.com.apple.provenance'
minna/ultima-ng/._bootstrap-icons.ac1a99b3d05d8232.woff
minna/ultima-ng/bootstrap-icons.ac1a99b3d05d8232.woff
tar: Ignoring unknown extended header keyword 'LIBARCHIVE.xattr.com.apple.provenance'
minna/ultima-ng/._primeicons.ffecb2549ad1765a.eot
minna/ultima-ng/primeicons.ffecb2549ad1765a.eot
tar: Ignoring unknown extended header keyword 'LIBARCHIVE.xattr.com.apple.provenance'
minna/ultima-ng/._flags_responsive.2aca9e17ea53881b.png
minna/ultima-ng/flags_responsive.2aca9e17ea53881b.png
minna/ultima-ng/._147.29c3583110a36d76.js
minna/ultima-ng/147.29c3583110a36d76.js
tar: Ignoring unknown extended header keyword 'LIBARCHIVE.xattr.com.apple.provenance'
tar: Ignoring unknown extended header keyword 'LIBARCHIVE.xattr.com.apple.provenance'
minna/ultima-ng/._primeicons.943ab24c43224d29.svg
minna/ultima-ng/primeicons.943ab24c43224d29.svg
tar: Ignoring unknown extended header keyword 'LIBARCHIVE.xattr.com.apple.provenance'
minna/ultima-ng/._styles.2b6238dd78d37d92.css
minna/ultima-ng/styles.2b6238dd78d37d92.css
tar: Ignoring unknown extended header keyword 'LIBARCHIVE.xattr.com.apple.provenance'
minna/ultima-ng/._627.d8474bcb70cd5d03.js
tar: Ignoring unknown extended header keyword 'LIBARCHIVE.xattr.com.apple.provenance'
minna/ultima-ng/627.d8474bcb70cd5d03.js
minna/ultima-ng/._hue.8b1818380241e6ac.png
minna/ultima-ng/hue.8b1818380241e6ac.png
minna/ultima-ng/._color.dae87a04d07ca92b.png
minna/ultima-ng/color.dae87a04d07ca92b.png
minna/ultima-ng/._bootstrap-icons.154365acf3010d96.woff2
tar: Ignoring unknown extended header keyword 'LIBARCHIVE.xattr.com.apple.provenance'
tar: Ignoring unknown extended header keyword 'LIBARCHIVE.xattr.com.apple.provenance'
tar: minna/ultima-ng/bootstrap-icons.154365acf3010d96.woff2
minna/ultima-ng/._main.3f23fa47e7f04ea6.js
Ignoring unknown extended header keyword 'LIBARCHIVE.xattr.com.apple.provenance'
minna/ultima-ng/main.3f23fa47e7f04ea6.js
tar: Ignoring unknown extended header keyword 'LIBARCHIVE.xattr.com.apple.provenance'
minna/ultima-ng/._runtime.ce3c2bb65ad0c1dd.js
tar: Ignoring unknown extended header keyword 'LIBARCHIVE.xattr.com.apple.provenance'
minna/ultima-ng/runtime.ce3c2bb65ad0c1dd.js
minna/ultima-ng/._polyfills.42669d65d1e3ed79.js
minna/ultima-ng/polyfills.42669d65d1e3ed79.js
minna/ultima-ng/._assets
tar: Ignoring unknown extended header keyword 'LIBARCHIVE.xattr.com.apple.provenance'
minna/ultima-ng/assets/
minna/ultima-ng/._scripts.d331686b5f54582d.js
minna/ultima-ng/scripts.d331686b5f54582d.js
minna/ultima-ng/._primeicons.0112589c5695a9ed.ttf
minna/ultima-ng/primeicons.0112589c5695a9ed.ttf
minna/ultima-ng/._primeicons.ba3f916dfb64be8c.woff2
minna/ultima-ng/primeicons.ba3f916dfb64be8c.woff2
minna/ultima-ng/assets/._demo
minna/ultima-ng/assets/demo/
minna/ultima-ng/assets/._layout
tar: Ignoring unknown extended header keyword 'LIBARCHIVE.xattr.com.apple.provenance'
tar: Ignoring unknown extended header keyword 'LIBARCHIVE.xattr.com.apple.provenance'
tar: Ignoring unknown extended header keyword 'LIBARCHIVE.xattr.com.apple.provenance'
tar: Ignoring unknown extended header keyword 'LIBARCHIVE.xattr.com.apple.provenance'
tar: Ignoring unknown extended header keyword 'LIBARCHIVE.xattr.com.apple.provenance'
minna/ultima-ng/assets/layout/
minna/ultima-ng/assets/._theme
minna/ultima-ng/assets/theme/
minna/ultima-ng/assets/._sass
minna/ultima-ng/assets/sass/
minna/ultima-ng/assets/._pages
minna/ultima-ng/assets/pages/
minna/ultima-ng/assets/pages/._primeicons.css
minna/ultima-ng/assets/pages/primeicons.css
minna/ultima-ng/assets/pages/._primeflex.min.css
minna/ultima-ng/assets/pages/primeflex.min.css
tar: Ignoring unknown extended header keyword 'LIBARCHIVE.xattr.com.apple.provenance'
tar: Ignoring unknown extended header keyword 'LIBARCHIVE.xattr.com.apple.provenance'
tar: Ignoring unknown extended header keyword 'LIBARCHIVE.xattr.com.apple.provenance'
tar: Ignoring unknown extended header keyword 'LIBARCHIVE.xattr.com.apple.provenance'
tar: Ignoring unknown extended header keyword 'LIBARCHIVE.xattr.com.apple.provenance'
tar: Ignoring unknown extended header keyword 'LIBARCHIVE.xattr.com.apple.provenance'
minna/ultima-ng/assets/pages/._primeng.min.css
minna/ultima-ng/assets/pages/primeng.min.css
minna/ultima-ng/assets/pages/._landing.html
minna/ultima-ng/assets/pages/landing.html
minna/ultima-ng/assets/pages/._fonts
tar: Ignoring unknown extended header keyword 'LIBARCHIVE.xattr.com.apple.provenance'
tar: Ignoring unknown extended header keyword 'LIBARCHIVE.xattr.com.apple.provenance'
minna/ultima-ng/assets/pages/fonts/
minna/ultima-ng/assets/pages/fonts/._primeicons.svg
minna/ultima-ng/assets/pages/fonts/primeicons.svg
tar: Ignoring unknown extended header keyword 'LIBARCHIVE.xattr.com.apple.provenance'
tar: Ignoring unknown extended header keyword 'LIBARCHIVE.xattr.com.apple.provenance'
minna/ultima-ng/assets/pages/fonts/._primeicons.woff
minna/ultima-ng/assets/pages/fonts/primeicons.woff
minna/ultima-ng/assets/pages/fonts/._primeicons.eot
tar: Ignoring unknown extended header keyword 'LIBARCHIVE.xattr.com.apple.provenance'
tar: Ignoring unknown extended header keyword 'LIBARCHIVE.xattr.com.apple.provenance'minna/ultima-ng/assets/pages/fonts/primeicons.eot
minna/ultima-ng/assets/pages/fonts/._primeicons.ttf

tar: minna/ultima-ng/assets/pages/fonts/primeicons.ttf
minna/ultima-ng/assets/sass/._overrides
Ignoring unknown extended header keyword 'LIBARCHIVE.xattr.com.apple.provenance'
tar: minna/ultima-ng/assets/sass/overrides/
minna/ultima-ng/assets/sass/.__fonts.scss
Ignoring unknown extended header keyword 'LIBARCHIVE.xattr.com.apple.provenance'
tar: Ignoring unknown extended header keyword 'LIBARCHIVE.xattr.com.apple.provenance'
minna/ultima-ng/assets/sass/_fonts.scss
minna/ultima-ng/assets/sass/._layout
tar: Ignoring unknown extended header keyword 'LIBARCHIVE.xattr.com.apple.provenance'minna/ultima-ng/assets/sass/layout/
minna/ultima-ng/assets/sass/._theme
minna/ultima-ng/assets/sass/theme/
minna/ultima-ng/assets/sass/._variables

tar: Ignoring unknown extended header keyword 'LIBARCHIVE.xattr.com.apple.provenance'
tar: Ignoring unknown extended header keyword 'LIBARCHIVE.xattr.com.apple.provenance'minna/ultima-ng/assets/sass/variables/
minna/ultima-ng/assets/sass/variables/._layout
minna/ultima-ng/assets/sass/variables/layout/
minna/ultima-ng/assets/sass/variables/._theme

tar: Ignoring unknown extended header keyword 'LIBARCHIVE.xattr.com.apple.provenance'
tar: Ignoring unknown extended header keyword 'LIBARCHIVE.xattr.com.apple.provenance'
minna/ultima-ng/assets/sass/variables/theme/
minna/ultima-ng/assets/sass/variables/theme/.__theme_dark.scss
tar: Ignoring unknown extended header keyword 'LIBARCHIVE.xattr.com.apple.provenance'minna/ultima-ng/assets/sass/variables/theme/_theme_dark.scss
minna/ultima-ng/assets/sass/variables/theme/.__theme_light.scss
minna/ultima-ng/assets/sass/variables/theme/_theme_light.scss

tar: Ignoring unknown extended header keyword 'LIBARCHIVE.xattr.com.apple.provenance'
minna/ultima-ng/assets/sass/variables/layout/.__layout_light.scss
minna/ultima-ng/assets/sass/variables/layout/_layout_light.scss
tar: Ignoring unknown extended header keyword 'LIBARCHIVE.xattr.com.apple.provenance'
minna/ultima-ng/assets/sass/variables/layout/.__layout_dark.scss
minna/ultima-ng/assets/sass/variables/layout/_layout_dark.scss
minna/ultima-ng/assets/sass/variables/layout/.__layout_common.scss
minna/ultima-ng/assets/sass/variables/layout/_layout_common.scss
minna/ultima-ng/assets/sass/theme/.__theme_dark.scss
minna/ultima-ng/assets/sass/theme/_theme_dark.scss
minna/ultima-ng/assets/sass/theme/.__compact.scss
tar: Ignoring unknown extended header keyword 'LIBARCHIVE.xattr.com.apple.provenance'
tar: Ignoring unknown extended header keyword 'LIBARCHIVE.xattr.com.apple.provenance'
tar: Ignoring unknown extended header keyword 'LIBARCHIVE.xattr.com.apple.provenance'
tar: Ignoring unknown extended header keyword 'LIBARCHIVE.xattr.com.apple.provenance'
minna/ultima-ng/assets/sass/theme/_compact.scss
minna/ultima-ng/assets/sass/theme/._extensions
tar: Ignoring unknown extended header keyword 'LIBARCHIVE.xattr.com.apple.provenance'
minna/ultima-ng/assets/sass/theme/extensions/
minna/ultima-ng/assets/sass/theme/._designer
minna/ultima-ng/assets/sass/theme/designer/
minna/ultima-ng/assets/sass/theme/.__theme_light.scss
minna/ultima-ng/assets/sass/theme/_theme_light.scss
minna/ultima-ng/assets/sass/theme/designer/._components
minna/ultima-ng/assets/sass/theme/designer/components/
minna/ultima-ng/assets/sass/theme/designer/.__mixins.scss
minna/ultima-ng/assets/sass/theme/designer/_mixins.scss
minna/ultima-ng/assets/sass/theme/designer/.__common.scss
minna/ultima-ng/assets/sass/theme/designer/_common.scss
minna/ultima-ng/assets/sass/theme/designer/.__components.scss
minna/ultima-ng/assets/sass/theme/designer/_components.scss
minna/ultima-ng/assets/sass/theme/designer/components/._misc
tar: Ignoring unknown extended header keyword 'LIBARCHIVE.xattr.com.apple.provenance'
tar: Ignoring unknown extended header keyword 'LIBARCHIVE.xattr.com.apple.provenance'
tar: Ignoring unknown extended header keyword 'LIBARCHIVE.xattr.com.apple.provenance'
tar: Ignoring unknown extended header keyword 'LIBARCHIVE.xattr.com.apple.provenance'
tar: Ignoring unknown extended header keyword 'LIBARCHIVE.xattr.com.apple.provenance'
tar: Ignoring unknown extended header keyword 'LIBARCHIVE.xattr.com.apple.provenance'
minna/ultima-ng/assets/sass/theme/designer/components/misc/
minna/ultima-ng/assets/sass/theme/designer/components/._messages
tar: Ignoring unknown extended header keyword 'LIBARCHIVE.xattr.com.apple.provenance'
tar: Ignoring unknown extended header keyword 'LIBARCHIVE.xattr.com.apple.provenance'
minna/ultima-ng/assets/sass/theme/designer/components/messages/
minna/ultima-ng/assets/sass/theme/designer/components/._panel
minna/ultima-ng/assets/sass/theme/designer/components/panel/
minna/ultima-ng/assets/sass/theme/designer/components/._file
minna/ultima-ng/assets/sass/theme/designer/components/file/
minna/ultima-ng/assets/sass/theme/designer/components/._input
tar: Ignoring unknown extended header keyword 'LIBARCHIVE.xattr.com.apple.provenance'
tar: Ignoring unknown extended header keyword 'LIBARCHIVE.xattr.com.apple.provenance'
tar: Ignoring unknown extended header keyword 'LIBARCHIVE.xattr.com.apple.provenance'minna/ultima-ng/assets/sass/theme/designer/components/input/
minna/ultima-ng/assets/sass/theme/designer/components/._button
minna/ultima-ng/assets/sass/theme/designer/components/button/
minna/ultima-ng/assets/sass/theme/designer/components/._menu
minna/ultima-ng/assets/sass/theme/designer/components/menu/
minna/ultima-ng/assets/sass/theme/designer/components/._multimedia
minna/ultima-ng/assets/sass/theme/designer/components/multimedia/
minna/ultima-ng/assets/sass/theme/designer/components/._overlay
minna/ultima-ng/assets/sass/theme/designer/components/overlay/
minna/ultima-ng/assets/sass/theme/designer/components/._data
minna/ultima-ng/assets/sass/theme/designer/components/data/
minna/ultima-ng/assets/sass/theme/designer/components/data/.__organizationchart.scss
minna/ultima-ng/assets/sass/theme/designer/components/data/_organizationchart.scss
minna/ultima-ng/assets/sass/theme/designer/components/data/.__picklist.scss
minna/ultima-ng/assets/sass/theme/designer/components/data/_picklist.scss
minna/ultima-ng/assets/sass/theme/designer/components/data/.__treetable.scss
minna/ultima-ng/assets/sass/theme/designer/components/data/_treetable.scss
minna/ultima-ng/assets/sass/theme/designer/components/data/.__fullcalendar.scss
minna/ultima-ng/assets/sass/theme/designer/components/data/_fullcalendar.scss
minna/ultima-ng/assets/sass/theme/designer/components/data/.__carousel.scss
minna/ultima-ng/assets/sass/theme/designer/components/data/_carousel.scss
minna/ultima-ng/assets/sass/theme/designer/components/data/.__timeline.scss
minna/ultima-ng/assets/sass/theme/designer/components/data/_timeline.scss
minna/ultima-ng/assets/sass/theme/designer/components/data/.__virtualscroller.scss
minna/ultima-ng/assets/sass/theme/designer/components/data/_virtualscroller.scss
minna/ultima-ng/assets/sass/theme/designer/components/data/.__datatable.scss
minna/ultima-ng/assets/sass/theme/designer/components/data/_datatable.scss
minna/ultima-ng/assets/sass/theme/designer/components/data/.__orderlist.scss
minna/ultima-ng/assets/sass/theme/designer/components/data/_orderlist.scss
minna/ultima-ng/assets/sass/theme/designer/components/data/.__paginator.scss
minna/ultima-ng/assets/sass/theme/designer/components/data/_paginator.scss
minna/ultima-ng/assets/sass/theme/designer/components/data/.__dataview.scss
minna/ultima-ng/assets/sass/theme/designer/components/data/_dataview.scss
minna/ultima-ng/assets/sass/theme/designer/components/data/.__tree.scss

tar: Ignoring unknown extended header keyword 'LIBARCHIVE.xattr.com.apple.provenance'
tar: Ignoring unknown extended header keyword 'LIBARCHIVE.xattr.com.apple.provenance'
tar: Ignoring unknown extended header keyword 'LIBARCHIVE.xattr.com.apple.provenance'
tar: Ignoring unknown extended header keyword 'LIBARCHIVE.xattr.com.apple.provenance'
tar: Ignoring unknown extended header keyword 'LIBARCHIVE.xattr.com.apple.provenance'
tar: Ignoring unknown extended header keyword 'LIBARCHIVE.xattr.com.apple.provenance'
tar: Ignoring unknown extended header keyword 'LIBARCHIVE.xattr.com.apple.provenance'
tar: Ignoring unknown extended header keyword 'LIBARCHIVE.xattr.com.apple.provenance'
tar: Ignoring unknown extended header keyword 'LIBARCHIVE.xattr.com.apple.provenance'
tar: Ignoring unknown extended header keyword 'LIBARCHIVE.xattr.com.apple.provenance'
tar: Ignoring unknown extended header keyword 'LIBARCHIVE.xattr.com.apple.provenance'
tar: Ignoring unknown extended header keyword 'LIBARCHIVE.xattr.com.apple.provenance'
tar: Ignoring unknown extended header keyword 'LIBARCHIVE.xattr.com.apple.provenance'
tar: Ignoring unknown extended header keyword 'LIBARCHIVE.xattr.com.apple.provenance'
tar: Ignoring unknown extended header keyword 'LIBARCHIVE.xattr.com.apple.provenance'
tar: Ignoring unknown extended header keyword 'LIBARCHIVE.xattr.com.apple.provenance'
tar: minna/ultima-ng/assets/sass/theme/designer/components/data/_tree.scss
minna/ultima-ng/assets/sass/theme/designer/components/data/.__filter.scss
minna/ultima-ng/assets/sass/theme/designer/components/data/_filter.scss
minna/ultima-ng/assets/sass/theme/designer/components/overlay/.__dialog.scss
minna/ultima-ng/assets/sass/theme/designer/components/overlay/_dialog.scss
minna/ultima-ng/assets/sass/theme/designer/components/overlay/.__overlaypanel.scss
minna/ultima-ng/assets/sass/theme/designer/components/overlay/_overlaypanel.scss
minna/ultima-ng/assets/sass/theme/designer/components/overlay/.__sidebar.scss
minna/ultima-ng/assets/sass/theme/designer/components/overlay/_sidebar.scss
minna/ultima-ng/assets/sass/theme/designer/components/overlay/.__tooltip.scss
minna/ultima-ng/assets/sass/theme/designer/components/overlay/_tooltip.scss
minna/ultima-ng/assets/sass/theme/designer/components/overlay/.__confirmpopup.scss
minna/ultima-ng/assets/sass/theme/designer/components/overlay/_confirmpopup.scss
minna/ultima-ng/assets/sass/theme/designer/components/multimedia/.__galleria.scss
minna/ultima-ng/assets/sass/theme/designer/components/multimedia/_galleria.scss
minna/ultima-ng/assets/sass/theme/designer/components/menu/.__menubar.scss
minna/ultima-ng/assets/sass/theme/designer/components/menu/_menubar.scss
minna/ultima-ng/assets/sass/theme/designer/components/menu/.__slidemenu.scss
minna/ultima-ng/assets/sass/theme/designer/components/menu/_slidemenu.scss
minna/ultima-ng/assets/sass/theme/designer/components/menu/.__contextmenu.scss
minna/ultima-ng/assets/sass/theme/designer/components/menu/_contextmenu.scss
minna/ultima-ng/assets/sass/theme/designer/components/menu/.__breadcrumb.scss
minna/ultima-ng/assets/sass/theme/designer/components/menu/_breadcrumb.scss
minna/ultima-ng/assets/sass/theme/designer/components/menu/.__tieredmenu.scss
minna/ultima-ng/assets/sass/theme/designer/components/menu/_tieredmenu.scss
minna/ultima-ng/assets/sass/theme/designer/components/menu/.__steps.scss
minna/ultima-ng/assets/sass/theme/designer/components/menu/_steps.scss
Ignoring unknown extended header keyword 'LIBARCHIVE.xattr.com.apple.provenance'
tar: Ignoring unknown extended header keyword 'LIBARCHIVE.xattr.com.apple.provenance'
tar: Ignoring unknown extended header keyword 'LIBARCHIVE.xattr.com.apple.provenance'
tar: Ignoring unknown extended header keyword 'LIBARCHIVE.xattr.com.apple.provenance'
tar: Ignoring unknown extended header keyword 'LIBARCHIVE.xattr.com.apple.provenance'
tar: Ignoring unknown extended header keyword 'LIBARCHIVE.xattr.com.apple.provenance'
tar: Ignoring unknown extended header keyword 'LIBARCHIVE.xattr.com.apple.provenance'
tar: Ignoring unknown extended header keyword 'LIBARCHIVE.xattr.com.apple.provenance'
tar: Ignoring unknown extended header keyword 'LIBARCHIVE.xattr.com.apple.provenance'
tar: Ignoring unknown extended header keyword 'LIBARCHIVE.xattr.com.apple.provenance'
tar: Ignoring unknown extended header keyword 'LIBARCHIVE.xattr.com.apple.provenance'
tar: Ignoring unknown extended header keyword 'LIBARCHIVE.xattr.com.apple.provenance'
tar: Ignoring unknown extended header keyword 'LIBARCHIVE.xattr.com.apple.provenance'
tar: Ignoring unknown extended header keyword 'LIBARCHIVE.xattr.com.apple.provenance'
minna/ultima-ng/assets/sass/theme/designer/components/menu/.__tabmenu.scss
minna/ultima-ng/assets/sass/theme/designer/components/menu/_tabmenu.scss
minna/ultima-ng/assets/sass/theme/designer/components/menu/.__menu.scss
minna/ultima-ng/assets/sass/theme/designer/components/menu/_menu.scss
minna/ultima-ng/assets/sass/theme/designer/components/menu/.__panelmenu.scss
minna/ultima-ng/assets/sass/theme/designer/components/menu/_panelmenu.scss
minna/ultima-ng/assets/sass/theme/designer/components/menu/.__megamenu.scss
minna/ultima-ng/assets/sass/theme/designer/components/menu/_megamenu.scss
minna/ultima-ng/assets/sass/theme/designer/components/button/.__button.scss
minna/ultima-ng/assets/sass/theme/designer/components/button/_button.scss
minna/ultima-ng/assets/sass/theme/designer/components/button/.__splitbutton.scss
minna/ultima-ng/assets/sass/theme/designer/components/button/_splitbutton.scss
minna/ultima-ng/assets/sass/theme/designer/components/input/.__radiobutton.scss
minna/ultima-ng/assets/sass/theme/designer/components/input/_radiobutton.scss
minna/ultima-ng/assets/sass/theme/designer/components/input/.__checkbox.scss
minna/ultima-ng/assets/sass/theme/designer/components/input/_checkbox.scss
minna/ultima-ng/assets/sass/theme/designer/components/input/.__inputmask.scss
minna/ultima-ng/assets/sass/theme/designer/components/input/_inputmask.scss
minna/ultima-ng/assets/sass/theme/designer/components/input/.__inputgroup.scss
minna/ultima-ng/assets/sass/theme/designer/components/input/_inputgroup.scss
minna/ultima-ng/assets/sass/theme/designer/components/input/.__selectbutton.scss
minna/ultima-ng/assets/sass/theme/designer/components/input/_selectbutton.scss
minna/ultima-ng/assets/sass/theme/designer/components/input/.__inputtext.scss
minna/ultima-ng/assets/sass/theme/designer/components/input/_inputtext.scss
minna/ultima-ng/assets/sass/theme/designer/components/input/.__togglebutton.scss
minna/ultima-ng/assets/sass/theme/designer/components/input/_togglebutton.scss
minna/ultima-ng/assets/sass/theme/designer/components/input/.__editor.scss
minna/ultima-ng/assets/sass/theme/designer/components/input/_editor.scss
minna/ultima-ng/assets/sass/theme/designer/components/input/.__calendar.scss
minna/ultima-ng/assets/sass/theme/designer/components/input/_calendar.scss
minna/ultima-ng/assets/sass/theme/designer/components/input/.__cascadeselect.scss
minna/ultima-ng/assets/sass/theme/designer/components/input/_cascadeselect.scss
minna/ultima-ng/assets/sass/theme/designer/components/input/.__inputnumber.scss
minna/ultima-ng/assets/sass/theme/designer/components/input/_inputnumber.scss
minna/ultima-ng/assets/sass/theme/designer/components/input/.__password.scss
minna/ultima-ng/assets/sass/theme/designer/components/input/_password.scss
tar: Ignoring unknown extended header keyword 'LIBARCHIVE.xattr.com.apple.provenance'
tar: Ignoring unknown extended header keyword 'LIBARCHIVE.xattr.com.apple.provenance'
tar: Ignoring unknown extended header keyword 'LIBARCHIVE.xattr.com.apple.provenance'
tar: Ignoring unknown extended header keyword 'LIBARCHIVE.xattr.com.apple.provenance'
tar: Ignoring unknown extended header keyword 'LIBARCHIVE.xattr.com.apple.provenance'
tar: Ignoring unknown extended header keyword 'LIBARCHIVE.xattr.com.apple.provenance'
tar: Ignoring unknown extended header keyword 'LIBARCHIVE.xattr.com.apple.provenance'
tar: Ignoring unknown extended header keyword 'LIBARCHIVE.xattr.com.apple.provenance'
tar: Ignoring unknown extended header keyword 'LIBARCHIVE.xattr.com.apple.provenance'
tar: Ignoring unknown extended header keyword 'LIBARCHIVE.xattr.com.apple.provenance'
tar: Ignoring unknown extended header keyword 'LIBARCHIVE.xattr.com.apple.provenance'
tar: Ignoring unknown extended header keyword 'LIBARCHIVE.xattr.com.apple.provenance'
tar: Ignoring unknown extended header keyword 'LIBARCHIVE.xattr.com.apple.provenance'
tar: Ignoring unknown extended header keyword 'LIBARCHIVE.xattr.com.apple.provenance'
tar: Ignoring unknown extended header keyword 'LIBARCHIVE.xattr.com.apple.provenance'
tar: Ignoring unknown extended header keyword 'LIBARCHIVE.xattr.com.apple.provenance'
tar: Ignoring unknown extended header keyword 'LIBARCHIVE.xattr.com.apple.provenance'
tar: Ignoring unknown extended header keyword 'LIBARCHIVE.xattr.com.apple.provenance'
minna/ultima-ng/assets/sass/theme/designer/components/input/.__multiselect.scss
minna/ultima-ng/assets/sass/theme/designer/components/input/_multiselect.scss
minna/ultima-ng/assets/sass/theme/designer/components/input/.__chips.scss
minna/ultima-ng/assets/sass/theme/designer/components/input/_chips.scss
minna/ultima-ng/assets/sass/theme/designer/components/input/.__slider.scss
tar: Ignoring unknown extended header keyword 'LIBARCHIVE.xattr.com.apple.provenance'
tar: Ignoring unknown extended header keyword 'LIBARCHIVE.xattr.com.apple.provenance'
minna/ultima-ng/assets/sass/theme/designer/components/input/_slider.scss
minna/ultima-ng/assets/sass/theme/designer/components/input/.__rating.scss
minna/ultima-ng/assets/sass/theme/designer/components/input/_rating.scss
minna/ultima-ng/assets/sass/theme/designer/components/input/.__autocomplete.scss
tar: Ignoring unknown extended header keyword 'LIBARCHIVE.xattr.com.apple.provenance'
tar: Ignoring unknown extended header keyword 'LIBARCHIVE.xattr.com.apple.provenance'
tar: Ignoring unknown extended header keyword 'LIBARCHIVE.xattr.com.apple.provenance'
minna/ultima-ng/assets/sass/theme/designer/components/input/_autocomplete.scss
minna/ultima-ng/assets/sass/theme/designer/components/input/.__colorpicker.scss
minna/ultima-ng/assets/sass/theme/designer/components/input/_colorpicker.scss
minna/ultima-ng/assets/sass/theme/designer/components/input/.__listbox.scss
minna/ultima-ng/assets/sass/theme/designer/components/input/_listbox.scss
minna/ultima-ng/assets/sass/theme/designer/components/input/.__dropdown.scss
minna/ultima-ng/assets/sass/theme/designer/components/input/_dropdown.scss
minna/ultima-ng/assets/sass/theme/designer/components/input/.__inputswitch.scss
minna/ultima-ng/assets/sass/theme/designer/components/input/_inputswitch.scss
tar: Ignoring unknown extended header keyword 'LIBARCHIVE.xattr.com.apple.provenance'
tar: Ignoring unknown extended header keyword 'LIBARCHIVE.xattr.com.apple.provenance'
tar: Ignoring unknown extended header keyword 'LIBARCHIVE.xattr.com.apple.provenance'
tar: Ignoring unknown extended header keyword 'LIBARCHIVE.xattr.com.apple.provenance'
minna/ultima-ng/assets/sass/theme/designer/components/file/.__fileupload.scss
minna/ultima-ng/assets/sass/theme/designer/components/file/_fileupload.scss
minna/ultima-ng/assets/sass/theme/designer/components/panel/.__accordion.scss
minna/ultima-ng/assets/sass/theme/designer/components/panel/_accordion.scss
minna/ultima-ng/assets/sass/theme/designer/components/panel/.__panel.scss
minna/ultima-ng/assets/sass/theme/designer/components/panel/_panel.scss
tar: Ignoring unknown extended header keyword 'LIBARCHIVE.xattr.com.apple.provenance'
tar: Ignoring unknown extended header keyword 'LIBARCHIVE.xattr.com.apple.provenance'
tar: Ignoring unknown extended header keyword 'LIBARCHIVE.xattr.com.apple.provenance'
minna/ultima-ng/assets/sass/theme/designer/components/panel/.__card.scss
minna/ultima-ng/assets/sass/theme/designer/components/panel/_card.scss
minna/ultima-ng/assets/sass/theme/designer/components/panel/.__tabview.scss
minna/ultima-ng/assets/sass/theme/designer/components/panel/_tabview.scss
minna/ultima-ng/assets/sass/theme/designer/components/panel/.__scrollpanel.scss
tar: Ignoring unknown extended header keyword 'LIBARCHIVE.xattr.com.apple.provenance'
tar: Ignoring unknown extended header keyword 'LIBARCHIVE.xattr.com.apple.provenance'
minna/ultima-ng/assets/sass/theme/designer/components/panel/_scrollpanel.scss
minna/ultima-ng/assets/sass/theme/designer/components/panel/.__splitter.scss
minna/ultima-ng/assets/sass/theme/designer/components/panel/_splitter.scss
minna/ultima-ng/assets/sass/theme/designer/components/panel/.__toolbar.scss
minna/ultima-ng/assets/sass/theme/designer/components/panel/_toolbar.scss
minna/ultima-ng/assets/sass/theme/designer/components/panel/.__divider.scss
minna/ultima-ng/assets/sass/theme/designer/components/panel/_divider.scss
minna/ultima-ng/assets/sass/theme/designer/components/panel/.__fieldset.scss
minna/ultima-ng/assets/sass/theme/designer/components/panel/_fieldset.scss
minna/ultima-ng/assets/sass/theme/designer/components/messages/.__inlinemessage.scss
minna/ultima-ng/assets/sass/theme/designer/components/messages/_inlinemessage.scss
minna/ultima-ng/assets/sass/theme/designer/components/messages/.__message.scss
tar: Ignoring unknown extended header keyword 'LIBARCHIVE.xattr.com.apple.provenance'
tar: Ignoring unknown extended header keyword 'LIBARCHIVE.xattr.com.apple.provenance'
tar: Ignoring unknown extended header keyword 'LIBARCHIVE.xattr.com.apple.provenance'
tar: Ignoring unknown extended header keyword 'LIBARCHIVE.xattr.com.apple.provenance'
tar: Ignoring unknown extended header keyword 'LIBARCHIVE.xattr.com.apple.provenance'
tar: Ignoring unknown extended header keyword 'LIBARCHIVE.xattr.com.apple.provenance'
tar: Ignoring unknown extended header keyword 'LIBARCHIVE.xattr.com.apple.provenance'
minna/ultima-ng/assets/sass/theme/designer/components/messages/_message.scss
minna/ultima-ng/assets/sass/theme/designer/components/messages/.__toast.scss
minna/ultima-ng/assets/sass/theme/designer/components/messages/_toast.scss
minna/ultima-ng/assets/sass/theme/designer/components/misc/.__progressbar.scss
minna/ultima-ng/assets/sass/theme/designer/components/misc/_progressbar.scss
minna/ultima-ng/assets/sass/theme/designer/components/misc/.__inplace.scss
minna/ultima-ng/assets/sass/theme/designer/components/misc/_inplace.scss
minna/ultima-ng/assets/sass/theme/designer/components/misc/.__skeleton.scss
minna/ultima-ng/assets/sass/theme/designer/components/misc/_skeleton.scss
minna/ultima-ng/assets/sass/theme/designer/components/misc/.__tag.scss
minna/ultima-ng/assets/sass/theme/designer/components/misc/_tag.scss
minna/ultima-ng/assets/sass/theme/designer/components/misc/.__blockui.scss
minna/ultima-ng/assets/sass/theme/designer/components/misc/_blockui.scss
minna/ultima-ng/assets/sass/theme/designer/components/misc/.__badge.scss
tar: Ignoring unknown extended header keyword 'LIBARCHIVE.xattr.com.apple.provenance'
tar: Ignoring unknown extended header keyword 'LIBARCHIVE.xattr.com.apple.provenance'
tar: Ignoring unknown extended header keyword 'LIBARCHIVE.xattr.com.apple.provenance'
tar: Ignoring unknown extended header keyword 'LIBARCHIVE.xattr.com.apple.provenance'
tar: Ignoring unknown extended header keyword 'LIBARCHIVE.xattr.com.apple.provenance'
tar: Ignoring unknown extended header keyword 'LIBARCHIVE.xattr.com.apple.provenance'
minna/ultima-ng/assets/sass/theme/designer/components/misc/_badge.scss
minna/ultima-ng/assets/sass/theme/designer/components/misc/.__avatar.scss
minna/ultima-ng/assets/sass/theme/designer/components/misc/_avatar.scss
minna/ultima-ng/assets/sass/theme/designer/components/misc/.__terminal.scss
minna/ultima-ng/assets/sass/theme/designer/components/misc/_terminal.scss
minna/ultima-ng/assets/sass/theme/designer/components/misc/.__chip.scss
minna/ultima-ng/assets/sass/theme/designer/components/misc/_chip.scss
minna/ultima-ng/assets/sass/theme/designer/components/misc/.__scrolltop.scss
minna/ultima-ng/assets/sass/theme/designer/components/misc/_scrolltop.scss
minna/ultima-ng/assets/sass/theme/extensions/.__progressbar.scss
minna/ultima-ng/assets/sass/theme/extensions/_progressbar.scss
minna/ultima-ng/assets/sass/theme/extensions/.__vendor_extensions.scss
minna/ultima-ng/assets/sass/theme/extensions/_vendor_extensions.scss
minna/ultima-ng/assets/sass/theme/extensions/.__radiobutton.scss
minna/ultima-ng/assets/sass/theme/extensions/_radiobutton.scss
minna/ultima-ng/assets/sass/theme/extensions/.__checkbox.scss
minna/ultima-ng/assets/sass/theme/extensions/_checkbox.scss
minna/ultima-ng/assets/sass/theme/extensions/.__inputmask.scss
minna/ultima-ng/assets/sass/theme/extensions/_inputmask.scss
minna/ultima-ng/assets/sass/theme/extensions/.__treetable.scss
minna/ultima-ng/assets/sass/theme/extensions/_treetable.scss
minna/ultima-ng/assets/sass/theme/extensions/.__carousel.scss
minna/ultima-ng/assets/sass/theme/extensions/_carousel.scss
minna/ultima-ng/assets/sass/theme/extensions/.__timeline.scss
minna/ultima-ng/assets/sass/theme/extensions/_timeline.scss
minna/ultima-ng/assets/sass/theme/extensions/.__float_label.scss
tar: Ignoring unknown extended header keyword 'LIBARCHIVE.xattr.com.apple.provenance'
tar: Ignoring unknown extended header keyword 'LIBARCHIVE.xattr.com.apple.provenance'
tar: Ignoring unknown extended header keyword 'LIBARCHIVE.xattr.com.apple.provenance'
tar: Ignoring unknown extended header keyword 'LIBARCHIVE.xattr.com.apple.provenance'
tar: Ignoring unknown extended header keyword 'LIBARCHIVE.xattr.com.apple.provenance'
tar: Ignoring unknown extended header keyword 'LIBARCHIVE.xattr.com.apple.provenance'
tar: Ignoring unknown extended header keyword 'LIBARCHIVE.xattr.com.apple.provenance'
tar: Ignoring unknown extended header keyword 'LIBARCHIVE.xattr.com.apple.provenance'
tar: Ignoring unknown extended header keyword 'LIBARCHIVE.xattr.com.apple.provenance'
tar: Ignoring unknown extended header keyword 'LIBARCHIVE.xattr.com.apple.provenance'
tar: Ignoring unknown extended header keyword 'LIBARCHIVE.xattr.com.apple.provenance'
tar: Ignoring unknown extended header keyword 'LIBARCHIVE.xattr.com.apple.provenance'
tar: Ignoring unknown extended header keyword 'LIBARCHIVE.xattr.com.apple.provenance'
tar: minna/ultima-ng/assets/sass/theme/extensions/_float_label.scss
minna/ultima-ng/assets/sass/theme/extensions/.__inputgroup.scss
minna/ultima-ng/assets/sass/theme/extensions/_inputgroup.scss
minna/ultima-ng/assets/sass/theme/extensions/.__steps.scss
minna/ultima-ng/assets/sass/theme/extensions/_steps.scss
minna/ultima-ng/assets/sass/theme/extensions/.__selectbutton.scss
minna/ultima-ng/assets/sass/theme/extensions/_selectbutton.scss
minna/ultima-ng/assets/sass/theme/extensions/.__accordion.scss
minna/ultima-ng/assets/sass/theme/extensions/_accordion.scss
minna/ultima-ng/assets/sass/theme/extensions/.__togglebutton.scss
minna/ultima-ng/assets/sass/theme/extensions/_togglebutton.scss
minna/ultima-ng/assets/sass/theme/extensions/.__tabmenu.scss
minna/ultima-ng/assets/sass/theme/extensions/_tabmenu.scss
minna/ultima-ng/assets/sass/theme/extensions/.__button.scss
minna/ultima-ng/assets/sass/theme/extensions/_button.scss
minna/ultima-ng/assets/sass/theme/extensions/.__calendar.scss
minna/ultima-ng/assets/sass/theme/extensions/_calendar.scss
minna/ultima-ng/assets/sass/theme/extensions/.__cascadeselect.scss
minna/ultima-ng/assets/sass/theme/extensions/_cascadeselect.scss
minna/ultima-ng/assets/sass/theme/extensions/.__datatable.scss
minna/ultima-ng/assets/sass/theme/extensions/_datatable.scss
minna/ultima-ng/assets/sass/theme/extensions/.__inputnumber.scss
Ignoring unknown extended header keyword 'LIBARCHIVE.xattr.com.apple.provenance'
tar: Ignoring unknown extended header keyword 'LIBARCHIVE.xattr.com.apple.provenance'
tar: Ignoring unknown extended header keyword 'LIBARCHIVE.xattr.com.apple.provenance'
tar: Ignoring unknown extended header keyword 'LIBARCHIVE.xattr.com.apple.provenance'
tar: Ignoring unknown extended header keyword 'LIBARCHIVE.xattr.com.apple.provenance'
tar: Ignoring unknown extended header keyword 'LIBARCHIVE.xattr.com.apple.provenance'
tar: Ignoring unknown extended header keyword 'LIBARCHIVE.xattr.com.apple.provenance'
tar: Ignoring unknown extended header keyword 'LIBARCHIVE.xattr.com.apple.provenance'
tar: Ignoring unknown extended header keyword 'LIBARCHIVE.xattr.com.apple.provenance'
tar: Ignoring unknown extended header keyword 'LIBARCHIVE.xattr.com.apple.provenance'
tar: Ignoring unknown extended header keyword 'LIBARCHIVE.xattr.com.apple.provenance'
minna/ultima-ng/assets/sass/theme/extensions/_inputnumber.scss
minna/ultima-ng/assets/sass/theme/extensions/.__panel.scss
minna/ultima-ng/assets/sass/theme/extensions/_panel.scss
minna/ultima-ng/assets/sass/theme/extensions/.__overlaypanel.scss
minna/ultima-ng/assets/sass/theme/extensions/_overlaypanel.scss
minna/ultima-ng/assets/sass/theme/extensions/.__paginator.scss
minna/ultima-ng/assets/sass/theme/extensions/_paginator.scss
minna/ultima-ng/assets/sass/theme/extensions/.__galleria.scss
minna/ultima-ng/assets/sass/theme/extensions/_galleria.scss
minna/ultima-ng/assets/sass/theme/extensions/.__input.scss
minna/ultima-ng/assets/sass/theme/extensions/_input.scss
minna/ultima-ng/assets/sass/theme/extensions/.__tabview.scss
minna/ultima-ng/assets/sass/theme/extensions/_tabview.scss
minna/ultima-ng/assets/sass/theme/extensions/.__multiselect.scss
minna/ultima-ng/assets/sass/theme/extensions/_multiselect.scss
minna/ultima-ng/assets/sass/theme/extensions/.__chips.scss
minna/ultima-ng/assets/sass/theme/extensions/_chips.scss
minna/ultima-ng/assets/sass/theme/extensions/.__mixins.scss
minna/ultima-ng/assets/sass/theme/extensions/_mixins.scss
minna/ultima-ng/assets/sass/theme/extensions/.__slider.scss
minna/ultima-ng/assets/sass/theme/extensions/_slider.scss
minna/ultima-ng/assets/sass/theme/extensions/.__panelmenu.scss
minna/ultima-ng/assets/sass/theme/extensions/_panelmenu.scss
minna/ultima-ng/assets/sass/theme/extensions/.__autocomplete.scss
minna/ultima-ng/assets/sass/theme/extensions/_autocomplete.scss
minna/ultima-ng/assets/sass/theme/extensions/.__tooltip.scss
tar: Ignoring unknown extended header keyword 'LIBARCHIVE.xattr.com.apple.provenance'
tar: Ignoring unknown extended header keyword 'LIBARCHIVE.xattr.com.apple.provenance'
tar: Ignoring unknown extended header keyword 'LIBARCHIVE.xattr.com.apple.provenance'
tar: Ignoring unknown extended header keyword 'LIBARCHIVE.xattr.com.apple.provenance'
tar: Ignoring unknown extended header keyword 'LIBARCHIVE.xattr.com.apple.provenance'
tar: Ignoring unknown extended header keyword 'LIBARCHIVE.xattr.com.apple.provenance'
tar: Ignoring unknown extended header keyword 'LIBARCHIVE.xattr.com.apple.provenance'
tar: Ignoring unknown extended header keyword 'LIBARCHIVE.xattr.com.apple.provenance'
tar: Ignoring unknown extended header keyword 'LIBARCHIVE.xattr.com.apple.provenance'
tar: Ignoring unknown extended header keyword 'LIBARCHIVE.xattr.com.apple.provenance'
tar: Ignoring unknown extended header keyword 'LIBARCHIVE.xattr.com.apple.provenance'
tar: Ignoring unknown extended header keyword 'LIBARCHIVE.xattr.com.apple.provenance'
tar: Ignoring unknown extended header keyword 'LIBARCHIVE.xattr.com.apple.provenance'
tar: minna/ultima-ng/assets/sass/theme/extensions/_tooltip.scss
minna/ultima-ng/assets/sass/theme/extensions/.__toolbar.scss
minna/ultima-ng/assets/sass/theme/extensions/_toolbar.scss
minna/ultima-ng/assets/sass/theme/extensions/.__listbox.scss
minna/ultima-ng/assets/sass/theme/extensions/_listbox.scss
minna/ultima-ng/assets/sass/theme/extensions/.__dropdown.scss
minna/ultima-ng/assets/sass/theme/extensions/_dropdown.scss
minna/ultima-ng/assets/sass/theme/extensions/.__inputswitch.scss
minna/ultima-ng/assets/sass/theme/extensions/_inputswitch.scss
minna/ultima-ng/assets/sass/theme/extensions/.__fieldset.scss
minna/ultima-ng/assets/sass/theme/extensions/_fieldset.scss
minna/ultima-ng/assets/sass/layout/.__typography.scss
minna/ultima-ng/assets/sass/layout/_typography.scss
minna/ultima-ng/assets/sass/layout/._core
minna/ultima-ng/assets/sass/layout/core/
minna/ultima-ng/assets/sass/layout/.__breadcrumb.scss
minna/ultima-ng/assets/sass/layout/_breadcrumb.scss
minna/ultima-ng/assets/sass/layout/.__pages.scss
minna/ultima-ng/assets/sass/layout/_pages.scss
minna/ultima-ng/assets/sass/layout/.__rightmenu.scss
minna/ultima-ng/assets/sass/layout/_rightmenu.scss
minna/ultima-ng/assets/sass/layout/.__utils.scss
Ignoring unknown extended header keyword 'LIBARCHIVE.xattr.com.apple.provenance'
tar: Ignoring unknown extended header keyword 'LIBARCHIVE.xattr.com.apple.provenance'
tar: Ignoring unknown extended header keyword 'LIBARCHIVE.xattr.com.apple.provenance'
tar: Ignoring unknown extended header keyword 'LIBARCHIVE.xattr.com.apple.provenance'
tar: Ignoring unknown extended header keyword 'LIBARCHIVE.xattr.com.apple.provenance'
tar: Ignoring unknown extended header keyword 'LIBARCHIVE.xattr.com.apple.provenance'
tar: Ignoring unknown extended header keyword 'LIBARCHIVE.xattr.com.apple.provenance'
tar: Ignoring unknown extended header keyword 'LIBARCHIVE.xattr.com.apple.provenance'
tar: Ignoring unknown extended header keyword 'LIBARCHIVE.xattr.com.apple.provenance'
tar: Ignoring unknown extended header keyword 'LIBARCHIVE.xattr.com.apple.provenance'
tar: Ignoring unknown extended header keyword 'LIBARCHIVE.xattr.com.apple.provenance'
tar: minna/ultima-ng/assets/sass/layout/_utils.scss
minna/ultima-ng/assets/sass/layout/.__loader.scss
minna/ultima-ng/assets/sass/layout/_loader.scss
minna/ultima-ng/assets/sass/layout/.__invoice.scss
Ignoring unknown extended header keyword 'LIBARCHIVE.xattr.com.apple.provenance'
tar: Ignoring unknown extended header keyword 'LIBARCHIVE.xattr.com.apple.provenance'
minna/ultima-ng/assets/sass/layout/_invoice.scss
minna/ultima-ng/assets/sass/layout/.__dashboard.scss
minna/ultima-ng/assets/sass/layout/_dashboard.scss
minna/ultima-ng/assets/sass/layout/.__widgets.scss
tar: Ignoring unknown extended header keyword 'LIBARCHIVE.xattr.com.apple.provenance'
tar: Ignoring unknown extended header keyword 'LIBARCHIVE.xattr.com.apple.provenance'
tar: Ignoring unknown extended header keyword 'LIBARCHIVE.xattr.com.apple.provenance'minna/ultima-ng/assets/sass/layout/_widgets.scss
minna/ultima-ng/assets/sass/layout/.__main.scss
minna/ultima-ng/assets/sass/layout/_main.scss
minna/ultima-ng/assets/sass/layout/.__wizard.scss
minna/ultima-ng/assets/sass/layout/_wizard.scss
minna/ultima-ng/assets/sass/layout/._menu

tar: Ignoring unknown extended header keyword 'LIBARCHIVE.xattr.com.apple.provenance'
tar: Ignoring unknown extended header keyword 'LIBARCHIVE.xattr.com.apple.provenance'
tar: Ignoring unknown extended header keyword 'LIBARCHIVE.xattr.com.apple.provenance'
minna/ultima-ng/assets/sass/layout/menu/
minna/ultima-ng/assets/sass/layout/.__animation.scss
minna/ultima-ng/assets/sass/layout/_animation.scss
minna/ultima-ng/assets/sass/layout/.__config.scss
minna/ultima-ng/assets/sass/layout/_config.scss
minna/ultima-ng/assets/sass/layout/.__mixins.scss
minna/ultima-ng/assets/sass/layout/_mixins.scss
minna/ultima-ng/assets/sass/layout/.__landing.scss
minna/ultima-ng/assets/sass/layout/_landing.scss
minna/ultima-ng/assets/sass/layout/.__footer.scss
minna/ultima-ng/assets/sass/layout/_footer.scss
minna/ultima-ng/assets/sass/layout/._topbar
minna/ultima-ng/assets/sass/layout/topbar/
tar: Ignoring unknown extended header keyword 'LIBARCHIVE.xattr.com.apple.provenance'
tar: Ignoring unknown extended header keyword 'LIBARCHIVE.xattr.com.apple.provenance'
tar: Ignoring unknown extended header keyword 'LIBARCHIVE.xattr.com.apple.provenance'
tar: Ignoring unknown extended header keyword 'LIBARCHIVE.xattr.com.apple.provenance'
tar: Ignoring unknown extended header keyword 'LIBARCHIVE.xattr.com.apple.provenance'
tar: Ignoring unknown extended header keyword 'LIBARCHIVE.xattr.com.apple.provenance'
minna/ultima-ng/assets/sass/layout/.__rtl.scss
minna/ultima-ng/assets/sass/layout/_rtl.scss
minna/ultima-ng/assets/sass/layout/.__help.scss
minna/ultima-ng/assets/sass/layout/_help.scss
minna/ultima-ng/assets/sass/layout/.__megamenu.scss
minna/ultima-ng/assets/sass/layout/_megamenu.scss
tar: Ignoring unknown extended header keyword 'LIBARCHIVE.xattr.com.apple.provenance'
tar: Ignoring unknown extended header keyword 'LIBARCHIVE.xattr.com.apple.provenance'
tar: Ignoring unknown extended header keyword 'LIBARCHIVE.xattr.com.apple.provenance'
minna/ultima-ng/assets/sass/layout/topbar/.__topbar_common.scss
minna/ultima-ng/assets/sass/layout/topbar/_topbar_common.scss
minna/ultima-ng/assets/sass/layout/topbar/.__topbar_exports.scss
minna/ultima-ng/assets/sass/layout/topbar/_topbar_exports.scss
minna/ultima-ng/assets/sass/layout/topbar/.__rtl_topbar.scss
minna/ultima-ng/assets/sass/layout/topbar/_rtl_topbar.scss
tar: Ignoring unknown extended header keyword 'LIBARCHIVE.xattr.com.apple.provenance'
tar: Ignoring unknown extended header keyword 'LIBARCHIVE.xattr.com.apple.provenance'
tar: Ignoring unknown extended header keyword 'LIBARCHIVE.xattr.com.apple.provenance'
minna/ultima-ng/assets/sass/layout/topbar/.__topbar_responsive.scss
minna/ultima-ng/assets/sass/layout/topbar/_topbar_responsive.scss
minna/ultima-ng/assets/sass/layout/topbar/.__topbar.scss
minna/ultima-ng/assets/sass/layout/topbar/_topbar.scss
minna/ultima-ng/assets/sass/layout/topbar/._themes
minna/ultima-ng/assets/sass/layout/topbar/themes/
minna/ultima-ng/assets/sass/layout/topbar/.__topbar_theme.scss
minna/ultima-ng/assets/sass/layout/topbar/_topbar_theme.scss
minna/ultima-ng/assets/sass/layout/topbar/themes/.__topbar_yellow.scss
minna/ultima-ng/assets/sass/layout/topbar/themes/_topbar_yellow.scss
minna/ultima-ng/assets/sass/layout/topbar/themes/.__topbar_orange.scss
minna/ultima-ng/assets/sass/layout/topbar/themes/_topbar_orange.scss
minna/ultima-ng/assets/sass/layout/topbar/themes/.__topbar_teal.scss
tar: Ignoring unknown extended header keyword 'LIBARCHIVE.xattr.com.apple.provenance'
tar: Ignoring unknown extended header keyword 'LIBARCHIVE.xattr.com.apple.provenance'
tar: Ignoring unknown extended header keyword 'LIBARCHIVE.xattr.com.apple.provenance'
tar: Ignoring unknown extended header keyword 'LIBARCHIVE.xattr.com.apple.provenance'
tar: Ignoring unknown extended header keyword 'LIBARCHIVE.xattr.com.apple.provenance'
tar: Ignoring unknown extended header keyword 'LIBARCHIVE.xattr.com.apple.provenance'
tar: Ignoring unknown extended header keyword 'LIBARCHIVE.xattr.com.apple.provenance'minna/ultima-ng/assets/sass/layout/topbar/themes/_topbar_teal.scss
minna/ultima-ng/assets/sass/layout/topbar/themes/.__topbar_purple.scss
minna/ultima-ng/assets/sass/layout/topbar/themes/_topbar_purple.scss
minna/ultima-ng/assets/sass/layout/topbar/themes/.__topbar_white.scss
minna/ultima-ng/assets/sass/layout/topbar/themes/_topbar_white.scss
minna/ultima-ng/assets/sass/layout/topbar/themes/.__topbar_pink.scss
minna/ultima-ng/assets/sass/layout/topbar/themes/_topbar_pink.scss
minna/ultima-ng/assets/sass/layout/topbar/themes/.__topbar_lightblue.scss
minna/ultima-ng/assets/sass/layout/topbar/themes/_topbar_lightblue.scss
minna/ultima-ng/assets/sass/layout/topbar/themes/.__topbar_grey.scss
minna/ultima-ng/assets/sass/layout/topbar/themes/_topbar_grey.scss
minna/ultima-ng/assets/sass/layout/topbar/themes/.__topbar_dark.scss
minna/ultima-ng/assets/sass/layout/topbar/themes/_topbar_dark.scss
minna/ultima-ng/assets/sass/layout/topbar/themes/.__topbar_cyan.scss
minna/ultima-ng/assets/sass/layout/topbar/themes/_topbar_cyan.scss
minna/ultima-ng/assets/sass/layout/topbar/themes/.__topbar_bluegrey.scss
minna/ultima-ng/assets/sass/layout/topbar/themes/_topbar_bluegrey.scss
minna/ultima-ng/assets/sass/layout/topbar/themes/.__topbar_deeppurple.scss
minna/ultima-ng/assets/sass/layout/topbar/themes/_topbar_deeppurple.scss
minna/ultima-ng/assets/sass/layout/topbar/themes/.__topbar_brown.scss
minna/ultima-ng/assets/sass/layout/topbar/themes/_topbar_brown.scss
minna/ultima-ng/assets/sass/layout/topbar/themes/.__topbar_green.scss
minna/ultima-ng/assets/sass/layout/topbar/themes/_topbar_green.scss
minna/ultima-ng/assets/sass/layout/topbar/themes/.__topbar_lime.scss
minna/ultima-ng/assets/sass/layout/topbar/themes/_topbar_lime.scss
minna/ultima-ng/assets/sass/layout/topbar/themes/.__topbar_deeporange.scss

tar: Ignoring unknown extended header keyword 'LIBARCHIVE.xattr.com.apple.provenance'
tar: Ignoring unknown extended header keyword 'LIBARCHIVE.xattr.com.apple.provenance'
tar: Ignoring unknown extended header keyword 'LIBARCHIVE.xattr.com.apple.provenance'
tar: Ignoring unknown extended header keyword 'LIBARCHIVE.xattr.com.apple.provenance'
tar: Ignoring unknown extended header keyword 'LIBARCHIVE.xattr.com.apple.provenance'
tar: Ignoring unknown extended header keyword 'LIBARCHIVE.xattr.com.apple.provenance'
tar: Ignoring unknown extended header keyword 'LIBARCHIVE.xattr.com.apple.provenance'
tar: Ignoring unknown extended header keyword 'LIBARCHIVE.xattr.com.apple.provenance'
tar: Ignoring unknown extended header keyword 'LIBARCHIVE.xattr.com.apple.provenance'
tar: Ignoring unknown extended header keyword 'LIBARCHIVE.xattr.com.apple.provenance'
tar: Ignoring unknown extended header keyword 'LIBARCHIVE.xattr.com.apple.provenance'
tar: Ignoring unknown extended header keyword 'LIBARCHIVE.xattr.com.apple.provenance'
tar: Ignoring unknown extended header keyword 'LIBARCHIVE.xattr.com.apple.provenance'minna/ultima-ng/assets/sass/layout/topbar/themes/_topbar_deeporange.scss
minna/ultima-ng/assets/sass/layout/topbar/themes/.__topbar_blue.scss
minna/ultima-ng/assets/sass/layout/topbar/themes/_topbar_blue.scss
minna/ultima-ng/assets/sass/layout/topbar/themes/.__topbar_indigo.scss
minna/ultima-ng/assets/sass/layout/topbar/themes/_topbar_indigo.scss
minna/ultima-ng/assets/sass/layout/topbar/themes/.__topbar_amber.scss

tar: Ignoring unknown extended header keyword 'LIBARCHIVE.xattr.com.apple.provenance'
tar: Ignoring unknown extended header keyword 'LIBARCHIVE.xattr.com.apple.provenance'
tar: Ignoring unknown extended header keyword 'LIBARCHIVE.xattr.com.apple.provenance'
minna/ultima-ng/assets/sass/layout/topbar/themes/_topbar_amber.scss
minna/ultima-ng/assets/sass/layout/topbar/themes/.__topbar_lightgreen.scss
minna/ultima-ng/assets/sass/layout/topbar/themes/_topbar_lightgreen.scss
minna/ultima-ng/assets/sass/layout/menu/.__menu_exports.scss
minna/ultima-ng/assets/sass/layout/menu/_menu_exports.scss
minna/ultima-ng/assets/sass/layout/menu/.__menu_overlay.scss
minna/ultima-ng/assets/sass/layout/menu/_menu_overlay.scss
minna/ultima-ng/assets/sass/layout/menu/.__menu_horizontal.scss
minna/ultima-ng/assets/sass/layout/menu/_menu_horizontal.scss
minna/ultima-ng/assets/sass/layout/menu/.__menu_slim.scss
minna/ultima-ng/assets/sass/layout/menu/_menu_slim.scss
minna/ultima-ng/assets/sass/layout/menu/.__menu.scss
minna/ultima-ng/assets/sass/layout/menu/_menu.scss
minna/ultima-ng/assets/sass/layout/menu/.__menu_static.scss
minna/ultima-ng/assets/sass/layout/menu/_menu_static.scss
minna/ultima-ng/assets/sass/layout/menu/.__menu_theme.scss
minna/ultima-ng/assets/sass/layout/menu/_menu_theme.scss
minna/ultima-ng/assets/sass/layout/menu/.__menu_common.scss
tar: Ignoring unknown extended header keyword 'LIBARCHIVE.xattr.com.apple.provenance'
tar: Ignoring unknown extended header keyword 'LIBARCHIVE.xattr.com.apple.provenance'
tar: Ignoring unknown extended header keyword 'LIBARCHIVE.xattr.com.apple.provenance'
tar: Ignoring unknown extended header keyword 'LIBARCHIVE.xattr.com.apple.provenance'
tar: Ignoring unknown extended header keyword 'LIBARCHIVE.xattr.com.apple.provenance'
tar: Ignoring unknown extended header keyword 'LIBARCHIVE.xattr.com.apple.provenance'
tar: Ignoring unknown extended header keyword 'LIBARCHIVE.xattr.com.apple.provenance'
tar: Ignoring unknown extended header keyword 'LIBARCHIVE.xattr.com.apple.provenance'
tar: minna/ultima-ng/assets/sass/layout/menu/_menu_common.scss
minna/ultima-ng/assets/sass/layout/menu/._themes
minna/ultima-ng/assets/sass/layout/menu/themes/
minna/ultima-ng/assets/sass/layout/menu/.__rtl_menu.scss
minna/ultima-ng/assets/sass/layout/menu/_rtl_menu.scss
minna/ultima-ng/assets/sass/layout/menu/.__inline_menu.scss
minna/ultima-ng/assets/sass/layout/menu/_inline_menu.scss
minna/ultima-ng/assets/sass/layout/menu/.__menu_responsive.scss
minna/ultima-ng/assets/sass/layout/menu/_menu_responsive.scss
minna/ultima-ng/assets/sass/layout/menu/themes/.__menu_pink.scss
Ignoring unknown extended header keyword 'LIBARCHIVE.xattr.com.apple.provenance'
tar: Ignoring unknown extended header keyword 'LIBARCHIVE.xattr.com.apple.provenance'
tar: Ignoring unknown extended header keyword 'LIBARCHIVE.xattr.com.apple.provenance'
tar: Ignoring unknown extended header keyword 'LIBARCHIVE.xattr.com.apple.provenance'
tar: Ignoring unknown extended header keyword 'LIBARCHIVE.xattr.com.apple.provenance'
tar: Ignoring unknown extended header keyword 'LIBARCHIVE.xattr.com.apple.provenance'minna/ultima-ng/assets/sass/layout/menu/themes/_menu_pink.scss
minna/ultima-ng/assets/sass/layout/menu/themes/.__menu_light.scss

tar: Ignoring unknown extended header keyword 'LIBARCHIVE.xattr.com.apple.provenance'minna/ultima-ng/assets/sass/layout/menu/themes/_menu_light.scss
minna/ultima-ng/assets/sass/layout/menu/themes/.__menu_teal.scss

tar: minna/ultima-ng/assets/sass/layout/menu/themes/_menu_teal.scss
minna/ultima-ng/assets/sass/layout/menu/themes/.__menu_dark.scss
minna/ultima-ng/assets/sass/layout/menu/themes/_menu_dark.scss
minna/ultima-ng/assets/sass/layout/menu/themes/.__menu_indigo.scss
minna/ultima-ng/assets/sass/layout/menu/themes/_menu_indigo.scss
minna/ultima-ng/assets/sass/layout/menu/themes/.__menu_purple.scss
minna/ultima-ng/assets/sass/layout/menu/themes/_menu_purple.scss
minna/ultima-ng/assets/sass/layout/menu/themes/.__menu_deeppurple.scss
minna/ultima-ng/assets/sass/layout/menu/themes/_menu_deeppurple.scss
minna/ultima-ng/assets/sass/layout/menu/themes/.__menu_bluegrey.scss
minna/ultima-ng/assets/sass/layout/menu/themes/_menu_bluegrey.scss
minna/ultima-ng/assets/sass/layout/menu/themes/.__menu_deeporange.scss
minna/ultima-ng/assets/sass/layout/menu/themes/_menu_deeporange.scss
minna/ultima-ng/assets/sass/layout/menu/themes/.__menu_cyan.scss
Ignoring unknown extended header keyword 'LIBARCHIVE.xattr.com.apple.provenance'
tar: Ignoring unknown extended header keyword 'LIBARCHIVE.xattr.com.apple.provenance'
tar: Ignoring unknown extended header keyword 'LIBARCHIVE.xattr.com.apple.provenance'
tar: Ignoring unknown extended header keyword 'LIBARCHIVE.xattr.com.apple.provenance'
tar: Ignoring unknown extended header keyword 'LIBARCHIVE.xattr.com.apple.provenance'
tar: Ignoring unknown extended header keyword 'LIBARCHIVE.xattr.com.apple.provenance'
tar: Ignoring unknown extended header keyword 'LIBARCHIVE.xattr.com.apple.provenance'
tar: Ignoring unknown extended header keyword 'LIBARCHIVE.xattr.com.apple.provenance'
minna/ultima-ng/assets/sass/layout/menu/themes/_menu_cyan.scss
minna/ultima-ng/assets/sass/layout/menu/themes/.__menu_green.scss
minna/ultima-ng/assets/sass/layout/menu/themes/_menu_green.scss
minna/ultima-ng/assets/sass/layout/menu/themes/.__menu_brown.scss
minna/ultima-ng/assets/sass/layout/menu/themes/_menu_brown.scss
minna/ultima-ng/assets/sass/layout/core/.__layout.scss
minna/ultima-ng/assets/sass/layout/core/_layout.scss
minna/ultima-ng/assets/sass/layout/core/.__layout_light.scss
minna/ultima-ng/assets/sass/layout/core/_layout_light.scss
minna/ultima-ng/assets/sass/layout/core/.__layout_dark.scss
minna/ultima-ng/assets/sass/layout/core/_layout_dark.scss
minna/ultima-ng/assets/sass/overrides/.__layout_styles.scss
minna/ultima-ng/assets/sass/overrides/_layout_styles.scss
minna/ultima-ng/assets/sass/overrides/.__theme_styles.scss
minna/ultima-ng/assets/sass/overrides/_theme_styles.scss
minna/ultima-ng/assets/sass/overrides/.__layout_variables.scss
minna/ultima-ng/assets/sass/overrides/_layout_variables.scss
minna/ultima-ng/assets/sass/overrides/.__theme_variables.scss
minna/ultima-ng/assets/sass/overrides/_theme_variables.scss
minna/ultima-ng/assets/theme/._brown
minna/ultima-ng/assets/theme/brown/
minna/ultima-ng/assets/theme/._green
tar: Ignoring unknown extended header keyword 'LIBARCHIVE.xattr.com.apple.provenance'
tar: Ignoring unknown extended header keyword 'LIBARCHIVE.xattr.com.apple.provenance'
tar: Ignoring unknown extended header keyword 'LIBARCHIVE.xattr.com.apple.provenance'
tar: Ignoring unknown extended header keyword 'LIBARCHIVE.xattr.com.apple.provenance'
tar: Ignoring unknown extended header keyword 'LIBARCHIVE.xattr.com.apple.provenance'
tar: Ignoring unknown extended header keyword 'LIBARCHIVE.xattr.com.apple.provenance'
tar: Ignoring unknown extended header keyword 'LIBARCHIVE.xattr.com.apple.provenance'
tar: Ignoring unknown extended header keyword 'LIBARCHIVE.xattr.com.apple.provenance'
tar: Ignoring unknown extended header keyword 'LIBARCHIVE.xattr.com.apple.provenance'
tar: Ignoring unknown extended header keyword 'LIBARCHIVE.xattr.com.apple.provenance'
tar: Ignoring unknown extended header keyword 'LIBARCHIVE.xattr.com.apple.provenance'minna/ultima-ng/assets/theme/green/
minna/ultima-ng/assets/theme/._deeppurple
minna/ultima-ng/assets/theme/deeppurple/
minna/ultima-ng/assets/theme/._blue
minna/ultima-ng/assets/theme/blue/
minna/ultima-ng/assets/theme/._deeporange
minna/ultima-ng/assets/theme/deeporange/
minna/ultima-ng/assets/theme/._cyan
minna/ultima-ng/assets/theme/cyan/
minna/ultima-ng/assets/theme/._bluegrey
minna/ultima-ng/assets/theme/bluegrey/
minna/ultima-ng/assets/theme/._lightgreen
minna/ultima-ng/assets/theme/lightgreen/
minna/ultima-ng/assets/theme/._indigo
minna/ultima-ng/assets/theme/indigo/
minna/ultima-ng/assets/theme/._pink
minna/ultima-ng/assets/theme/pink/
minna/ultima-ng/assets/theme/._teal
minna/ultima-ng/assets/theme/teal/
minna/ultima-ng/assets/theme/._amber
minna/ultima-ng/assets/theme/amber/
minna/ultima-ng/assets/theme/._lime
minna/ultima-ng/assets/theme/lime/
minna/ultima-ng/assets/theme/._purple
minna/ultima-ng/assets/theme/purple/
minna/ultima-ng/assets/theme/._yellow
minna/ultima-ng/assets/theme/yellow/
minna/ultima-ng/assets/theme/._lightblue

tar: Ignoring unknown extended header keyword 'LIBARCHIVE.xattr.com.apple.provenance'
tar: Ignoring unknown extended header keyword 'LIBARCHIVE.xattr.com.apple.provenance'
tar: Ignoring unknown extended header keyword 'LIBARCHIVE.xattr.com.apple.provenance'
tar: Ignoring unknown extended header keyword 'LIBARCHIVE.xattr.com.apple.provenance'
tar: Ignoring unknown extended header keyword 'LIBARCHIVE.xattr.com.apple.provenance'
tar: Ignoring unknown extended header keyword 'LIBARCHIVE.xattr.com.apple.provenance'
tar: Ignoring unknown extended header keyword 'LIBARCHIVE.xattr.com.apple.provenance'
tar: Ignoring unknown extended header keyword 'LIBARCHIVE.xattr.com.apple.provenance'
tar: Ignoring unknown extended header keyword 'LIBARCHIVE.xattr.com.apple.provenance'
tar: Ignoring unknown extended header keyword 'LIBARCHIVE.xattr.com.apple.provenance'
tar: Ignoring unknown extended header keyword 'LIBARCHIVE.xattr.com.apple.provenance'
tar: Ignoring unknown extended header keyword 'LIBARCHIVE.xattr.com.apple.provenance'
tar: Ignoring unknown extended header keyword 'LIBARCHIVE.xattr.com.apple.provenance'
tar: Ignoring unknown extended header keyword 'LIBARCHIVE.xattr.com.apple.provenance'
minna/ultima-ng/assets/theme/lightblue/
minna/ultima-ng/assets/theme/._orange
minna/ultima-ng/assets/theme/orange/
minna/ultima-ng/assets/theme/orange/._theme-light.scss
minna/ultima-ng/assets/theme/orange/theme-light.scss
minna/ultima-ng/assets/theme/orange/._theme-dark.scss
minna/ultima-ng/assets/theme/orange/theme-dark.scss
minna/ultima-ng/assets/theme/lightblue/._theme-light.scss
minna/ultima-ng/assets/theme/lightblue/theme-light.scss
minna/ultima-ng/assets/theme/lightblue/._theme-dark.scss
minna/ultima-ng/assets/theme/lightblue/theme-dark.scss
minna/ultima-ng/assets/theme/yellow/._theme-light.scss
tar: Ignoring unknown extended header keyword 'LIBARCHIVE.xattr.com.apple.provenance'
tar: Ignoring unknown extended header keyword 'LIBARCHIVE.xattr.com.apple.provenance'
tar: Ignoring unknown extended header keyword 'LIBARCHIVE.xattr.com.apple.provenance'
tar: Ignoring unknown extended header keyword 'LIBARCHIVE.xattr.com.apple.provenance'
tar: Ignoring unknown extended header keyword 'LIBARCHIVE.xattr.com.apple.provenance'
tar: Ignoring unknown extended header keyword 'LIBARCHIVE.xattr.com.apple.provenance'minna/ultima-ng/assets/theme/yellow/theme-light.scss
minna/ultima-ng/assets/theme/yellow/._theme-dark.scss

tar: Ignoring unknown extended header keyword 'LIBARCHIVE.xattr.com.apple.provenance'
minna/ultima-ng/assets/theme/yellow/theme-dark.scss
minna/ultima-ng/assets/theme/purple/._theme-light.scss
minna/ultima-ng/assets/theme/purple/theme-light.scss
minna/ultima-ng/assets/theme/purple/._theme-dark.scss
minna/ultima-ng/assets/theme/purple/theme-dark.scss
tar: Ignoring unknown extended header keyword 'LIBARCHIVE.xattr.com.apple.provenance'
tar: Ignoring unknown extended header keyword 'LIBARCHIVE.xattr.com.apple.provenance'
minna/ultima-ng/assets/theme/lime/._theme-light.scss
minna/ultima-ng/assets/theme/lime/theme-light.scss
minna/ultima-ng/assets/theme/lime/._theme-dark.scss
minna/ultima-ng/assets/theme/lime/theme-dark.scss
minna/ultima-ng/assets/theme/amber/._theme-light.scss
minna/ultima-ng/assets/theme/amber/theme-light.scss
minna/ultima-ng/assets/theme/amber/._theme-dark.scss
minna/ultima-ng/assets/theme/amber/theme-dark.scss
minna/ultima-ng/assets/theme/teal/._theme-light.scss
minna/ultima-ng/assets/theme/teal/theme-light.scss
minna/ultima-ng/assets/theme/teal/._theme-dark.scss
minna/ultima-ng/assets/theme/teal/theme-dark.scss
minna/ultima-ng/assets/theme/pink/._theme-light.scss
minna/ultima-ng/assets/theme/pink/theme-light.scss
minna/ultima-ng/assets/theme/pink/._theme-dark.scss
minna/ultima-ng/assets/theme/pink/theme-dark.scss
minna/ultima-ng/assets/theme/indigo/._theme-dark.css
minna/ultima-ng/assets/theme/indigo/theme-dark.css
minna/ultima-ng/assets/theme/indigo/._theme-light.css
minna/ultima-ng/assets/theme/indigo/theme-light.css
minna/ultima-ng/assets/theme/indigo/._theme-light.scss
tar: Ignoring unknown extended header keyword 'LIBARCHIVE.xattr.com.apple.provenance'
tar: Ignoring unknown extended header keyword 'LIBARCHIVE.xattr.com.apple.provenance'
tar: Ignoring unknown extended header keyword 'LIBARCHIVE.xattr.com.apple.provenance'
tar: Ignoring unknown extended header keyword 'LIBARCHIVE.xattr.com.apple.provenance'
tar: Ignoring unknown extended header keyword 'LIBARCHIVE.xattr.com.apple.provenance'
tar: Ignoring unknown extended header keyword 'LIBARCHIVE.xattr.com.apple.provenance'
tar: Ignoring unknown extended header keyword 'LIBARCHIVE.xattr.com.apple.provenance'
tar: Ignoring unknown extended header keyword 'LIBARCHIVE.xattr.com.apple.provenance'
tar: Ignoring unknown extended header keyword 'LIBARCHIVE.xattr.com.apple.provenance'
tar: Ignoring unknown extended header keyword 'LIBARCHIVE.xattr.com.apple.provenance'
tar: minna/ultima-ng/assets/theme/indigo/theme-light.scss
minna/ultima-ng/assets/theme/indigo/._theme-light.css.map
minna/ultima-ng/assets/theme/indigo/theme-light.css.map
minna/ultima-ng/assets/theme/indigo/._theme-dark.scss
minna/ultima-ng/assets/theme/indigo/theme-dark.scss
minna/ultima-ng/assets/theme/lightgreen/._theme-light.scss
minna/ultima-ng/assets/theme/lightgreen/theme-light.scss
minna/ultima-ng/assets/theme/lightgreen/._theme-dark.scss
minna/ultima-ng/assets/theme/lightgreen/theme-dark.scss
minna/ultima-ng/assets/theme/bluegrey/._theme-light.scss
minna/ultima-ng/assets/theme/bluegrey/theme-light.scss
minna/ultima-ng/assets/theme/bluegrey/._theme-dark.scss
minna/ultima-ng/assets/theme/bluegrey/theme-dark.scss
minna/ultima-ng/assets/theme/cyan/._theme-light.scss
minna/ultima-ng/assets/theme/cyan/theme-light.scss
minna/ultima-ng/assets/theme/cyan/._theme-dark.scss
minna/ultima-ng/assets/theme/cyan/theme-dark.scss
minna/ultima-ng/assets/theme/deeporange/._theme-light.scss
minna/ultima-ng/assets/theme/deeporange/theme-light.scss
minna/ultima-ng/assets/theme/deeporange/._theme-dark.scss
minna/ultima-ng/assets/theme/deeporange/theme-dark.scss
minna/ultima-ng/assets/theme/blue/._theme-light.scss
minna/ultima-ng/assets/theme/blue/theme-light.scss
minna/ultima-ng/assets/theme/blue/._theme-dark.scss
minna/ultima-ng/assets/theme/blue/theme-dark.scss
minna/ultima-ng/assets/theme/deeppurple/._theme-light.scss
minna/ultima-ng/assets/theme/deeppurple/theme-light.scss
minna/ultima-ng/assets/theme/deeppurple/._theme-dark.scss
minna/ultima-ng/assets/theme/deeppurple/theme-dark.scss
minna/ultima-ng/assets/theme/green/._theme-light.scss
minna/ultima-ng/assets/theme/green/theme-light.scss
minna/ultima-ng/assets/theme/green/._theme-dark.scss
minna/ultima-ng/assets/theme/green/theme-dark.scss
minna/ultima-ng/assets/theme/brown/._theme-light.scss
minna/ultima-ng/assets/theme/brown/theme-light.scss
Ignoring unknown extended header keyword 'LIBARCHIVE.xattr.com.apple.provenance'
tar: Ignoring unknown extended header keyword 'LIBARCHIVE.xattr.com.apple.provenance'
tar: Ignoring unknown extended header keyword 'LIBARCHIVE.xattr.com.apple.provenance'
tar: Ignoring unknown extended header keyword 'LIBARCHIVE.xattr.com.apple.provenance'
tar: Ignoring unknown extended header keyword 'LIBARCHIVE.xattr.com.apple.provenance'
tar: Ignoring unknown extended header keyword 'LIBARCHIVE.xattr.com.apple.provenance'
tar: Ignoring unknown extended header keyword 'LIBARCHIVE.xattr.com.apple.provenance'
tar: Ignoring unknown extended header keyword 'LIBARCHIVE.xattr.com.apple.provenance'
tar: Ignoring unknown extended header keyword 'LIBARCHIVE.xattr.com.apple.provenance'
tar: Ignoring unknown extended header keyword 'LIBARCHIVE.xattr.com.apple.provenance'
tar: Ignoring unknown extended header keyword 'LIBARCHIVE.xattr.com.apple.provenance'
tar: Ignoring unknown extended header keyword 'LIBARCHIVE.xattr.com.apple.provenance'
tar: Ignoring unknown extended header keyword 'LIBARCHIVE.xattr.com.apple.provenance'
tar: Ignoring unknown extended header keyword 'LIBARCHIVE.xattr.com.apple.provenance'
tar: Ignoring unknown extended header keyword 'LIBARCHIVE.xattr.com.apple.provenance'
tar: Ignoring unknown extended header keyword 'LIBARCHIVE.xattr.com.apple.provenance'
tar: Ignoring unknown extended header keyword 'LIBARCHIVE.xattr.com.apple.provenance'
tar: Ignoring unknown extended header keyword 'LIBARCHIVE.xattr.com.apple.provenance'
minna/ultima-ng/assets/theme/brown/._theme-dark.scss
minna/ultima-ng/assets/theme/brown/theme-dark.scss
minna/ultima-ng/assets/layout/._css
minna/ultima-ng/assets/layout/css/
minna/ultima-ng/assets/layout/._images
minna/ultima-ng/assets/layout/images/
minna/ultima-ng/assets/layout/._fonts
minna/ultima-ng/assets/layout/fonts/
minna/ultima-ng/assets/layout/fonts/._roboto-v20-latin-ext_latin-regular.woff2
minna/ultima-ng/assets/layout/fonts/roboto-v20-latin-ext_latin-regular.woff2
minna/ultima-ng/assets/layout/fonts/._roboto-v20-latin-ext_latin-regular.woff
minna/ultima-ng/assets/layout/fonts/roboto-v20-latin-ext_latin-regular.woff
minna/ultima-ng/assets/layout/fonts/._roboto-v20-latin-ext_latin-500.woff2
tar: Ignoring unknown extended header keyword 'LIBARCHIVE.xattr.com.apple.provenance'
tar: Ignoring unknown extended header keyword 'LIBARCHIVE.xattr.com.apple.provenance'
tar: Ignoring unknown extended header keyword 'LIBARCHIVE.xattr.com.apple.provenance'
tar: Ignoring unknown extended header keyword 'LIBARCHIVE.xattr.com.apple.provenance'
tar: Ignoring unknown extended header keyword 'LIBARCHIVE.xattr.com.apple.provenance'
tar: Ignoring unknown extended header keyword 'LIBARCHIVE.xattr.com.apple.provenance'
tar: Ignoring unknown extended header keyword 'LIBARCHIVE.xattr.com.apple.provenance'
minna/ultima-ng/assets/layout/fonts/roboto-v20-latin-ext_latin-500.woff2
minna/ultima-ng/assets/layout/fonts/._roboto-v20-latin-ext_latin-500.woff
minna/ultima-ng/assets/layout/fonts/roboto-v20-latin-ext_latin-500.woff
minna/ultima-ng/assets/layout/fonts/._roboto-v20-latin-ext_latin-700.woff
minna/ultima-ng/assets/layout/fonts/roboto-v20-latin-ext_latin-700.woff
minna/ultima-ng/assets/layout/fonts/._roboto-v20-latin-ext_latin-700.woff2
minna/ultima-ng/assets/layout/fonts/roboto-v20-latin-ext_latin-700.woff2
minna/ultima-ng/assets/layout/images/._footer-ultima-dark.svg
minna/ultima-ng/assets/layout/images/footer-ultima-dark.svg
minna/ultima-ng/assets/layout/images/._logo-ultima.svg
minna/ultima-ng/assets/layout/images/logo-ultima.svg
minna/ultima-ng/assets/layout/images/._logo2x.png
minna/ultima-ng/assets/layout/images/logo2x.png
minna/ultima-ng/assets/layout/images/._landing
minna/ultima-ng/assets/layout/images/landing/
minna/ultima-ng/assets/layout/images/._401.svg
tar: Ignoring unknown extended header keyword 'LIBARCHIVE.xattr.com.apple.provenance'
tar: Ignoring unknown extended header keyword 'LIBARCHIVE.xattr.com.apple.provenance'
tar: Ignoring unknown extended header keyword 'LIBARCHIVE.xattr.com.apple.provenance'
tar: Ignoring unknown extended header keyword 'LIBARCHIVE.xattr.com.apple.provenance'
tar: Ignoring unknown extended header keyword 'LIBARCHIVE.xattr.com.apple.provenance'
tar: Ignoring unknown extended header keyword 'LIBARCHIVE.xattr.com.apple.provenance'
tar: Ignoring unknown extended header keyword 'LIBARCHIVE.xattr.com.apple.provenance'
tar: minna/ultima-ng/assets/layout/images/401.svg
minna/ultima-ng/assets/layout/images/._logo-dark.svg
minna/ultima-ng/assets/layout/images/logo-dark.svg
minna/ultima-ng/assets/layout/images/._404-2x.png
Ignoring unknown extended header keyword 'LIBARCHIVE.xattr.com.apple.provenance'
tar: Ignoring unknown extended header keyword 'LIBARCHIVE.xattr.com.apple.provenance'
tar: Ignoring unknown extended header keyword 'LIBARCHIVE.xattr.com.apple.provenance'minna/ultima-ng/assets/layout/images/404-2x.png
minna/ultima-ng/assets/layout/images/._extensions

tar: minna/ultima-ng/assets/layout/images/extensions/
minna/ultima-ng/assets/layout/images/._avatar-placeholder.png
Ignoring unknown extended header keyword 'LIBARCHIVE.xattr.com.apple.provenance'
tar: minna/ultima-ng/assets/layout/images/avatar-placeholder.png
minna/ultima-ng/assets/layout/images/._avatar.png
Ignoring unknown extended header keyword 'LIBARCHIVE.xattr.com.apple.provenance'
tar: minna/ultima-ng/assets/layout/images/avatar.png
minna/ultima-ng/assets/layout/images/._favicon.png
Ignoring unknown extended header keyword 'LIBARCHIVE.xattr.com.apple.provenance'
minna/ultima-ng/assets/layout/images/favicon.png
tar: Ignoring unknown extended header keyword 'LIBARCHIVE.xattr.com.apple.provenance'
minna/ultima-ng/assets/layout/images/._logo-light.svg
minna/ultima-ng/assets/layout/images/logo-light.svg
tar: Ignoring unknown extended header keyword 'LIBARCHIVE.xattr.com.apple.provenance'
minna/ultima-ng/assets/layout/images/._logo.png
minna/ultima-ng/assets/layout/images/logo.png
minna/ultima-ng/assets/layout/images/._footer-ultima.svg
tar: Ignoring unknown extended header keyword 'LIBARCHIVE.xattr.com.apple.provenance'
minna/ultima-ng/assets/layout/images/footer-ultima.svg
minna/ultima-ng/assets/layout/images/._doc
tar: Ignoring unknown extended header keyword 'LIBARCHIVE.xattr.com.apple.provenance'
minna/ultima-ng/assets/layout/images/doc/
minna/ultima-ng/assets/layout/images/._logoInstitucion.png
minna/ultima-ng/assets/layout/images/logoInstitucion.png
minna/ultima-ng/assets/layout/images/._backWrapperLogin.png
tar: Ignoring unknown extended header keyword 'LIBARCHIVE.xattr.com.apple.provenance'
tar: Ignoring unknown extended header keyword 'LIBARCHIVE.xattr.com.apple.provenance'
tar: minna/ultima-ng/assets/layout/images/backWrapperLogin.png
Ignoring unknown extended header keyword 'LIBARCHIVE.xattr.com.apple.provenance'
minna/ultima-ng/assets/layout/images/._pages
minna/ultima-ng/assets/layout/images/pages/
minna/ultima-ng/assets/layout/images/._widgets
tar: Ignoring unknown extended header keyword 'LIBARCHIVE.xattr.com.apple.provenance'
tar: Ignoring unknown extended header keyword 'LIBARCHIVE.xattr.com.apple.provenance'minna/ultima-ng/assets/layout/images/widgets/
minna/ultima-ng/assets/layout/images/._logoAplication.png
minna/ultima-ng/assets/layout/images/logoAplication.png

tar: Ignoring unknown extended header keyword 'LIBARCHIVE.xattr.com.apple.provenance'
minna/ultima-ng/assets/layout/images/widgets/._map.jpg
minna/ultima-ng/assets/layout/images/widgets/map.jpg
minna/ultima-ng/assets/layout/images/widgets/._asset-profile.png
tar: Ignoring unknown extended header keyword 'LIBARCHIVE.xattr.com.apple.provenance'
minna/ultima-ng/assets/layout/images/widgets/asset-profile.png
minna/ultima-ng/assets/layout/images/widgets/._feature-security.svg
minna/ultima-ng/assets/layout/images/widgets/feature-security.svg
minna/ultima-ng/assets/layout/images/widgets/._image-blog.jpg
minna/ultima-ng/assets/layout/images/widgets/image-blog.jpg
tar: Ignoring unknown extended header keyword 'LIBARCHIVE.xattr.com.apple.provenance'
tar: Ignoring unknown extended header keyword 'LIBARCHIVE.xattr.com.apple.provenance'
tar: Ignoring unknown extended header keyword 'LIBARCHIVE.xattr.com.apple.provenance'
minna/ultima-ng/assets/layout/images/widgets/._feature-onboarding.svg
minna/ultima-ng/assets/layout/images/widgets/feature-onboarding.svg
minna/ultima-ng/assets/layout/images/widgets/._feature-faq.svg
tar: Ignoring unknown extended header keyword 'LIBARCHIVE.xattr.com.apple.provenance'
minna/ultima-ng/assets/layout/images/widgets/feature-faq.svg
minna/ultima-ng/assets/layout/images/pages/._error-bg.jpg
minna/ultima-ng/assets/layout/images/pages/error-bg.jpg
minna/ultima-ng/assets/layout/images/pages/._404.png
minna/ultima-ng/assets/layout/images/pages/404.png
minna/ultima-ng/assets/layout/images/pages/._login-bg.jpg
minna/ultima-ng/assets/layout/images/pages/login-bg.jpg
tar: Ignoring unknown extended header keyword 'LIBARCHIVE.xattr.com.apple.provenance'
tar: Ignoring unknown extended header keyword 'LIBARCHIVE.xattr.com.apple.provenance'
tar: Ignoring unknown extended header keyword 'LIBARCHIVE.xattr.com.apple.provenance'
tar: Ignoring unknown extended header keyword 'LIBARCHIVE.xattr.com.apple.provenance'
minna/ultima-ng/assets/layout/images/pages/._error.png
minna/ultima-ng/assets/layout/images/pages/error.png
minna/ultima-ng/assets/layout/images/pages/._accessDenied-bg.jpg
minna/ultima-ng/assets/layout/images/pages/accessDenied-bg.jpg
minna/ultima-ng/assets/layout/images/pages/._accessDenied.png
tar: Ignoring unknown extended header keyword 'LIBARCHIVE.xattr.com.apple.provenance'
tar: Ignoring unknown extended header keyword 'LIBARCHIVE.xattr.com.apple.provenance'
minna/ultima-ng/assets/layout/images/pages/accessDenied.png
minna/ultima-ng/assets/layout/images/pages/._404-bg.jpg
minna/ultima-ng/assets/layout/images/pages/404-bg.jpg
minna/ultima-ng/assets/layout/images/doc/._rightmenu-doc.jpg
minna/ultima-ng/assets/layout/images/doc/rightmenu-doc.jpg
minna/ultima-ng/assets/layout/images/doc/._topbar-doc.jpg
minna/ultima-ng/assets/layout/images/doc/topbar-doc.jpg
minna/ultima-ng/assets/layout/images/doc/._inlinemenu-doc.jpg
minna/ultima-ng/assets/layout/images/doc/inlinemenu-doc.jpg
minna/ultima-ng/assets/layout/images/doc/._breadcrumb-doc.jpg
minna/ultima-ng/assets/layout/images/doc/breadcrumb-doc.jpg
minna/ultima-ng/assets/layout/images/extensions/._help-header@2x.jpg
minna/ultima-ng/assets/layout/images/extensions/help-header@2x.jpg
tar: Ignoring unknown extended header keyword 'LIBARCHIVE.xattr.com.apple.provenance'
tar: Ignoring unknown extended header keyword 'LIBARCHIVE.xattr.com.apple.provenance'
tar: Ignoring unknown extended header keyword 'LIBARCHIVE.xattr.com.apple.provenance'
tar: Ignoring unknown extended header keyword 'LIBARCHIVE.xattr.com.apple.provenance'
tar: Ignoring unknown extended header keyword 'LIBARCHIVE.xattr.com.apple.provenance'
tar: Ignoring unknown extended header keyword 'LIBARCHIVE.xattr.com.apple.provenance'
tar: Ignoring unknown extended header keyword 'LIBARCHIVE.xattr.com.apple.provenance'
minna/ultima-ng/assets/layout/images/extensions/._asset-amex.svg
minna/ultima-ng/assets/layout/images/extensions/asset-amex.svg
minna/ultima-ng/assets/layout/images/extensions/._asset-paypal.svg
minna/ultima-ng/assets/layout/images/extensions/asset-paypal.svg
minna/ultima-ng/assets/layout/images/extensions/._asset-mastercard.svg
minna/ultima-ng/assets/layout/images/extensions/asset-mastercard.svg
minna/ultima-ng/assets/layout/images/extensions/._prime-logo.svg
minna/ultima-ng/assets/layout/images/extensions/prime-logo.svg
tar: Ignoring unknown extended header keyword 'LIBARCHIVE.xattr.com.apple.provenance'
tar: Ignoring unknown extended header keyword 'LIBARCHIVE.xattr.com.apple.provenance'
tar: Ignoring unknown extended header keyword 'LIBARCHIVE.xattr.com.apple.provenance'
tar: Ignoring unknown extended header keyword 'LIBARCHIVE.xattr.com.apple.provenance'
minna/ultima-ng/assets/layout/images/extensions/._flag-us@2x.png
minna/ultima-ng/assets/layout/images/extensions/flag-us@2x.png
minna/ultima-ng/assets/layout/images/extensions/._background@2x.jpg
minna/ultima-ng/assets/layout/images/extensions/background@2x.jpg
tar: Ignoring unknown extended header keyword 'LIBARCHIVE.xattr.com.apple.provenance'
tar: Ignoring unknown extended header keyword 'LIBARCHIVE.xattr.com.apple.provenance'
minna/ultima-ng/assets/layout/images/extensions/._asset-visa.svg
minna/ultima-ng/assets/layout/images/extensions/asset-visa.svg
minna/ultima-ng/assets/layout/images/landing/._promotion.png
minna/ultima-ng/assets/layout/images/landing/promotion.png
tar: Ignoring unknown extended header keyword 'LIBARCHIVE.xattr.com.apple.provenance'
tar: Ignoring unknown extended header keyword 'LIBARCHIVE.xattr.com.apple.provenance'
minna/ultima-ng/assets/layout/images/landing/._landing-header.png
minna/ultima-ng/assets/layout/images/landing/landing-header.png
tar: Ignoring unknown extended header keyword 'LIBARCHIVE.xattr.com.apple.provenance'
minna/ultima-ng/assets/layout/css/._layout-dark.scss
minna/ultima-ng/assets/layout/css/layout-dark.scss
minna/ultima-ng/assets/layout/css/._layout-dark.css
minna/ultima-ng/assets/layout/css/layout-dark.css
minna/ultima-ng/assets/layout/css/._layout-light.css.map
minna/ultima-ng/assets/layout/css/layout-light.css.map
tar: Ignoring unknown extended header keyword 'LIBARCHIVE.xattr.com.apple.provenance'
tar: Ignoring unknown extended header keyword 'LIBARCHIVE.xattr.com.apple.provenance'
tar: Ignoring unknown extended header keyword 'LIBARCHIVE.xattr.com.apple.provenance'
minna/ultima-ng/assets/layout/css/._layout-light.scss
minna/ultima-ng/assets/layout/css/layout-light.scss
minna/ultima-ng/assets/layout/css/._layout-light.css
minna/ultima-ng/assets/layout/css/layout-light.css
minna/ultima-ng/assets/demo/._flags
minna/ultima-ng/assets/demo/flags/
minna/ultima-ng/assets/demo/._images
minna/ultima-ng/assets/demo/images/
minna/ultima-ng/assets/demo/._data
minna/ultima-ng/assets/demo/data/
minna/ultima-ng/assets/demo/data/._products-small.json
minna/ultima-ng/assets/demo/data/products-small.json
minna/ultima-ng/assets/demo/data/._icons.json
minna/ultima-ng/assets/demo/data/icons.json
tar: Ignoring unknown extended header keyword 'LIBARCHIVE.xattr.com.apple.provenance'
tar: Ignoring unknown extended header keyword 'LIBARCHIVE.xattr.com.apple.provenance'
tar: Ignoring unknown extended header keyword 'LIBARCHIVE.xattr.com.apple.provenance'
tar: Ignoring unknown extended header keyword 'LIBARCHIVE.xattr.com.apple.provenance'
tar: Ignoring unknown extended header keyword 'LIBARCHIVE.xattr.com.apple.provenance'
tar: Ignoring unknown extended header keyword 'LIBARCHIVE.xattr.com.apple.provenance'
tar: Ignoring unknown extended header keyword 'LIBARCHIVE.xattr.com.apple.provenance'
minna/ultima-ng/assets/demo/data/._files-lazy.json
minna/ultima-ng/assets/demo/data/files-lazy.json
minna/ultima-ng/assets/demo/data/._scheduleevents.json
minna/ultima-ng/assets/demo/data/scheduleevents.json
minna/ultima-ng/assets/demo/data/._countries.json
minna/ultima-ng/assets/demo/data/countries.json
minna/ultima-ng/assets/demo/data/._products-mixed.json
minna/ultima-ng/assets/demo/data/products-mixed.json
minna/ultima-ng/assets/demo/data/._photos.json
minna/ultima-ng/assets/demo/data/photos.json
minna/ultima-ng/assets/demo/data/._files.json
minna/ultima-ng/assets/demo/data/files.json
tar: Ignoring unknown extended header keyword 'LIBARCHIVE.xattr.com.apple.provenance'
tar: Ignoring unknown extended header keyword 'LIBARCHIVE.xattr.com.apple.provenance'
tar: Ignoring unknown extended header keyword 'LIBARCHIVE.xattr.com.apple.provenance'
tar: Ignoring unknown extended header keyword 'LIBARCHIVE.xattr.com.apple.provenance'
tar: Ignoring unknown extended header keyword 'LIBARCHIVE.xattr.com.apple.provenance'
tar: Ignoring unknown extended header keyword 'LIBARCHIVE.xattr.com.apple.provenance'
minna/ultima-ng/assets/demo/data/._filesystem-lazy.json
minna/ultima-ng/assets/demo/data/filesystem-lazy.json
minna/ultima-ng/assets/demo/data/._customers-medium.json
minna/ultima-ng/assets/demo/data/customers-medium.json
minna/ultima-ng/assets/demo/data/._products.json
minna/ultima-ng/assets/demo/data/products.json
minna/ultima-ng/assets/demo/data/._customers-large.json
minna/ultima-ng/assets/demo/data/customers-large.json
minna/ultima-ng/assets/demo/data/._customers-small.json
minna/ultima-ng/assets/demo/data/customers-small.json
minna/ultima-ng/assets/demo/data/._filesystem.json
minna/ultima-ng/assets/demo/data/filesystem.json
minna/ultima-ng/assets/demo/data/._products-orders-small.json
minna/ultima-ng/assets/demo/data/products-orders-small.json
minna/ultima-ng/assets/demo/data/._products-orders.json
tar: Ignoring unknown extended header keyword 'LIBARCHIVE.xattr.com.apple.provenance'
tar: Ignoring unknown extended header keyword 'LIBARCHIVE.xattr.com.apple.provenance'
tar: Ignoring unknown extended header keyword 'LIBARCHIVE.xattr.com.apple.provenance'
tar: Ignoring unknown extended header keyword 'LIBARCHIVE.xattr.com.apple.provenance'
tar: Ignoring unknown extended header keyword 'LIBARCHIVE.xattr.com.apple.provenance'
tar: Ignoring unknown extended header keyword 'LIBARCHIVE.xattr.com.apple.provenance'
tar: Ignoring unknown extended header keyword 'LIBARCHIVE.xattr.com.apple.provenance'
tar: Ignoring unknown extended header keyword 'LIBARCHIVE.xattr.com.apple.provenance'
minna/ultima-ng/assets/demo/data/products-orders.json
minna/ultima-ng/assets/demo/images/._galleria
minna/ultima-ng/assets/demo/images/galleria/
minna/ultima-ng/assets/demo/images/._product
minna/ultima-ng/assets/demo/images/product/
tar: Ignoring unknown extended header keyword 'LIBARCHIVE.xattr.com.apple.provenance'
tar: Ignoring unknown extended header keyword 'LIBARCHIVE.xattr.com.apple.provenance'
minna/ultima-ng/assets/demo/images/._avatar
minna/ultima-ng/assets/demo/images/avatar/
minna/ultima-ng/assets/demo/images/avatar/._avatar-1.png
minna/ultima-ng/assets/demo/images/avatar/avatar-1.png
minna/ultima-ng/assets/demo/images/avatar/._amyelsner.png
minna/ultima-ng/assets/demo/images/avatar/amyelsner.png
minna/ultima-ng/assets/demo/images/avatar/._avatar-12.png
minna/ultima-ng/assets/demo/images/avatar/avatar-12.png
minna/ultima-ng/assets/demo/images/avatar/._avatar-13.png
minna/ultima-ng/assets/demo/images/avatar/avatar-13.png
minna/ultima-ng/assets/demo/images/avatar/._avatar-2.png
minna/ultima-ng/assets/demo/images/avatar/avatar-2.png
minna/ultima-ng/assets/demo/images/avatar/._avatar-11.png
minna/ultima-ng/assets/demo/images/avatar/avatar-11.png
minna/ultima-ng/assets/demo/images/avatar/._avatar-10.png
tar: Ignoring unknown extended header keyword 'LIBARCHIVE.xattr.com.apple.provenance'
tar: Ignoring unknown extended header keyword 'LIBARCHIVE.xattr.com.apple.provenance'
tar: Ignoring unknown extended header keyword 'LIBARCHIVE.xattr.com.apple.provenance'
tar: Ignoring unknown extended header keyword 'LIBARCHIVE.xattr.com.apple.provenance'
tar: Ignoring unknown extended header keyword 'LIBARCHIVE.xattr.com.apple.provenance'
tar: Ignoring unknown extended header keyword 'LIBARCHIVE.xattr.com.apple.provenance'
tar: Ignoring unknown extended header keyword 'LIBARCHIVE.xattr.com.apple.provenance'
minna/ultima-ng/assets/demo/images/avatar/avatar-10.png
minna/ultima-ng/assets/demo/images/avatar/._avatar-3.png
minna/ultima-ng/assets/demo/images/avatar/avatar-3.png
minna/ultima-ng/assets/demo/images/avatar/._elwinsharvill.png
minna/ultima-ng/assets/demo/images/avatar/elwinsharvill.png
minna/ultima-ng/assets/demo/images/avatar/._avatar-7.png
minna/ultima-ng/assets/demo/images/avatar/avatar-7.png
minna/ultima-ng/assets/demo/images/avatar/._avatar-14.png
minna/ultima-ng/assets/demo/images/avatar/avatar-14.png
minna/ultima-ng/assets/demo/images/avatar/._avatar-15.png
minna/ultima-ng/assets/demo/images/avatar/avatar-15.png
minna/ultima-ng/assets/demo/images/avatar/._avatar-6.png
minna/ultima-ng/assets/demo/images/avatar/avatar-6.png
minna/ultima-ng/assets/demo/images/avatar/._avatar-4.png
minna/ultima-ng/assets/demo/images/avatar/avatar-4.png
minna/ultima-ng/assets/demo/images/avatar/._avatar-16.png
minna/ultima-ng/assets/demo/images/avatar/avatar-16.png
minna/ultima-ng/assets/demo/images/avatar/._avatar-5.png
minna/ultima-ng/assets/demo/images/avatar/avatar-5.png
minna/ultima-ng/assets/demo/images/avatar/._xuxuefeng.png
minna/ultima-ng/assets/demo/images/avatar/xuxuefeng.png
tar: Ignoring unknown extended header keyword 'LIBARCHIVE.xattr.com.apple.provenance'
tar: Ignoring unknown extended header keyword 'LIBARCHIVE.xattr.com.apple.provenance'
tar: Ignoring unknown extended header keyword 'LIBARCHIVE.xattr.com.apple.provenance'
tar: Ignoring unknown extended header keyword 'LIBARCHIVE.xattr.com.apple.provenance'
tar: Ignoring unknown extended header keyword 'LIBARCHIVE.xattr.com.apple.provenance'
tar: Ignoring unknown extended header keyword 'LIBARCHIVE.xattr.com.apple.provenance'
tar: Ignoring unknown extended header keyword 'LIBARCHIVE.xattr.com.apple.provenance'
tar: Ignoring unknown extended header keyword 'LIBARCHIVE.xattr.com.apple.provenance'
tar: Ignoring unknown extended header keyword 'LIBARCHIVE.xattr.com.apple.provenance'
tar: Ignoring unknown extended header keyword 'LIBARCHIVE.xattr.com.apple.provenance'
tar: Ignoring unknown extended header keyword 'LIBARCHIVE.xattr.com.apple.provenance'
minna/ultima-ng/assets/demo/images/avatar/._bernardodominic.png
minna/ultima-ng/assets/demo/images/avatar/bernardodominic.png
minna/ultima-ng/assets/demo/images/avatar/._ionibowcher.png
minna/ultima-ng/assets/demo/images/avatar/ionibowcher.png
minna/ultima-ng/assets/demo/images/avatar/._activity-1.png
minna/ultima-ng/assets/demo/images/avatar/activity-1.png
minna/ultima-ng/assets/demo/images/avatar/._activity-3.png
minna/ultima-ng/assets/demo/images/avatar/activity-3.png
minna/ultima-ng/assets/demo/images/avatar/._activity-2.png
minna/ultima-ng/assets/demo/images/avatar/activity-2.png
tar: Ignoring unknown extended header keyword 'LIBARCHIVE.xattr.com.apple.provenance'
tar: Ignoring unknown extended header keyword 'LIBARCHIVE.xattr.com.apple.provenance'
tar: Ignoring unknown extended header keyword 'LIBARCHIVE.xattr.com.apple.provenance'
tar: Ignoring unknown extended header keyword 'LIBARCHIVE.xattr.com.apple.provenance'
tar: Ignoring unknown extended header keyword 'LIBARCHIVE.xattr.com.apple.provenance'
minna/ultima-ng/assets/demo/images/avatar/._onyamalimba.png
minna/ultima-ng/assets/demo/images/avatar/onyamalimba.png
minna/ultima-ng/assets/demo/images/avatar/._ivanmagalhaes.png
minna/ultima-ng/assets/demo/images/avatar/ivanmagalhaes.png
minna/ultima-ng/assets/demo/images/avatar/._profile.jpg
minna/ultima-ng/assets/demo/images/avatar/profile.jpg
minna/ultima-ng/assets/demo/images/avatar/._avatar-8.png
minna/ultima-ng/assets/demo/images/avatar/avatar-8.png
minna/ultima-ng/assets/demo/images/avatar/._avatar-9.png
minna/ultima-ng/assets/demo/images/avatar/avatar-9.png
minna/ultima-ng/assets/demo/images/avatar/._asiyajavayant.png
minna/ultima-ng/assets/demo/images/avatar/asiyajavayant.png
minna/ultima-ng/assets/demo/images/avatar/._annafali.png
minna/ultima-ng/assets/demo/images/avatar/annafali.png
tar: Ignoring unknown extended header keyword 'LIBARCHIVE.xattr.com.apple.provenance'
tar: Ignoring unknown extended header keyword 'LIBARCHIVE.xattr.com.apple.provenance'
tar: Ignoring unknown extended header keyword 'LIBARCHIVE.xattr.com.apple.provenance'
tar: Ignoring unknown extended header keyword 'LIBARCHIVE.xattr.com.apple.provenance'
tar: Ignoring unknown extended header keyword 'LIBARCHIVE.xattr.com.apple.provenance'
tar: Ignoring unknown extended header keyword 'LIBARCHIVE.xattr.com.apple.provenance'
tar: Ignoring unknown extended header keyword 'LIBARCHIVE.xattr.com.apple.provenance'
minna/ultima-ng/assets/demo/images/avatar/._stephenshaw.png
minna/ultima-ng/assets/demo/images/avatar/stephenshaw.png
minna/ultima-ng/assets/demo/images/product/._green-earbuds.jpg
minna/ultima-ng/assets/demo/images/product/green-earbuds.jpg
tar: Ignoring unknown extended header keyword 'LIBARCHIVE.xattr.com.apple.provenance'
tar: Ignoring unknown extended header keyword 'LIBARCHIVE.xattr.com.apple.provenance'
minna/ultima-ng/assets/demo/images/product/._headphones.jpg
minna/ultima-ng/assets/demo/images/product/headphones.jpg
minna/ultima-ng/assets/demo/images/product/._chakra-bracelet.jpg
minna/ultima-ng/assets/demo/images/product/chakra-bracelet.jpg
minna/ultima-ng/assets/demo/images/product/._game-controller.jpg
minna/ultima-ng/assets/demo/images/product/game-controller.jpg
minna/ultima-ng/assets/demo/images/product/._painted-phone-case.jpg
minna/ultima-ng/assets/demo/images/product/painted-phone-case.jpg
minna/ultima-ng/assets/demo/images/product/._green-t-shirt.jpg
minna/ultima-ng/assets/demo/images/product/green-t-shirt.jpg
minna/ultima-ng/assets/demo/images/product/._light-green-t-shirt.jpg
minna/ultima-ng/assets/demo/images/product/light-green-t-shirt.jpg
tar: Ignoring unknown extended header keyword 'LIBARCHIVE.xattr.com.apple.provenance'
tar: Ignoring unknown extended header keyword 'LIBARCHIVE.xattr.com.apple.provenance'
tar: Ignoring unknown extended header keyword 'LIBARCHIVE.xattr.com.apple.provenance'
tar: Ignoring unknown extended header keyword 'LIBARCHIVE.xattr.com.apple.provenance'
tar: Ignoring unknown extended header keyword 'LIBARCHIVE.xattr.com.apple.provenance'
tar: Ignoring unknown extended header keyword 'LIBARCHIVE.xattr.com.apple.provenance'
minna/ultima-ng/assets/demo/images/product/._pink-purse.jpg
minna/ultima-ng/assets/demo/images/product/pink-purse.jpg
minna/ultima-ng/assets/demo/images/product/._gaming-set.jpg
minna/ultima-ng/assets/demo/images/product/gaming-set.jpg
minna/ultima-ng/assets/demo/images/product/._bracelet.jpg
minna/ultima-ng/assets/demo/images/product/bracelet.jpg
minna/ultima-ng/assets/demo/images/product/._product-placeholder.svg
minna/ultima-ng/assets/demo/images/product/product-placeholder.svg
minna/ultima-ng/assets/demo/images/product/._teal-t-shirt.jpg
minna/ultima-ng/assets/demo/images/product/teal-t-shirt.jpg
minna/ultima-ng/assets/demo/images/product/._galaxy-earrings.jpg
tar: Ignoring unknown extended header keyword 'LIBARCHIVE.xattr.com.apple.provenance'
tar: Ignoring unknown extended header keyword 'LIBARCHIVE.xattr.com.apple.provenance'
tar: Ignoring unknown extended header keyword 'LIBARCHIVE.xattr.com.apple.provenance'
tar: Ignoring unknown extended header keyword 'LIBARCHIVE.xattr.com.apple.provenance'
tar: Ignoring unknown extended header keyword 'LIBARCHIVE.xattr.com.apple.provenance'
tar: Ignoring unknown extended header keyword 'LIBARCHIVE.xattr.com.apple.provenance'
minna/ultima-ng/assets/demo/images/product/galaxy-earrings.jpg
minna/ultima-ng/assets/demo/images/product/._brown-purse.jpg
minna/ultima-ng/assets/demo/images/product/brown-purse.jpg
minna/ultima-ng/assets/demo/images/product/._sneakers.jpg
minna/ultima-ng/assets/demo/images/product/sneakers.jpg
minna/ultima-ng/assets/demo/images/product/._yoga-mat.jpg
minna/ultima-ng/assets/demo/images/product/yoga-mat.jpg
minna/ultima-ng/assets/demo/images/product/._yellow-earbuds.jpg
minna/ultima-ng/assets/demo/images/product/yellow-earbuds.jpg
tar: Ignoring unknown extended header keyword 'LIBARCHIVE.xattr.com.apple.provenance'
tar: Ignoring unknown extended header keyword 'LIBARCHIVE.xattr.com.apple.provenance'
tar: Ignoring unknown extended header keyword 'LIBARCHIVE.xattr.com.apple.provenance'
tar: Ignoring unknown extended header keyword 'LIBARCHIVE.xattr.com.apple.provenance'
minna/ultima-ng/assets/demo/images/product/._gold-phone-case.jpg
minna/ultima-ng/assets/demo/images/product/gold-phone-case.jpg
tar: Ignoring unknown extended header keyword 'LIBARCHIVE.xattr.com.apple.provenance'
minna/ultima-ng/assets/demo/images/product/._blue-band.jpg
minna/ultima-ng/assets/demo/images/product/blue-band.jpg
tar: Ignoring unknown extended header keyword 'LIBARCHIVE.xattr.com.apple.provenance'
minna/ultima-ng/assets/demo/images/product/._yoga-set.jpg
minna/ultima-ng/assets/demo/images/product/yoga-set.jpg
minna/ultima-ng/assets/demo/images/product/._shoes.jpg
minna/ultima-ng/assets/demo/images/product/shoes.jpg
minna/ultima-ng/assets/demo/images/product/._purple-gemstone-necklace.jpg
minna/ultima-ng/assets/demo/images/product/purple-gemstone-necklace.jpg
minna/ultima-ng/assets/demo/images/product/._purple-t-shirt.jpg
minna/ultima-ng/assets/demo/images/product/purple-t-shirt.jpg
minna/ultima-ng/assets/demo/images/product/._bamboo-watch.jpg
tar: Ignoring unknown extended header keyword 'LIBARCHIVE.xattr.com.apple.provenance'
tar: Ignoring unknown extended header keyword 'LIBARCHIVE.xattr.com.apple.provenance'
tar: Ignoring unknown extended header keyword 'LIBARCHIVE.xattr.com.apple.provenance'
tar: Ignoring unknown extended header keyword 'LIBARCHIVE.xattr.com.apple.provenance'
minna/ultima-ng/assets/demo/images/product/bamboo-watch.jpg
minna/ultima-ng/assets/demo/images/product/._lime-band.jpg
minna/ultima-ng/assets/demo/images/product/lime-band.jpg
tar: Ignoring unknown extended header keyword 'LIBARCHIVE.xattr.com.apple.provenance'
tar: Ignoring unknown extended header keyword 'LIBARCHIVE.xattr.com.apple.provenance'
minna/ultima-ng/assets/demo/images/product/._mini-speakers.jpg
minna/ultima-ng/assets/demo/images/product/mini-speakers.jpg
minna/ultima-ng/assets/demo/images/product/._grey-t-shirt.jpg
minna/ultima-ng/assets/demo/images/product/grey-t-shirt.jpg
minna/ultima-ng/assets/demo/images/product/._pink-band.jpg
minna/ultima-ng/assets/demo/images/product/pink-band.jpg
minna/ultima-ng/assets/demo/images/product/._blue-t-shirt.jpg
minna/ultima-ng/assets/demo/images/product/blue-t-shirt.jpg
minna/ultima-ng/assets/demo/images/product/._black-watch.jpg
minna/ultima-ng/assets/demo/images/product/black-watch.jpg
minna/ultima-ng/assets/demo/images/product/._purple-band.jpg
minna/ultima-ng/assets/demo/images/product/purple-band.jpg
minna/ultima-ng/assets/demo/images/galleria/._galleria6.jpg
minna/ultima-ng/assets/demo/images/galleria/galleria6.jpg
minna/ultima-ng/assets/demo/images/galleria/._galleria6s.jpg
minna/ultima-ng/assets/demo/images/galleria/galleria6s.jpg
minna/ultima-ng/assets/demo/images/galleria/._galleria7.jpg
minna/ultima-ng/assets/demo/images/galleria/galleria7.jpg
minna/ultima-ng/assets/demo/images/galleria/._galleria5.jpg
minna/ultima-ng/assets/demo/images/galleria/galleria5.jpg
minna/ultima-ng/assets/demo/images/galleria/._galleria11s.jpg
tar: Ignoring unknown extended header keyword 'LIBARCHIVE.xattr.com.apple.provenance'
tar: Ignoring unknown extended header keyword 'LIBARCHIVE.xattr.com.apple.provenance'
tar: Ignoring unknown extended header keyword 'LIBARCHIVE.xattr.com.apple.provenance'
tar: Ignoring unknown extended header keyword 'LIBARCHIVE.xattr.com.apple.provenance'
tar: Ignoring unknown extended header keyword 'LIBARCHIVE.xattr.com.apple.provenance'
tar: Ignoring unknown extended header keyword 'LIBARCHIVE.xattr.com.apple.provenance'
tar: Ignoring unknown extended header keyword 'LIBARCHIVE.xattr.com.apple.provenance'
tar: Ignoring unknown extended header keyword 'LIBARCHIVE.xattr.com.apple.provenance'
tar: Ignoring unknown extended header keyword 'LIBARCHIVE.xattr.com.apple.provenance'
tar: Ignoring unknown extended header keyword 'LIBARCHIVE.xattr.com.apple.provenance'
tar: Ignoring unknown extended header keyword 'LIBARCHIVE.xattr.com.apple.provenance'
minna/ultima-ng/assets/demo/images/galleria/galleria11s.jpg
minna/ultima-ng/assets/demo/images/galleria/._galleria4.jpg
tar: Ignoring unknown extended header keyword 'LIBARCHIVE.xattr.com.apple.provenance'
minna/ultima-ng/assets/demo/images/galleria/galleria4.jpg
minna/ultima-ng/assets/demo/images/galleria/._galleria10s.jpg
minna/ultima-ng/assets/demo/images/galleria/galleria10s.jpg
minna/ultima-ng/assets/demo/images/galleria/._galleria1.jpg
minna/ultima-ng/assets/demo/images/galleria/galleria1.jpg
minna/ultima-ng/assets/demo/images/galleria/._galleria3.jpg
minna/ultima-ng/assets/demo/images/galleria/galleria3.jpg
minna/ultima-ng/assets/demo/images/galleria/._galleria7s.jpg
tar: Ignoring unknown extended header keyword 'LIBARCHIVE.xattr.com.apple.provenance'
tar: Ignoring unknown extended header keyword 'LIBARCHIVE.xattr.com.apple.provenance'
tar: Ignoring unknown extended header keyword 'LIBARCHIVE.xattr.com.apple.provenance'
tar: Ignoring unknown extended header keyword 'LIBARCHIVE.xattr.com.apple.provenance'
minna/ultima-ng/assets/demo/images/galleria/galleria7s.jpg
minna/ultima-ng/assets/demo/images/galleria/._galleria2.jpg
minna/ultima-ng/assets/demo/images/galleria/galleria2.jpg
minna/ultima-ng/assets/demo/images/galleria/._galleria15.jpg
minna/ultima-ng/assets/demo/images/galleria/galleria15.jpg
minna/ultima-ng/assets/demo/images/galleria/._galleria14.jpg
minna/ultima-ng/assets/demo/images/galleria/galleria14.jpg
minna/ultima-ng/assets/demo/images/galleria/._galleria13.jpg
minna/ultima-ng/assets/demo/images/galleria/galleria13.jpg
tar: Ignoring unknown extended header keyword 'LIBARCHIVE.xattr.com.apple.provenance'
tar: Ignoring unknown extended header keyword 'LIBARCHIVE.xattr.com.apple.provenance'
tar: Ignoring unknown extended header keyword 'LIBARCHIVE.xattr.com.apple.provenance'
tar: Ignoring unknown extended header keyword 'LIBARCHIVE.xattr.com.apple.provenance'
minna/ultima-ng/assets/demo/images/galleria/._galleria1s.jpg
minna/ultima-ng/assets/demo/images/galleria/galleria1s.jpg
minna/ultima-ng/assets/demo/images/galleria/._galleria12.jpg
minna/ultima-ng/assets/demo/images/galleria/galleria12.jpg
minna/ultima-ng/assets/demo/images/galleria/._galleria10.jpg
minna/ultima-ng/assets/demo/images/galleria/galleria10.jpg
tar: Ignoring unknown extended header keyword 'LIBARCHIVE.xattr.com.apple.provenance'
tar: Ignoring unknown extended header keyword 'LIBARCHIVE.xattr.com.apple.provenance'
tar: Ignoring unknown extended header keyword 'LIBARCHIVE.xattr.com.apple.provenance'
minna/ultima-ng/assets/demo/images/galleria/._galleria11.jpg
minna/ultima-ng/assets/demo/images/galleria/galleria11.jpg
tar: Ignoring unknown extended header keyword 'LIBARCHIVE.xattr.com.apple.provenance'
minna/ultima-ng/assets/demo/images/galleria/._galleria15s.jpg
minna/ultima-ng/assets/demo/images/galleria/galleria15s.jpg
minna/ultima-ng/assets/demo/images/galleria/._galleria2s.jpg
tar: Ignoring unknown extended header keyword 'LIBARCHIVE.xattr.com.apple.provenance'
minna/ultima-ng/assets/demo/images/galleria/galleria2s.jpg
minna/ultima-ng/assets/demo/images/galleria/._galleria3s.jpg
minna/ultima-ng/assets/demo/images/galleria/galleria3s.jpg
minna/ultima-ng/assets/demo/images/galleria/._galleria14s.jpg
minna/ultima-ng/assets/demo/images/galleria/galleria14s.jpg
minna/ultima-ng/assets/demo/images/galleria/._galleria4s.jpg
minna/ultima-ng/assets/demo/images/galleria/galleria4s.jpg
minna/ultima-ng/assets/demo/images/galleria/._galleria8s.jpg
minna/ultima-ng/assets/demo/images/galleria/galleria8s.jpg
minna/ultima-ng/assets/demo/images/galleria/._galleria13s.jpg
minna/ultima-ng/assets/demo/images/galleria/galleria13s.jpg
minna/ultima-ng/assets/demo/images/galleria/._galleria9.jpg
minna/ultima-ng/assets/demo/images/galleria/galleria9.jpg
minna/ultima-ng/assets/demo/images/galleria/._galleria9s.jpg
tar: Ignoring unknown extended header keyword 'LIBARCHIVE.xattr.com.apple.provenance'
tar: Ignoring unknown extended header keyword 'LIBARCHIVE.xattr.com.apple.provenance'
tar: Ignoring unknown extended header keyword 'LIBARCHIVE.xattr.com.apple.provenance'
tar: Ignoring unknown extended header keyword 'LIBARCHIVE.xattr.com.apple.provenance'
tar: Ignoring unknown extended header keyword 'LIBARCHIVE.xattr.com.apple.provenance'
tar: Ignoring unknown extended header keyword 'LIBARCHIVE.xattr.com.apple.provenance'
tar: Ignoring unknown extended header keyword 'LIBARCHIVE.xattr.com.apple.provenance'
minna/ultima-ng/assets/demo/images/galleria/galleria9s.jpg
minna/ultima-ng/assets/demo/images/galleria/._galleria12s.jpg
minna/ultima-ng/assets/demo/images/galleria/galleria12s.jpg
minna/ultima-ng/assets/demo/images/galleria/._galleria8.jpg
minna/ultima-ng/assets/demo/images/galleria/galleria8.jpg
tar: Ignoring unknown extended header keyword 'LIBARCHIVE.xattr.com.apple.provenance'
tar: Ignoring unknown extended header keyword 'LIBARCHIVE.xattr.com.apple.provenance'
tar: Ignoring unknown extended header keyword 'LIBARCHIVE.xattr.com.apple.provenance'
minna/ultima-ng/assets/demo/images/galleria/._galleria5s.jpg
minna/ultima-ng/assets/demo/images/galleria/galleria5s.jpg
minna/ultima-ng/assets/demo/flags/._flag_placeholder.png
minna/ultima-ng/assets/demo/flags/flag_placeholder.png
minna/ultima-ng/assets/demo/flags/._flags_responsive.png
minna/ultima-ng/assets/demo/flags/flags_responsive.png
minna/ultima-ng/assets/demo/flags/._flags.css
minna/ultima-ng/assets/demo/flags/flags.css
tar: Ignoring unknown extended header keyword 'LIBARCHIVE.xattr.com.apple.provenance'
tar: Ignoring unknown extended header keyword 'LIBARCHIVE.xattr.com.apple.provenance'
tar: Ignoring unknown extended header keyword 'LIBARCHIVE.xattr.com.apple.provenance'
tar: Ignoring unknown extended header keyword 'LIBARCHIVE.xattr.com.apple.provenance'
mv: cannot stat 'htv-admin': No such file or directory
._htv-landing
htv-landing/
htv-landing/._ultima-ng
tar: Ignoring unknown extended header keyword 'LIBARCHIVE.xattr.com.apple.provenance'
tar: Ignoring unknown extended header keyword 'LIBARCHIVE.xattr.com.apple.provenance'htv-landing/ultima-ng/
htv-landing/ultima-ng/._main.a11a913bed602922.js
htv-landing/ultima-ng/main.a11a913bed602922.js

tar: Ignoring unknown extended header keyword 'LIBARCHIVE.xattr.com.apple.provenance'
htv-landing/ultima-ng/._Inter-italic.var.958a0b9742fb3ae8.woff2
htv-landing/ultima-ng/Inter-italic.var.958a0b9742fb3ae8.woff2
tar: Ignoring unknown extended header keyword 'LIBARCHIVE.xattr.com.apple.provenance'
htv-landing/ultima-ng/._favicon.ico
tar: Ignoring unknown extended header keyword 'LIBARCHIVE.xattr.com.apple.provenance'htv-landing/ultima-ng/favicon.ico
htv-landing/ultima-ng/._BG-degradado-3.668a277f372cd6cf.jpg
htv-landing/ultima-ng/BG-degradado-3.668a277f372cd6cf.jpg

tar: Ignoring unknown extended header keyword 'LIBARCHIVE.xattr.com.apple.provenance'
htv-landing/ultima-ng/._index.html
htv-landing/ultima-ng/index.html
tar: Ignoring unknown extended header keyword 'LIBARCHIVE.xattr.com.apple.provenance'
htv-landing/ultima-ng/._primeicons.f8b9e8a4e401b603.woff
htv-landing/ultima-ng/primeicons.f8b9e8a4e401b603.woff
htv-landing/ultima-ng/._3rdpartylicenses.txt
htv-landing/ultima-ng/3rdpartylicenses.txt
htv-landing/ultima-ng/._bootstrap-icons.ac1a99b3d05d8232.woff
htv-landing/ultima-ng/bootstrap-icons.ac1a99b3d05d8232.woff
tar: Ignoring unknown extended header keyword 'LIBARCHIVE.xattr.com.apple.provenance'
tar: Ignoring unknown extended header keyword 'LIBARCHIVE.xattr.com.apple.provenance'
tar: Ignoring unknown extended header keyword 'LIBARCHIVE.xattr.com.apple.provenance'
htv-landing/ultima-ng/._primeicons.ffecb2549ad1765a.eot
tar: htv-landing/ultima-ng/primeicons.ffecb2549ad1765a.eot
htv-landing/ultima-ng/._flags_responsive.2aca9e17ea53881b.png
htv-landing/ultima-ng/flags_responsive.2aca9e17ea53881b.png
Ignoring unknown extended header keyword 'LIBARCHIVE.xattr.com.apple.provenance'
tar: Ignoring unknown extended header keyword 'LIBARCHIVE.xattr.com.apple.provenance'
htv-landing/ultima-ng/._primeicons.943ab24c43224d29.svg
htv-landing/ultima-ng/primeicons.943ab24c43224d29.svg
tar: Ignoring unknown extended header keyword 'LIBARCHIVE.xattr.com.apple.provenance'
htv-landing/ultima-ng/._Inter-roman.var.b2129c009ce46d43.woff2
tar: Ignoring unknown extended header keyword 'LIBARCHIVE.xattr.com.apple.provenance'
htv-landing/ultima-ng/Inter-roman.var.b2129c009ce46d43.woff2
htv-landing/ultima-ng/._polyfills.604c39ec896d53db.js
htv-landing/ultima-ng/polyfills.604c39ec896d53db.js
tar: Ignoring unknown extended header keyword 'LIBARCHIVE.xattr.com.apple.provenance'
htv-landing/ultima-ng/._runtime.4d3967f34bd16faf.js
htv-landing/ultima-ng/runtime.4d3967f34bd16faf.js
htv-landing/ultima-ng/._hue.8b1818380241e6ac.png
tar: Ignoring unknown extended header keyword 'LIBARCHIVE.xattr.com.apple.provenance'
tar: Ignoring unknown extended header keyword 'LIBARCHIVE.xattr.com.apple.provenance'
htv-landing/ultima-ng/hue.8b1818380241e6ac.png
htv-landing/ultima-ng/._color.dae87a04d07ca92b.png
htv-landing/ultima-ng/color.dae87a04d07ca92b.png
htv-landing/ultima-ng/._bootstrap-icons.154365acf3010d96.woff2
tar: Ignoring unknown extended header keyword 'LIBARCHIVE.xattr.com.apple.provenance'
htv-landing/ultima-ng/bootstrap-icons.154365acf3010d96.woff2
htv-landing/ultima-ng/._shape1.8168f86f77212114.svg
htv-landing/ultima-ng/shape1.8168f86f77212114.svg
tar: Ignoring unknown extended header keyword 'LIBARCHIVE.xattr.com.apple.provenance'
tar: Ignoring unknown extended header keyword 'LIBARCHIVE.xattr.com.apple.provenance'
htv-landing/ultima-ng/._styles.6de29c6f6b75be40.css
htv-landing/ultima-ng/styles.6de29c6f6b75be40.css
tar: Ignoring unknown extended header keyword 'LIBARCHIVE.xattr.com.apple.provenance'
htv-landing/ultima-ng/._assets
tar: Ignoring unknown extended header keyword 'LIBARCHIVE.xattr.com.apple.provenance'
htv-landing/ultima-ng/assets/
htv-landing/ultima-ng/._scripts.d331686b5f54582d.js
htv-landing/ultima-ng/scripts.d331686b5f54582d.js
htv-landing/ultima-ng/._primeicons.0112589c5695a9ed.ttf
tar: Ignoring unknown extended header keyword 'LIBARCHIVE.xattr.com.apple.provenance'
tar: Ignoring unknown extended header keyword 'LIBARCHIVE.xattr.com.apple.provenance'
htv-landing/ultima-ng/primeicons.0112589c5695a9ed.ttf
htv-landing/ultima-ng/._primeicons.ba3f916dfb64be8c.woff2
htv-landing/ultima-ng/primeicons.ba3f916dfb64be8c.woff2
htv-landing/ultima-ng/assets/._demo
tar: Ignoring unknown extended header keyword 'LIBARCHIVE.xattr.com.apple.provenance'
htv-landing/ultima-ng/assets/demo/
htv-landing/ultima-ng/assets/._images
htv-landing/ultima-ng/assets/images/
htv-landing/ultima-ng/assets/._layout
tar: Ignoring unknown extended header keyword 'LIBARCHIVE.xattr.com.apple.provenance'
tar: Ignoring unknown extended header keyword 'LIBARCHIVE.xattr.com.apple.provenance'
htv-landing/ultima-ng/assets/layout/
tar: Ignoring unknown extended header keyword 'LIBARCHIVE.xattr.com.apple.provenance'
htv-landing/ultima-ng/assets/._theme
htv-landing/ultima-ng/assets/theme/
tar: Ignoring unknown extended header keyword 'LIBARCHIVE.xattr.com.apple.provenance'
htv-landing/ultima-ng/assets/._sass
htv-landing/ultima-ng/assets/sass/
htv-landing/ultima-ng/assets/._pages
tar: Ignoring unknown extended header keyword 'LIBARCHIVE.xattr.com.apple.provenance'
tar: Ignoring unknown extended header keyword 'LIBARCHIVE.xattr.com.apple.provenance'htv-landing/ultima-ng/assets/pages/
htv-landing/ultima-ng/assets/pages/._primeicons.css

tar: Ignoring unknown extended header keyword 'LIBARCHIVE.xattr.com.apple.provenance'htv-landing/ultima-ng/assets/pages/primeicons.css
htv-landing/ultima-ng/assets/pages/._primeflex.min.css
htv-landing/ultima-ng/assets/pages/primeflex.min.css
htv-landing/ultima-ng/assets/pages/._primeng.min.css
htv-landing/ultima-ng/assets/pages/primeng.min.css

tar: Ignoring unknown extended header keyword 'LIBARCHIVE.xattr.com.apple.provenance'
tar: Ignoring unknown extended header keyword 'LIBARCHIVE.xattr.com.apple.provenance'
htv-landing/ultima-ng/assets/pages/._landing.html
htv-landing/ultima-ng/assets/pages/landing.html
htv-landing/ultima-ng/assets/pages/._fonts
tar: Ignoring unknown extended header keyword 'LIBARCHIVE.xattr.com.apple.provenance'
htv-landing/ultima-ng/assets/pages/fonts/
htv-landing/ultima-ng/assets/pages/fonts/._primeicons.svg
tar: Ignoring unknown extended header keyword 'LIBARCHIVE.xattr.com.apple.provenance'
tar: htv-landing/ultima-ng/assets/pages/fonts/primeicons.svg
htv-landing/ultima-ng/assets/pages/fonts/._primeicons.woff
Ignoring unknown extended header keyword 'LIBARCHIVE.xattr.com.apple.provenance'
htv-landing/ultima-ng/assets/pages/fonts/primeicons.woff
htv-landing/ultima-ng/assets/pages/fonts/._primeicons.eot
htv-landing/ultima-ng/assets/pages/fonts/primeicons.eot
htv-landing/ultima-ng/assets/pages/fonts/._primeicons.ttf
htv-landing/ultima-ng/assets/pages/fonts/primeicons.ttf
tar: Ignoring unknown extended header keyword 'LIBARCHIVE.xattr.com.apple.provenance'
tar: Ignoring unknown extended header keyword 'LIBARCHIVE.xattr.com.apple.provenance'
tar: Ignoring unknown extended header keyword 'LIBARCHIVE.xattr.com.apple.provenance'
htv-landing/ultima-ng/assets/sass/._overrides
tar: Ignoring unknown extended header keyword 'LIBARCHIVE.xattr.com.apple.provenance'
htv-landing/ultima-ng/assets/sass/overrides/
htv-landing/ultima-ng/assets/sass/.__fonts.scss
htv-landing/ultima-ng/assets/sass/_fonts.scss
htv-landing/ultima-ng/assets/sass/._layout
tar: Ignoring unknown extended header keyword 'LIBARCHIVE.xattr.com.apple.provenance'
tar: htv-landing/ultima-ng/assets/sass/layout/
htv-landing/ultima-ng/assets/sass/._theme
htv-landing/ultima-ng/assets/sass/theme/
htv-landing/ultima-ng/assets/sass/._variables
Ignoring unknown extended header keyword 'LIBARCHIVE.xattr.com.apple.provenance'
tar: Ignoring unknown extended header keyword 'LIBARCHIVE.xattr.com.apple.provenance'
tar: Ignoring unknown extended header keyword 'LIBARCHIVE.xattr.com.apple.provenance'htv-landing/ultima-ng/assets/sass/variables/
htv-landing/ultima-ng/assets/sass/variables/._layout
htv-landing/ultima-ng/assets/sass/variables/layout/
htv-landing/ultima-ng/assets/sass/variables/._theme
htv-landing/ultima-ng/assets/sass/variables/theme/
htv-landing/ultima-ng/assets/sass/variables/theme/.__theme_dark.scss
htv-landing/ultima-ng/assets/sass/variables/theme/_theme_dark.scss
htv-landing/ultima-ng/assets/sass/variables/theme/.__theme_light.scss

tar: Ignoring unknown extended header keyword 'LIBARCHIVE.xattr.com.apple.provenance'
tar: Ignoring unknown extended header keyword 'LIBARCHIVE.xattr.com.apple.provenance'
tar: Ignoring unknown extended header keyword 'LIBARCHIVE.xattr.com.apple.provenance'
tar: Ignoring unknown extended header keyword 'LIBARCHIVE.xattr.com.apple.provenance'htv-landing/ultima-ng/assets/sass/variables/theme/_theme_light.scss
htv-landing/ultima-ng/assets/sass/variables/layout/.__layout_light.scss

tar: Ignoring unknown extended header keyword 'LIBARCHIVE.xattr.com.apple.provenance'htv-landing/ultima-ng/assets/sass/variables/layout/_layout_light.scss
htv-landing/ultima-ng/assets/sass/variables/layout/.__layout_dark.scss
htv-landing/ultima-ng/assets/sass/variables/layout/_layout_dark.scss

tar: Ignoring unknown extended header keyword 'LIBARCHIVE.xattr.com.apple.provenance'
htv-landing/ultima-ng/assets/sass/variables/layout/.__layout_common.scss
htv-landing/ultima-ng/assets/sass/variables/layout/_layout_common.scss
htv-landing/ultima-ng/assets/sass/theme/.__theme_dark.scss
htv-landing/ultima-ng/assets/sass/theme/_theme_dark.scss
htv-landing/ultima-ng/assets/sass/theme/.__compact.scss
htv-landing/ultima-ng/assets/sass/theme/_compact.scss
htv-landing/ultima-ng/assets/sass/theme/._extensions
tar: Ignoring unknown extended header keyword 'LIBARCHIVE.xattr.com.apple.provenance'
tar: Ignoring unknown extended header keyword 'LIBARCHIVE.xattr.com.apple.provenance'
tar: Ignoring unknown extended header keyword 'LIBARCHIVE.xattr.com.apple.provenance'
tar: htv-landing/ultima-ng/assets/sass/theme/extensions/
htv-landing/ultima-ng/assets/sass/theme/._designer
htv-landing/ultima-ng/assets/sass/theme/designer/
htv-landing/ultima-ng/assets/sass/theme/.__theme_light.scss
htv-landing/ultima-ng/assets/sass/theme/_theme_light.scss
htv-landing/ultima-ng/assets/sass/theme/designer/._components
htv-landing/ultima-ng/assets/sass/theme/designer/components/
htv-landing/ultima-ng/assets/sass/theme/designer/.__mixins.scss
htv-landing/ultima-ng/assets/sass/theme/designer/_mixins.scss
htv-landing/ultima-ng/assets/sass/theme/designer/.__common.scss
htv-landing/ultima-ng/assets/sass/theme/designer/_common.scss
htv-landing/ultima-ng/assets/sass/theme/designer/.__components.scss
htv-landing/ultima-ng/assets/sass/theme/designer/_components.scss
htv-landing/ultima-ng/assets/sass/theme/designer/components/._misc
htv-landing/ultima-ng/assets/sass/theme/designer/components/misc/
htv-landing/ultima-ng/assets/sass/theme/designer/components/._messages
htv-landing/ultima-ng/assets/sass/theme/designer/components/messages/
htv-landing/ultima-ng/assets/sass/theme/designer/components/._panel
htv-landing/ultima-ng/assets/sass/theme/designer/components/panel/
htv-landing/ultima-ng/assets/sass/theme/designer/components/._file
htv-landing/ultima-ng/assets/sass/theme/designer/components/file/
htv-landing/ultima-ng/assets/sass/theme/designer/components/._input
htv-landing/ultima-ng/assets/sass/theme/designer/components/input/
htv-landing/ultima-ng/assets/sass/theme/designer/components/._button
htv-landing/ultima-ng/assets/sass/theme/designer/components/button/
htv-landing/ultima-ng/assets/sass/theme/designer/components/._menu
Ignoring unknown extended header keyword 'LIBARCHIVE.xattr.com.apple.provenance'
tar: Ignoring unknown extended header keyword 'LIBARCHIVE.xattr.com.apple.provenance'
tar: Ignoring unknown extended header keyword 'LIBARCHIVE.xattr.com.apple.provenance'
tar: Ignoring unknown extended header keyword 'LIBARCHIVE.xattr.com.apple.provenance'
tar: Ignoring unknown extended header keyword 'LIBARCHIVE.xattr.com.apple.provenance'
tar: Ignoring unknown extended header keyword 'LIBARCHIVE.xattr.com.apple.provenance'
tar: Ignoring unknown extended header keyword 'LIBARCHIVE.xattr.com.apple.provenance'
tar: Ignoring unknown extended header keyword 'LIBARCHIVE.xattr.com.apple.provenance'
tar: Ignoring unknown extended header keyword 'LIBARCHIVE.xattr.com.apple.provenance'
tar: Ignoring unknown extended header keyword 'LIBARCHIVE.xattr.com.apple.provenance'
tar: Ignoring unknown extended header keyword 'LIBARCHIVE.xattr.com.apple.provenance'
tar: Ignoring unknown extended header keyword 'LIBARCHIVE.xattr.com.apple.provenance'
tar: Ignoring unknown extended header keyword 'LIBARCHIVE.xattr.com.apple.provenance'
tar: Ignoring unknown extended header keyword 'LIBARCHIVE.xattr.com.apple.provenance'htv-landing/ultima-ng/assets/sass/theme/designer/components/menu/
htv-landing/ultima-ng/assets/sass/theme/designer/components/._multimedia
htv-landing/ultima-ng/assets/sass/theme/designer/components/multimedia/
htv-landing/ultima-ng/assets/sass/theme/designer/components/._overlay
htv-landing/ultima-ng/assets/sass/theme/designer/components/overlay/
htv-landing/ultima-ng/assets/sass/theme/designer/components/._data
htv-landing/ultima-ng/assets/sass/theme/designer/components/data/
htv-landing/ultima-ng/assets/sass/theme/designer/components/data/.__organizationchart.scss
htv-landing/ultima-ng/assets/sass/theme/designer/components/data/_organizationchart.scss
htv-landing/ultima-ng/assets/sass/theme/designer/components/data/.__picklist.scss
htv-landing/ultima-ng/assets/sass/theme/designer/components/data/_picklist.scss
htv-landing/ultima-ng/assets/sass/theme/designer/components/data/.__treetable.scss
htv-landing/ultima-ng/assets/sass/theme/designer/components/data/_treetable.scss
htv-landing/ultima-ng/assets/sass/theme/designer/components/data/.__fullcalendar.scss
htv-landing/ultima-ng/assets/sass/theme/designer/components/data/_fullcalendar.scss
htv-landing/ultima-ng/assets/sass/theme/designer/components/data/.__carousel.scss
htv-landing/ultima-ng/assets/sass/theme/designer/components/data/_carousel.scss
htv-landing/ultima-ng/assets/sass/theme/designer/components/data/.__timeline.scss
htv-landing/ultima-ng/assets/sass/theme/designer/components/data/_timeline.scss
htv-landing/ultima-ng/assets/sass/theme/designer/components/data/.__virtualscroller.scss
htv-landing/ultima-ng/assets/sass/theme/designer/components/data/_virtualscroller.scss
htv-landing/ultima-ng/assets/sass/theme/designer/components/data/.__datatable.scss
htv-landing/ultima-ng/assets/sass/theme/designer/components/data/_datatable.scss
htv-landing/ultima-ng/assets/sass/theme/designer/components/data/.__orderlist.scss
htv-landing/ultima-ng/assets/sass/theme/designer/components/data/_orderlist.scss
htv-landing/ultima-ng/assets/sass/theme/designer/components/data/.__paginator.scss
htv-landing/ultima-ng/assets/sass/theme/designer/components/data/_paginator.scss
htv-landing/ultima-ng/assets/sass/theme/designer/components/data/.__dataview.scss
htv-landing/ultima-ng/assets/sass/theme/designer/components/data/_dataview.scss
htv-landing/ultima-ng/assets/sass/theme/designer/components/data/.__tree.scss
htv-landing/ultima-ng/assets/sass/theme/designer/components/data/_tree.scss
htv-landing/ultima-ng/assets/sass/theme/designer/components/data/.__filter.scss
htv-landing/ultima-ng/assets/sass/theme/designer/components/data/_filter.scss
htv-landing/ultima-ng/assets/sass/theme/designer/components/overlay/.__dialog.scss
htv-landing/ultima-ng/assets/sass/theme/designer/components/overlay/_dialog.scss
htv-landing/ultima-ng/assets/sass/theme/designer/components/overlay/.__overlaypanel.scss

tar: Ignoring unknown extended header keyword 'LIBARCHIVE.xattr.com.apple.provenance'
tar: Ignoring unknown extended header keyword 'LIBARCHIVE.xattr.com.apple.provenance'
tar: Ignoring unknown extended header keyword 'LIBARCHIVE.xattr.com.apple.provenance'
tar: Ignoring unknown extended header keyword 'LIBARCHIVE.xattr.com.apple.provenance'
tar: Ignoring unknown extended header keyword 'LIBARCHIVE.xattr.com.apple.provenance'
tar: Ignoring unknown extended header keyword 'LIBARCHIVE.xattr.com.apple.provenance'
tar: Ignoring unknown extended header keyword 'LIBARCHIVE.xattr.com.apple.provenance'
tar: Ignoring unknown extended header keyword 'LIBARCHIVE.xattr.com.apple.provenance'
tar: Ignoring unknown extended header keyword 'LIBARCHIVE.xattr.com.apple.provenance'
tar: Ignoring unknown extended header keyword 'LIBARCHIVE.xattr.com.apple.provenance'
tar: Ignoring unknown extended header keyword 'LIBARCHIVE.xattr.com.apple.provenance'
tar: Ignoring unknown extended header keyword 'LIBARCHIVE.xattr.com.apple.provenance'
tar: Ignoring unknown extended header keyword 'LIBARCHIVE.xattr.com.apple.provenance'
tar: Ignoring unknown extended header keyword 'LIBARCHIVE.xattr.com.apple.provenance'
tar: Ignoring unknown extended header keyword 'LIBARCHIVE.xattr.com.apple.provenance'
tar: Ignoring unknown extended header keyword 'LIBARCHIVE.xattr.com.apple.provenance'
tar: Ignoring unknown extended header keyword 'LIBARCHIVE.xattr.com.apple.provenance'
htv-landing/ultima-ng/assets/sass/theme/designer/components/overlay/_overlaypanel.scss
htv-landing/ultima-ng/assets/sass/theme/designer/components/overlay/.__sidebar.scss
htv-landing/ultima-ng/assets/sass/theme/designer/components/overlay/_sidebar.scss
htv-landing/ultima-ng/assets/sass/theme/designer/components/overlay/.__tooltip.scss
htv-landing/ultima-ng/assets/sass/theme/designer/components/overlay/_tooltip.scss
htv-landing/ultima-ng/assets/sass/theme/designer/components/overlay/.__confirmpopup.scss
htv-landing/ultima-ng/assets/sass/theme/designer/components/overlay/_confirmpopup.scss
htv-landing/ultima-ng/assets/sass/theme/designer/components/multimedia/.__galleria.scss
htv-landing/ultima-ng/assets/sass/theme/designer/components/multimedia/_galleria.scss
htv-landing/ultima-ng/assets/sass/theme/designer/components/menu/.__menubar.scss
tar: Ignoring unknown extended header keyword 'LIBARCHIVE.xattr.com.apple.provenance'
tar: Ignoring unknown extended header keyword 'LIBARCHIVE.xattr.com.apple.provenance'
tar: Ignoring unknown extended header keyword 'LIBARCHIVE.xattr.com.apple.provenance'
tar: Ignoring unknown extended header keyword 'LIBARCHIVE.xattr.com.apple.provenance'
tar: Ignoring unknown extended header keyword 'LIBARCHIVE.xattr.com.apple.provenance'
htv-landing/ultima-ng/assets/sass/theme/designer/components/menu/_menubar.scss
tar: Ignoring unknown extended header keyword 'LIBARCHIVE.xattr.com.apple.provenance'
htv-landing/ultima-ng/assets/sass/theme/designer/components/menu/.__slidemenu.scss
htv-landing/ultima-ng/assets/sass/theme/designer/components/menu/_slidemenu.scss
htv-landing/ultima-ng/assets/sass/theme/designer/components/menu/.__contextmenu.scss
tar: Ignoring unknown extended header keyword 'LIBARCHIVE.xattr.com.apple.provenance'
htv-landing/ultima-ng/assets/sass/theme/designer/components/menu/_contextmenu.scss
htv-landing/ultima-ng/assets/sass/theme/designer/components/menu/.__breadcrumb.scss
htv-landing/ultima-ng/assets/sass/theme/designer/components/menu/_breadcrumb.scss
tar: Ignoring unknown extended header keyword 'LIBARCHIVE.xattr.com.apple.provenance'
tar: Ignoring unknown extended header keyword 'LIBARCHIVE.xattr.com.apple.provenance'
htv-landing/ultima-ng/assets/sass/theme/designer/components/menu/.__tieredmenu.scss
htv-landing/ultima-ng/assets/sass/theme/designer/components/menu/_tieredmenu.scss
tar: Ignoring unknown extended header keyword 'LIBARCHIVE.xattr.com.apple.provenance'
htv-landing/ultima-ng/assets/sass/theme/designer/components/menu/.__steps.scss
htv-landing/ultima-ng/assets/sass/theme/designer/components/menu/_steps.scss
htv-landing/ultima-ng/assets/sass/theme/designer/components/menu/.__tabmenu.scss
htv-landing/ultima-ng/assets/sass/theme/designer/components/menu/_tabmenu.scss
htv-landing/ultima-ng/assets/sass/theme/designer/components/menu/.__menu.scss
htv-landing/ultima-ng/assets/sass/theme/designer/components/menu/_menu.scss
htv-landing/ultima-ng/assets/sass/theme/designer/components/menu/.__panelmenu.scss
htv-landing/ultima-ng/assets/sass/theme/designer/components/menu/_panelmenu.scss
htv-landing/ultima-ng/assets/sass/theme/designer/components/menu/.__megamenu.scss
htv-landing/ultima-ng/assets/sass/theme/designer/components/menu/_megamenu.scss
htv-landing/ultima-ng/assets/sass/theme/designer/components/button/.__button.scss
htv-landing/ultima-ng/assets/sass/theme/designer/components/button/_button.scss
htv-landing/ultima-ng/assets/sass/theme/designer/components/button/.__splitbutton.scss
htv-landing/ultima-ng/assets/sass/theme/designer/components/button/_splitbutton.scss
htv-landing/ultima-ng/assets/sass/theme/designer/components/input/.__radiobutton.scss
htv-landing/ultima-ng/assets/sass/theme/designer/components/input/_radiobutton.scss
htv-landing/ultima-ng/assets/sass/theme/designer/components/input/.__checkbox.scss
htv-landing/ultima-ng/assets/sass/theme/designer/components/input/_checkbox.scss
htv-landing/ultima-ng/assets/sass/theme/designer/components/input/.__inputmask.scss
htv-landing/ultima-ng/assets/sass/theme/designer/components/input/_inputmask.scss
htv-landing/ultima-ng/assets/sass/theme/designer/components/input/.__inputgroup.scss
htv-landing/ultima-ng/assets/sass/theme/designer/components/input/_inputgroup.scss
htv-landing/ultima-ng/assets/sass/theme/designer/components/input/.__selectbutton.scss
htv-landing/ultima-ng/assets/sass/theme/designer/components/input/_selectbutton.scss
htv-landing/ultima-ng/assets/sass/theme/designer/components/input/.__inputtext.scss
htv-landing/ultima-ng/assets/sass/theme/designer/components/input/_inputtext.scss
htv-landing/ultima-ng/assets/sass/theme/designer/components/input/.__togglebutton.scss
htv-landing/ultima-ng/assets/sass/theme/designer/components/input/_togglebutton.scss
htv-landing/ultima-ng/assets/sass/theme/designer/components/input/.__editor.scss
htv-landing/ultima-ng/assets/sass/theme/designer/components/input/_editor.scss
htv-landing/ultima-ng/assets/sass/theme/designer/components/input/.__calendar.scss
tar: Ignoring unknown extended header keyword 'LIBARCHIVE.xattr.com.apple.provenance'
tar: Ignoring unknown extended header keyword 'LIBARCHIVE.xattr.com.apple.provenance'
tar: Ignoring unknown extended header keyword 'LIBARCHIVE.xattr.com.apple.provenance'
tar: Ignoring unknown extended header keyword 'LIBARCHIVE.xattr.com.apple.provenance'
tar: Ignoring unknown extended header keyword 'LIBARCHIVE.xattr.com.apple.provenance'
tar: Ignoring unknown extended header keyword 'LIBARCHIVE.xattr.com.apple.provenance'
tar: Ignoring unknown extended header keyword 'LIBARCHIVE.xattr.com.apple.provenance'
tar: Ignoring unknown extended header keyword 'LIBARCHIVE.xattr.com.apple.provenance'
tar: Ignoring unknown extended header keyword 'LIBARCHIVE.xattr.com.apple.provenance'
tar: Ignoring unknown extended header keyword 'LIBARCHIVE.xattr.com.apple.provenance'
tar: Ignoring unknown extended header keyword 'LIBARCHIVE.xattr.com.apple.provenance'
tar: Ignoring unknown extended header keyword 'LIBARCHIVE.xattr.com.apple.provenance'
tar: Ignoring unknown extended header keyword 'LIBARCHIVE.xattr.com.apple.provenance'
tar: Ignoring unknown extended header keyword 'LIBARCHIVE.xattr.com.apple.provenance'
tar: Ignoring unknown extended header keyword 'LIBARCHIVE.xattr.com.apple.provenance'
tar: htv-landing/ultima-ng/assets/sass/theme/designer/components/input/_calendar.scss
htv-landing/ultima-ng/assets/sass/theme/designer/components/input/.__cascadeselect.scss
htv-landing/ultima-ng/assets/sass/theme/designer/components/input/_cascadeselect.scss
htv-landing/ultima-ng/assets/sass/theme/designer/components/input/.__inputnumber.scss
htv-landing/ultima-ng/assets/sass/theme/designer/components/input/_inputnumber.scss
htv-landing/ultima-ng/assets/sass/theme/designer/components/input/.__password.scss
htv-landing/ultima-ng/assets/sass/theme/designer/components/input/_password.scss
htv-landing/ultima-ng/assets/sass/theme/designer/components/input/.__multiselect.scss
htv-landing/ultima-ng/assets/sass/theme/designer/components/input/_multiselect.scss
htv-landing/ultima-ng/assets/sass/theme/designer/components/input/.__chips.scss
htv-landing/ultima-ng/assets/sass/theme/designer/components/input/_chips.scss
htv-landing/ultima-ng/assets/sass/theme/designer/components/input/.__slider.scss
htv-landing/ultima-ng/assets/sass/theme/designer/components/input/_slider.scss
htv-landing/ultima-ng/assets/sass/theme/designer/components/input/.__rating.scss
htv-landing/ultima-ng/assets/sass/theme/designer/components/input/_rating.scss
htv-landing/ultima-ng/assets/sass/theme/designer/components/input/.__autocomplete.scss
htv-landing/ultima-ng/assets/sass/theme/designer/components/input/_autocomplete.scss
htv-landing/ultima-ng/assets/sass/theme/designer/components/input/.__colorpicker.scss
htv-landing/ultima-ng/assets/sass/theme/designer/components/input/_colorpicker.scss
htv-landing/ultima-ng/assets/sass/theme/designer/components/input/.__listbox.scss
Ignoring unknown extended header keyword 'LIBARCHIVE.xattr.com.apple.provenance'
tar: Ignoring unknown extended header keyword 'LIBARCHIVE.xattr.com.apple.provenance'
tar: Ignoring unknown extended header keyword 'LIBARCHIVE.xattr.com.apple.provenance'
tar: Ignoring unknown extended header keyword 'LIBARCHIVE.xattr.com.apple.provenance'
tar: Ignoring unknown extended header keyword 'LIBARCHIVE.xattr.com.apple.provenance'
tar: Ignoring unknown extended header keyword 'LIBARCHIVE.xattr.com.apple.provenance'
tar: Ignoring unknown extended header keyword 'LIBARCHIVE.xattr.com.apple.provenance'
tar: Ignoring unknown extended header keyword 'LIBARCHIVE.xattr.com.apple.provenance'
tar: Ignoring unknown extended header keyword 'LIBARCHIVE.xattr.com.apple.provenance'
tar: Ignoring unknown extended header keyword 'LIBARCHIVE.xattr.com.apple.provenance'
tar: htv-landing/ultima-ng/assets/sass/theme/designer/components/input/_listbox.scss
Ignoring unknown extended header keyword 'LIBARCHIVE.xattr.com.apple.provenance'
htv-landing/ultima-ng/assets/sass/theme/designer/components/input/.__dropdown.scss
htv-landing/ultima-ng/assets/sass/theme/designer/components/input/_dropdown.scss
htv-landing/ultima-ng/assets/sass/theme/designer/components/input/.__inputswitch.scss
tar: Ignoring unknown extended header keyword 'LIBARCHIVE.xattr.com.apple.provenance'
tar: Ignoring unknown extended header keyword 'LIBARCHIVE.xattr.com.apple.provenance'
htv-landing/ultima-ng/assets/sass/theme/designer/components/input/_inputswitch.scss
htv-landing/ultima-ng/assets/sass/theme/designer/components/file/.__fileupload.scss
htv-landing/ultima-ng/assets/sass/theme/designer/components/file/_fileupload.scss
htv-landing/ultima-ng/assets/sass/theme/designer/components/panel/.__accordion.scss
htv-landing/ultima-ng/assets/sass/theme/designer/components/panel/_accordion.scss
htv-landing/ultima-ng/assets/sass/theme/designer/components/panel/.__panel.scss
htv-landing/ultima-ng/assets/sass/theme/designer/components/panel/_panel.scss
htv-landing/ultima-ng/assets/sass/theme/designer/components/panel/.__card.scss
tar: Ignoring unknown extended header keyword 'LIBARCHIVE.xattr.com.apple.provenance'
tar: Ignoring unknown extended header keyword 'LIBARCHIVE.xattr.com.apple.provenance'
tar: Ignoring unknown extended header keyword 'LIBARCHIVE.xattr.com.apple.provenance'
tar: Ignoring unknown extended header keyword 'LIBARCHIVE.xattr.com.apple.provenance'htv-landing/ultima-ng/assets/sass/theme/designer/components/panel/_card.scss
htv-landing/ultima-ng/assets/sass/theme/designer/components/panel/.__tabview.scss
htv-landing/ultima-ng/assets/sass/theme/designer/components/panel/_tabview.scss
htv-landing/ultima-ng/assets/sass/theme/designer/components/panel/.__scrollpanel.scss
htv-landing/ultima-ng/assets/sass/theme/designer/components/panel/_scrollpanel.scss
htv-landing/ultima-ng/assets/sass/theme/designer/components/panel/.__splitter.scss

tar: Ignoring unknown extended header keyword 'LIBARCHIVE.xattr.com.apple.provenance'
tar: Ignoring unknown extended header keyword 'LIBARCHIVE.xattr.com.apple.provenance'
tar: Ignoring unknown extended header keyword 'LIBARCHIVE.xattr.com.apple.provenance'
htv-landing/ultima-ng/assets/sass/theme/designer/components/panel/_splitter.scss
htv-landing/ultima-ng/assets/sass/theme/designer/components/panel/.__toolbar.scss
htv-landing/ultima-ng/assets/sass/theme/designer/components/panel/_toolbar.scss
htv-landing/ultima-ng/assets/sass/theme/designer/components/panel/.__divider.scss
htv-landing/ultima-ng/assets/sass/theme/designer/components/panel/_divider.scss
tar: Ignoring unknown extended header keyword 'LIBARCHIVE.xattr.com.apple.provenance'
tar: Ignoring unknown extended header keyword 'LIBARCHIVE.xattr.com.apple.provenance'
htv-landing/ultima-ng/assets/sass/theme/designer/components/panel/.__fieldset.scss
htv-landing/ultima-ng/assets/sass/theme/designer/components/panel/_fieldset.scss
htv-landing/ultima-ng/assets/sass/theme/designer/components/messages/.__inlinemessage.scss
htv-landing/ultima-ng/assets/sass/theme/designer/components/messages/_inlinemessage.scss
htv-landing/ultima-ng/assets/sass/theme/designer/components/messages/.__message.scss
htv-landing/ultima-ng/assets/sass/theme/designer/components/messages/_message.scss
htv-landing/ultima-ng/assets/sass/theme/designer/components/messages/.__toast.scss
htv-landing/ultima-ng/assets/sass/theme/designer/components/messages/_toast.scss
htv-landing/ultima-ng/assets/sass/theme/designer/components/misc/.__progressbar.scss
htv-landing/ultima-ng/assets/sass/theme/designer/components/misc/_progressbar.scss
htv-landing/ultima-ng/assets/sass/theme/designer/components/misc/.__inplace.scss
htv-landing/ultima-ng/assets/sass/theme/designer/components/misc/_inplace.scss
htv-landing/ultima-ng/assets/sass/theme/designer/components/misc/.__skeleton.scss
htv-landing/ultima-ng/assets/sass/theme/designer/components/misc/_skeleton.scss
htv-landing/ultima-ng/assets/sass/theme/designer/components/misc/.__tag.scss
htv-landing/ultima-ng/assets/sass/theme/designer/components/misc/_tag.scss
htv-landing/ultima-ng/assets/sass/theme/designer/components/misc/.__blockui.scss
htv-landing/ultima-ng/assets/sass/theme/designer/components/misc/_blockui.scss
htv-landing/ultima-ng/assets/sass/theme/designer/components/misc/.__badge.scss
htv-landing/ultima-ng/assets/sass/theme/designer/components/misc/_badge.scss
htv-landing/ultima-ng/assets/sass/theme/designer/components/misc/.__avatar.scss
htv-landing/ultima-ng/assets/sass/theme/designer/components/misc/_avatar.scss
htv-landing/ultima-ng/assets/sass/theme/designer/components/misc/.__terminal.scss
htv-landing/ultima-ng/assets/sass/theme/designer/components/misc/_terminal.scss
htv-landing/ultima-ng/assets/sass/theme/designer/components/misc/.__chip.scss
htv-landing/ultima-ng/assets/sass/theme/designer/components/misc/_chip.scss
htv-landing/ultima-ng/assets/sass/theme/designer/components/misc/.__scrolltop.scss
htv-landing/ultima-ng/assets/sass/theme/designer/components/misc/_scrolltop.scss
htv-landing/ultima-ng/assets/sass/theme/extensions/.__progressbar.scss
htv-landing/ultima-ng/assets/sass/theme/extensions/_progressbar.scss
htv-landing/ultima-ng/assets/sass/theme/extensions/.__vendor_extensions.scss
tar: Ignoring unknown extended header keyword 'LIBARCHIVE.xattr.com.apple.provenance'
tar: Ignoring unknown extended header keyword 'LIBARCHIVE.xattr.com.apple.provenance'
tar: Ignoring unknown extended header keyword 'LIBARCHIVE.xattr.com.apple.provenance'
tar: Ignoring unknown extended header keyword 'LIBARCHIVE.xattr.com.apple.provenance'
tar: Ignoring unknown extended header keyword 'LIBARCHIVE.xattr.com.apple.provenance'
tar: Ignoring unknown extended header keyword 'LIBARCHIVE.xattr.com.apple.provenance'
tar: Ignoring unknown extended header keyword 'LIBARCHIVE.xattr.com.apple.provenance'
tar: Ignoring unknown extended header keyword 'LIBARCHIVE.xattr.com.apple.provenance'
tar: Ignoring unknown extended header keyword 'LIBARCHIVE.xattr.com.apple.provenance'
tar: Ignoring unknown extended header keyword 'LIBARCHIVE.xattr.com.apple.provenance'
tar: Ignoring unknown extended header keyword 'LIBARCHIVE.xattr.com.apple.provenance'
tar: Ignoring unknown extended header keyword 'LIBARCHIVE.xattr.com.apple.provenance'
tar: Ignoring unknown extended header keyword 'LIBARCHIVE.xattr.com.apple.provenance'
tar: Ignoring unknown extended header keyword 'LIBARCHIVE.xattr.com.apple.provenance'
tar: Ignoring unknown extended header keyword 'LIBARCHIVE.xattr.com.apple.provenance'
tar: htv-landing/ultima-ng/assets/sass/theme/extensions/_vendor_extensions.scss
htv-landing/ultima-ng/assets/sass/theme/extensions/.__radiobutton.scss
htv-landing/ultima-ng/assets/sass/theme/extensions/_radiobutton.scss
htv-landing/ultima-ng/assets/sass/theme/extensions/.__checkbox.scss
htv-landing/ultima-ng/assets/sass/theme/extensions/_checkbox.scss
htv-landing/ultima-ng/assets/sass/theme/extensions/.__inputmask.scss
htv-landing/ultima-ng/assets/sass/theme/extensions/_inputmask.scss
htv-landing/ultima-ng/assets/sass/theme/extensions/.__treetable.scss
htv-landing/ultima-ng/assets/sass/theme/extensions/_treetable.scss
htv-landing/ultima-ng/assets/sass/theme/extensions/.__carousel.scss
htv-landing/ultima-ng/assets/sass/theme/extensions/_carousel.scss
htv-landing/ultima-ng/assets/sass/theme/extensions/.__timeline.scss
htv-landing/ultima-ng/assets/sass/theme/extensions/_timeline.scss
htv-landing/ultima-ng/assets/sass/theme/extensions/.__float_label.scss
htv-landing/ultima-ng/assets/sass/theme/extensions/_float_label.scss
htv-landing/ultima-ng/assets/sass/theme/extensions/.__inputgroup.scss
htv-landing/ultima-ng/assets/sass/theme/extensions/_inputgroup.scss
htv-landing/ultima-ng/assets/sass/theme/extensions/.__steps.scss
htv-landing/ultima-ng/assets/sass/theme/extensions/_steps.scss
htv-landing/ultima-ng/assets/sass/theme/extensions/.__selectbutton.scss
htv-landing/ultima-ng/assets/sass/theme/extensions/_selectbutton.scss
htv-landing/ultima-ng/assets/sass/theme/extensions/.__accordion.scss
htv-landing/ultima-ng/assets/sass/theme/extensions/_accordion.scss
htv-landing/ultima-ng/assets/sass/theme/extensions/.__togglebutton.scss
htv-landing/ultima-ng/assets/sass/theme/extensions/_togglebutton.scss
htv-landing/ultima-ng/assets/sass/theme/extensions/.__tabmenu.scss
htv-landing/ultima-ng/assets/sass/theme/extensions/_tabmenu.scss
htv-landing/ultima-ng/assets/sass/theme/extensions/.__button.scss
htv-landing/ultima-ng/assets/sass/theme/extensions/_button.scss
htv-landing/ultima-ng/assets/sass/theme/extensions/.__calendar.scss
htv-landing/ultima-ng/assets/sass/theme/extensions/_calendar.scss
htv-landing/ultima-ng/assets/sass/theme/extensions/.__cascadeselect.scss
htv-landing/ultima-ng/assets/sass/theme/extensions/_cascadeselect.scss
htv-landing/ultima-ng/assets/sass/theme/extensions/.__datatable.scss
htv-landing/ultima-ng/assets/sass/theme/extensions/_datatable.scss
htv-landing/ultima-ng/assets/sass/theme/extensions/.__inputnumber.scss
htv-landing/ultima-ng/assets/sass/theme/extensions/_inputnumber.scss
htv-landing/ultima-ng/assets/sass/theme/extensions/.__panel.scss
htv-landing/ultima-ng/assets/sass/theme/extensions/_panel.scss
htv-landing/ultima-ng/assets/sass/theme/extensions/.__overlaypanel.scss
htv-landing/ultima-ng/assets/sass/theme/extensions/_overlaypanel.scss
htv-landing/ultima-ng/assets/sass/theme/extensions/.__paginator.scss
htv-landing/ultima-ng/assets/sass/theme/extensions/_paginator.scss
htv-landing/ultima-ng/assets/sass/theme/extensions/.__galleria.scss
htv-landing/ultima-ng/assets/sass/theme/extensions/_galleria.scss
htv-landing/ultima-ng/assets/sass/theme/extensions/.__input.scss
Ignoring unknown extended header keyword 'LIBARCHIVE.xattr.com.apple.provenance'
tar: Ignoring unknown extended header keyword 'LIBARCHIVE.xattr.com.apple.provenance'
tar: Ignoring unknown extended header keyword 'LIBARCHIVE.xattr.com.apple.provenance'
tar: Ignoring unknown extended header keyword 'LIBARCHIVE.xattr.com.apple.provenance'
tar: Ignoring unknown extended header keyword 'LIBARCHIVE.xattr.com.apple.provenance'
tar: Ignoring unknown extended header keyword 'LIBARCHIVE.xattr.com.apple.provenance'
tar: Ignoring unknown extended header keyword 'LIBARCHIVE.xattr.com.apple.provenance'
tar: Ignoring unknown extended header keyword 'LIBARCHIVE.xattr.com.apple.provenance'
tar: Ignoring unknown extended header keyword 'LIBARCHIVE.xattr.com.apple.provenance'
tar: Ignoring unknown extended header keyword 'LIBARCHIVE.xattr.com.apple.provenance'
tar: Ignoring unknown extended header keyword 'LIBARCHIVE.xattr.com.apple.provenance'
tar: Ignoring unknown extended header keyword 'LIBARCHIVE.xattr.com.apple.provenance'
tar: Ignoring unknown extended header keyword 'LIBARCHIVE.xattr.com.apple.provenance'
tar: Ignoring unknown extended header keyword 'LIBARCHIVE.xattr.com.apple.provenance'
tar: Ignoring unknown extended header keyword 'LIBARCHIVE.xattr.com.apple.provenance'
tar: Ignoring unknown extended header keyword 'LIBARCHIVE.xattr.com.apple.provenance'
tar: Ignoring unknown extended header keyword 'LIBARCHIVE.xattr.com.apple.provenance'
tar: Ignoring unknown extended header keyword 'LIBARCHIVE.xattr.com.apple.provenance'
tar: Ignoring unknown extended header keyword 'LIBARCHIVE.xattr.com.apple.provenance'
tar: Ignoring unknown extended header keyword 'LIBARCHIVE.xattr.com.apple.provenance'
tar: Ignoring unknown extended header keyword 'LIBARCHIVE.xattr.com.apple.provenance'
tar: Ignoring unknown extended header keyword 'LIBARCHIVE.xattr.com.apple.provenance'
tar: Ignoring unknown extended header keyword 'LIBARCHIVE.xattr.com.apple.provenance'
tar: htv-landing/ultima-ng/assets/sass/theme/extensions/_input.scss
htv-landing/ultima-ng/assets/sass/theme/extensions/.__tabview.scss
htv-landing/ultima-ng/assets/sass/theme/extensions/_tabview.scss
htv-landing/ultima-ng/assets/sass/theme/extensions/.__multiselect.scss
htv-landing/ultima-ng/assets/sass/theme/extensions/_multiselect.scss
htv-landing/ultima-ng/assets/sass/theme/extensions/.__chips.scss
htv-landing/ultima-ng/assets/sass/theme/extensions/_chips.scss
htv-landing/ultima-ng/assets/sass/theme/extensions/.__mixins.scss
htv-landing/ultima-ng/assets/sass/theme/extensions/_mixins.scss
Ignoring unknown extended header keyword 'LIBARCHIVE.xattr.com.apple.provenance'
tar: Ignoring unknown extended header keyword 'LIBARCHIVE.xattr.com.apple.provenance'
tar: Ignoring unknown extended header keyword 'LIBARCHIVE.xattr.com.apple.provenance'
tar: Ignoring unknown extended header keyword 'LIBARCHIVE.xattr.com.apple.provenance'
tar: Ignoring unknown extended header keyword 'LIBARCHIVE.xattr.com.apple.provenance'
htv-landing/ultima-ng/assets/sass/theme/extensions/.__slider.scss
htv-landing/ultima-ng/assets/sass/theme/extensions/_slider.scss
htv-landing/ultima-ng/assets/sass/theme/extensions/.__panelmenu.scss
tar: Ignoring unknown extended header keyword 'LIBARCHIVE.xattr.com.apple.provenance'
tar: htv-landing/ultima-ng/assets/sass/theme/extensions/_panelmenu.scss
htv-landing/ultima-ng/assets/sass/theme/extensions/.__autocomplete.scss
htv-landing/ultima-ng/assets/sass/theme/extensions/_autocomplete.scss
htv-landing/ultima-ng/assets/sass/theme/extensions/.__tooltip.scss
htv-landing/ultima-ng/assets/sass/theme/extensions/_tooltip.scss
htv-landing/ultima-ng/assets/sass/theme/extensions/.__toolbar.scss
Ignoring unknown extended header keyword 'LIBARCHIVE.xattr.com.apple.provenance'
tar: Ignoring unknown extended header keyword 'LIBARCHIVE.xattr.com.apple.provenance'
tar: Ignoring unknown extended header keyword 'LIBARCHIVE.xattr.com.apple.provenance'
tar: htv-landing/ultima-ng/assets/sass/theme/extensions/_toolbar.scss
htv-landing/ultima-ng/assets/sass/theme/extensions/.__listbox.scss
htv-landing/ultima-ng/assets/sass/theme/extensions/_listbox.scss
htv-landing/ultima-ng/assets/sass/theme/extensions/.__dropdown.scss
htv-landing/ultima-ng/assets/sass/theme/extensions/_dropdown.scss
htv-landing/ultima-ng/assets/sass/theme/extensions/.__inputswitch.scss
htv-landing/ultima-ng/assets/sass/theme/extensions/_inputswitch.scss
htv-landing/ultima-ng/assets/sass/theme/extensions/.__fieldset.scss
htv-landing/ultima-ng/assets/sass/theme/extensions/_fieldset.scss
htv-landing/ultima-ng/assets/sass/layout/.__typography.scss
htv-landing/ultima-ng/assets/sass/layout/_typography.scss
htv-landing/ultima-ng/assets/sass/layout/._core
htv-landing/ultima-ng/assets/sass/layout/core/
htv-landing/ultima-ng/assets/sass/layout/.__breadcrumb.scss
htv-landing/ultima-ng/assets/sass/layout/_breadcrumb.scss
htv-landing/ultima-ng/assets/sass/layout/.__pages.scss
htv-landing/ultima-ng/assets/sass/layout/_pages.scss
htv-landing/ultima-ng/assets/sass/layout/.__rightmenu.scss
htv-landing/ultima-ng/assets/sass/layout/_rightmenu.scss
htv-landing/ultima-ng/assets/sass/layout/.__utils.scss
htv-landing/ultima-ng/assets/sass/layout/_utils.scss
htv-landing/ultima-ng/assets/sass/layout/.__loader.scss
htv-landing/ultima-ng/assets/sass/layout/_loader.scss
htv-landing/ultima-ng/assets/sass/layout/.__invoice.scss
htv-landing/ultima-ng/assets/sass/layout/_invoice.scss
htv-landing/ultima-ng/assets/sass/layout/.__dashboard.scss
htv-landing/ultima-ng/assets/sass/layout/_dashboard.scss
htv-landing/ultima-ng/assets/sass/layout/.__widgets.scss
htv-landing/ultima-ng/assets/sass/layout/_widgets.scss
htv-landing/ultima-ng/assets/sass/layout/.__main.scss
htv-landing/ultima-ng/assets/sass/layout/_main.scss
Ignoring unknown extended header keyword 'LIBARCHIVE.xattr.com.apple.provenance'
tar: Ignoring unknown extended header keyword 'LIBARCHIVE.xattr.com.apple.provenance'
tar: Ignoring unknown extended header keyword 'LIBARCHIVE.xattr.com.apple.provenance'
tar: Ignoring unknown extended header keyword 'LIBARCHIVE.xattr.com.apple.provenance'
tar: Ignoring unknown extended header keyword 'LIBARCHIVE.xattr.com.apple.provenance'
tar: Ignoring unknown extended header keyword 'LIBARCHIVE.xattr.com.apple.provenance'
tar: Ignoring unknown extended header keyword 'LIBARCHIVE.xattr.com.apple.provenance'
tar: Ignoring unknown extended header keyword 'LIBARCHIVE.xattr.com.apple.provenance'
tar: Ignoring unknown extended header keyword 'LIBARCHIVE.xattr.com.apple.provenance'
tar: Ignoring unknown extended header keyword 'LIBARCHIVE.xattr.com.apple.provenance'
tar: Ignoring unknown extended header keyword 'LIBARCHIVE.xattr.com.apple.provenance'
tar: Ignoring unknown extended header keyword 'LIBARCHIVE.xattr.com.apple.provenance'
tar: Ignoring unknown extended header keyword 'LIBARCHIVE.xattr.com.apple.provenance'
tar: Ignoring unknown extended header keyword 'LIBARCHIVE.xattr.com.apple.provenance'
tar: Ignoring unknown extended header keyword 'LIBARCHIVE.xattr.com.apple.provenance'
tar: Ignoring unknown extended header keyword 'LIBARCHIVE.xattr.com.apple.provenance'
htv-landing/ultima-ng/assets/sass/layout/.__wizard.scss
htv-landing/ultima-ng/assets/sass/layout/_wizard.scss
htv-landing/ultima-ng/assets/sass/layout/._menu
tar: Ignoring unknown extended header keyword 'LIBARCHIVE.xattr.com.apple.provenance'
tar: htv-landing/ultima-ng/assets/sass/layout/menu/
htv-landing/ultima-ng/assets/sass/layout/.__animation.scss
htv-landing/ultima-ng/assets/sass/layout/_animation.scss
htv-landing/ultima-ng/assets/sass/layout/.__config.scss
htv-landing/ultima-ng/assets/sass/layout/_config.scss
htv-landing/ultima-ng/assets/sass/layout/.__mixins.scss
htv-landing/ultima-ng/assets/sass/layout/_mixins.scss
htv-landing/ultima-ng/assets/sass/layout/.__landing.scss
htv-landing/ultima-ng/assets/sass/layout/_landing.scss
htv-landing/ultima-ng/assets/sass/layout/.__footer.scss
htv-landing/ultima-ng/assets/sass/layout/_footer.scss
htv-landing/ultima-ng/assets/sass/layout/._topbar
htv-landing/ultima-ng/assets/sass/layout/topbar/
htv-landing/ultima-ng/assets/sass/layout/.__rtl.scss
htv-landing/ultima-ng/assets/sass/layout/_rtl.scss
htv-landing/ultima-ng/assets/sass/layout/.__help.scss
htv-landing/ultima-ng/assets/sass/layout/_help.scss
htv-landing/ultima-ng/assets/sass/layout/.__megamenu.scss
htv-landing/ultima-ng/assets/sass/layout/_megamenu.scss
htv-landing/ultima-ng/assets/sass/layout/topbar/.__topbar_common.scss
Ignoring unknown extended header keyword 'LIBARCHIVE.xattr.com.apple.provenance'
tar: Ignoring unknown extended header keyword 'LIBARCHIVE.xattr.com.apple.provenance'
tar: Ignoring unknown extended header keyword 'LIBARCHIVE.xattr.com.apple.provenance'
tar: Ignoring unknown extended header keyword 'LIBARCHIVE.xattr.com.apple.provenance'
tar: Ignoring unknown extended header keyword 'LIBARCHIVE.xattr.com.apple.provenance'
tar: Ignoring unknown extended header keyword 'LIBARCHIVE.xattr.com.apple.provenance'
tar: Ignoring unknown extended header keyword 'LIBARCHIVE.xattr.com.apple.provenance'
tar: Ignoring unknown extended header keyword 'LIBARCHIVE.xattr.com.apple.provenance'
tar: Ignoring unknown extended header keyword 'LIBARCHIVE.xattr.com.apple.provenance'
tar: Ignoring unknown extended header keyword 'LIBARCHIVE.xattr.com.apple.provenance'
tar: Ignoring unknown extended header keyword 'LIBARCHIVE.xattr.com.apple.provenance'
htv-landing/ultima-ng/assets/sass/layout/topbar/_topbar_common.scss
htv-landing/ultima-ng/assets/sass/layout/topbar/.__topbar_exports.scss
htv-landing/ultima-ng/assets/sass/layout/topbar/_topbar_exports.scss
htv-landing/ultima-ng/assets/sass/layout/topbar/.__rtl_topbar.scss
htv-landing/ultima-ng/assets/sass/layout/topbar/_rtl_topbar.scss
htv-landing/ultima-ng/assets/sass/layout/topbar/.__topbar_responsive.scss
htv-landing/ultima-ng/assets/sass/layout/topbar/_topbar_responsive.scss
htv-landing/ultima-ng/assets/sass/layout/topbar/.__topbar.scss
htv-landing/ultima-ng/assets/sass/layout/topbar/_topbar.scss
htv-landing/ultima-ng/assets/sass/layout/topbar/._themes
htv-landing/ultima-ng/assets/sass/layout/topbar/themes/
htv-landing/ultima-ng/assets/sass/layout/topbar/.__topbar_theme.scss
htv-landing/ultima-ng/assets/sass/layout/topbar/_topbar_theme.scss
htv-landing/ultima-ng/assets/sass/layout/topbar/themes/.__topbar_yellow.scss
htv-landing/ultima-ng/assets/sass/layout/topbar/themes/_topbar_yellow.scss
htv-landing/ultima-ng/assets/sass/layout/topbar/themes/.__topbar_orange.scss
htv-landing/ultima-ng/assets/sass/layout/topbar/themes/_topbar_orange.scss
htv-landing/ultima-ng/assets/sass/layout/topbar/themes/.__topbar_teal.scss
htv-landing/ultima-ng/assets/sass/layout/topbar/themes/_topbar_teal.scss
htv-landing/ultima-ng/assets/sass/layout/topbar/themes/.__topbar_purple.scss
htv-landing/ultima-ng/assets/sass/layout/topbar/themes/_topbar_purple.scss
htv-landing/ultima-ng/assets/sass/layout/topbar/themes/.__topbar_white.scss
htv-landing/ultima-ng/assets/sass/layout/topbar/themes/_topbar_white.scss
htv-landing/ultima-ng/assets/sass/layout/topbar/themes/.__topbar_pink.scss
htv-landing/ultima-ng/assets/sass/layout/topbar/themes/_topbar_pink.scss
htv-landing/ultima-ng/assets/sass/layout/topbar/themes/.__topbar_lightblue.scss
htv-landing/ultima-ng/assets/sass/layout/topbar/themes/_topbar_lightblue.scss
htv-landing/ultima-ng/assets/sass/layout/topbar/themes/.__topbar_grey.scss
htv-landing/ultima-ng/assets/sass/layout/topbar/themes/_topbar_grey.scss
htv-landing/ultima-ng/assets/sass/layout/topbar/themes/.__topbar_dark.scss
htv-landing/ultima-ng/assets/sass/layout/topbar/themes/_topbar_dark.scss
htv-landing/ultima-ng/assets/sass/layout/topbar/themes/.__topbar_cyan.scss
htv-landing/ultima-ng/assets/sass/layout/topbar/themes/_topbar_cyan.scss
htv-landing/ultima-ng/assets/sass/layout/topbar/themes/.__topbar_bluegrey.scss
htv-landing/ultima-ng/assets/sass/layout/topbar/themes/_topbar_bluegrey.scss
htv-landing/ultima-ng/assets/sass/layout/topbar/themes/.__topbar_deeppurple.scss
htv-landing/ultima-ng/assets/sass/layout/topbar/themes/_topbar_deeppurple.scss
htv-landing/ultima-ng/assets/sass/layout/topbar/themes/.__topbar_brown.scss
htv-landing/ultima-ng/assets/sass/layout/topbar/themes/_topbar_brown.scss
htv-landing/ultima-ng/assets/sass/layout/topbar/themes/.__topbar_green.scss
htv-landing/ultima-ng/assets/sass/layout/topbar/themes/_topbar_green.scss
htv-landing/ultima-ng/assets/sass/layout/topbar/themes/.__topbar_lime.scss
htv-landing/ultima-ng/assets/sass/layout/topbar/themes/_topbar_lime.scss
htv-landing/ultima-ng/assets/sass/layout/topbar/themes/.__topbar_deeporange.scss
htv-landing/ultima-ng/assets/sass/layout/topbar/themes/_topbar_deeporange.scss
tar: Ignoring unknown extended header keyword 'LIBARCHIVE.xattr.com.apple.provenance'
tar: Ignoring unknown extended header keyword 'LIBARCHIVE.xattr.com.apple.provenance'
tar: Ignoring unknown extended header keyword 'LIBARCHIVE.xattr.com.apple.provenance'
tar: Ignoring unknown extended header keyword 'LIBARCHIVE.xattr.com.apple.provenance'
tar: Ignoring unknown extended header keyword 'LIBARCHIVE.xattr.com.apple.provenance'
tar: Ignoring unknown extended header keyword 'LIBARCHIVE.xattr.com.apple.provenance'
tar: Ignoring unknown extended header keyword 'LIBARCHIVE.xattr.com.apple.provenance'
tar: Ignoring unknown extended header keyword 'LIBARCHIVE.xattr.com.apple.provenance'
tar: Ignoring unknown extended header keyword 'LIBARCHIVE.xattr.com.apple.provenance'
tar: Ignoring unknown extended header keyword 'LIBARCHIVE.xattr.com.apple.provenance'
tar: Ignoring unknown extended header keyword 'LIBARCHIVE.xattr.com.apple.provenance'
tar: Ignoring unknown extended header keyword 'LIBARCHIVE.xattr.com.apple.provenance'
tar: Ignoring unknown extended header keyword 'LIBARCHIVE.xattr.com.apple.provenance'
tar: Ignoring unknown extended header keyword 'LIBARCHIVE.xattr.com.apple.provenance'
tar: Ignoring unknown extended header keyword 'LIBARCHIVE.xattr.com.apple.provenance'
tar: Ignoring unknown extended header keyword 'LIBARCHIVE.xattr.com.apple.provenance'
tar: Ignoring unknown extended header keyword 'LIBARCHIVE.xattr.com.apple.provenance'
tar: Ignoring unknown extended header keyword 'LIBARCHIVE.xattr.com.apple.provenance'
tar: Ignoring unknown extended header keyword 'LIBARCHIVE.xattr.com.apple.provenance'
tar: Ignoring unknown extended header keyword 'LIBARCHIVE.xattr.com.apple.provenance'
tar: Ignoring unknown extended header keyword 'LIBARCHIVE.xattr.com.apple.provenance'
tar: Ignoring unknown extended header keyword 'LIBARCHIVE.xattr.com.apple.provenance'
htv-landing/ultima-ng/assets/sass/layout/topbar/themes/.__topbar_blue.scss
htv-landing/ultima-ng/assets/sass/layout/topbar/themes/_topbar_blue.scss
htv-landing/ultima-ng/assets/sass/layout/topbar/themes/.__topbar_indigo.scss
htv-landing/ultima-ng/assets/sass/layout/topbar/themes/_topbar_indigo.scss
htv-landing/ultima-ng/assets/sass/layout/topbar/themes/.__topbar_amber.scss
htv-landing/ultima-ng/assets/sass/layout/topbar/themes/_topbar_amber.scss
htv-landing/ultima-ng/assets/sass/layout/topbar/themes/.__topbar_lightgreen.scss
htv-landing/ultima-ng/assets/sass/layout/topbar/themes/_topbar_lightgreen.scss
htv-landing/ultima-ng/assets/sass/layout/menu/.__menu_exports.scss
htv-landing/ultima-ng/assets/sass/layout/menu/_menu_exports.scss
htv-landing/ultima-ng/assets/sass/layout/menu/.__menu_overlay.scss
htv-landing/ultima-ng/assets/sass/layout/menu/_menu_overlay.scss
htv-landing/ultima-ng/assets/sass/layout/menu/.__menu_horizontal.scss
htv-landing/ultima-ng/assets/sass/layout/menu/_menu_horizontal.scss
htv-landing/ultima-ng/assets/sass/layout/menu/.__menu_slim.scss
htv-landing/ultima-ng/assets/sass/layout/menu/_menu_slim.scss
htv-landing/ultima-ng/assets/sass/layout/menu/.__menu.scss
htv-landing/ultima-ng/assets/sass/layout/menu/_menu.scss
tar: Ignoring unknown extended header keyword 'LIBARCHIVE.xattr.com.apple.provenance'
tar: Ignoring unknown extended header keyword 'LIBARCHIVE.xattr.com.apple.provenance'
tar: Ignoring unknown extended header keyword 'LIBARCHIVE.xattr.com.apple.provenance'
tar: Ignoring unknown extended header keyword 'LIBARCHIVE.xattr.com.apple.provenance'
tar: Ignoring unknown extended header keyword 'LIBARCHIVE.xattr.com.apple.provenance'
tar: Ignoring unknown extended header keyword 'LIBARCHIVE.xattr.com.apple.provenance'
tar: Ignoring unknown extended header keyword 'LIBARCHIVE.xattr.com.apple.provenance'
tar: Ignoring unknown extended header keyword 'LIBARCHIVE.xattr.com.apple.provenance'
tar: Ignoring unknown extended header keyword 'LIBARCHIVE.xattr.com.apple.provenance'
htv-landing/ultima-ng/assets/sass/layout/menu/.__menu_static.scss
htv-landing/ultima-ng/assets/sass/layout/menu/_menu_static.scss
htv-landing/ultima-ng/assets/sass/layout/menu/.__menu_theme.scss
htv-landing/ultima-ng/assets/sass/layout/menu/_menu_theme.scss
htv-landing/ultima-ng/assets/sass/layout/menu/.__menu_common.scss
htv-landing/ultima-ng/assets/sass/layout/menu/_menu_common.scss
htv-landing/ultima-ng/assets/sass/layout/menu/._themes
htv-landing/ultima-ng/assets/sass/layout/menu/themes/
tar: Ignoring unknown extended header keyword 'LIBARCHIVE.xattr.com.apple.provenance'
tar: Ignoring unknown extended header keyword 'LIBARCHIVE.xattr.com.apple.provenance'
tar: Ignoring unknown extended header keyword 'LIBARCHIVE.xattr.com.apple.provenance'
tar: Ignoring unknown extended header keyword 'LIBARCHIVE.xattr.com.apple.provenance'
htv-landing/ultima-ng/assets/sass/layout/menu/.__rtl_menu.scss
htv-landing/ultima-ng/assets/sass/layout/menu/_rtl_menu.scss
htv-landing/ultima-ng/assets/sass/layout/menu/.__inline_menu.scss
tar: Ignoring unknown extended header keyword 'LIBARCHIVE.xattr.com.apple.provenance'
tar: Ignoring unknown extended header keyword 'LIBARCHIVE.xattr.com.apple.provenance'htv-landing/ultima-ng/assets/sass/layout/menu/_inline_menu.scss
htv-landing/ultima-ng/assets/sass/layout/menu/.__menu_responsive.scss

tar: Ignoring unknown extended header keyword 'LIBARCHIVE.xattr.com.apple.provenance'htv-landing/ultima-ng/assets/sass/layout/menu/_menu_responsive.scss
htv-landing/ultima-ng/assets/sass/layout/menu/themes/.__menu_pink.scss
htv-landing/ultima-ng/assets/sass/layout/menu/themes/_menu_pink.scss
htv-landing/ultima-ng/assets/sass/layout/menu/themes/.__menu_light.scss

tar: Ignoring unknown extended header keyword 'LIBARCHIVE.xattr.com.apple.provenance'
htv-landing/ultima-ng/assets/sass/layout/menu/themes/_menu_light.scss
tar: Ignoring unknown extended header keyword 'LIBARCHIVE.xattr.com.apple.provenance'
htv-landing/ultima-ng/assets/sass/layout/menu/themes/.__menu_teal.scss
tar: Ignoring unknown extended header keyword 'LIBARCHIVE.xattr.com.apple.provenance'
htv-landing/ultima-ng/assets/sass/layout/menu/themes/_menu_teal.scss
htv-landing/ultima-ng/assets/sass/layout/menu/themes/.__menu_dark.scss
htv-landing/ultima-ng/assets/sass/layout/menu/themes/_menu_dark.scss
htv-landing/ultima-ng/assets/sass/layout/menu/themes/.__menu_indigo.scss
tar: Ignoring unknown extended header keyword 'LIBARCHIVE.xattr.com.apple.provenance'
tar: Ignoring unknown extended header keyword 'LIBARCHIVE.xattr.com.apple.provenance'
htv-landing/ultima-ng/assets/sass/layout/menu/themes/_menu_indigo.scss
htv-landing/ultima-ng/assets/sass/layout/menu/themes/.__menu_purple.scss
htv-landing/ultima-ng/assets/sass/layout/menu/themes/_menu_purple.scss
htv-landing/ultima-ng/assets/sass/layout/menu/themes/.__menu_deeppurple.scss
tar: Ignoring unknown extended header keyword 'LIBARCHIVE.xattr.com.apple.provenance'
tar: htv-landing/ultima-ng/assets/sass/layout/menu/themes/_menu_deeppurple.scss
Ignoring unknown extended header keyword 'LIBARCHIVE.xattr.com.apple.provenance'
htv-landing/ultima-ng/assets/sass/layout/menu/themes/.__menu_bluegrey.scss
htv-landing/ultima-ng/assets/sass/layout/menu/themes/_menu_bluegrey.scss
htv-landing/ultima-ng/assets/sass/layout/menu/themes/.__menu_deeporange.scss
htv-landing/ultima-ng/assets/sass/layout/menu/themes/_menu_deeporange.scss
htv-landing/ultima-ng/assets/sass/layout/menu/themes/.__menu_cyan.scss
htv-landing/ultima-ng/assets/sass/layout/menu/themes/_menu_cyan.scss
htv-landing/ultima-ng/assets/sass/layout/menu/themes/.__menu_green.scss
htv-landing/ultima-ng/assets/sass/layout/menu/themes/_menu_green.scss
htv-landing/ultima-ng/assets/sass/layout/menu/themes/.__menu_brown.scss
tar: Ignoring unknown extended header keyword 'LIBARCHIVE.xattr.com.apple.provenance'
tar: Ignoring unknown extended header keyword 'LIBARCHIVE.xattr.com.apple.provenance'
tar: Ignoring unknown extended header keyword 'LIBARCHIVE.xattr.com.apple.provenance'
tar: Ignoring unknown extended header keyword 'LIBARCHIVE.xattr.com.apple.provenance'
htv-landing/ultima-ng/assets/sass/layout/menu/themes/_menu_brown.scss
htv-landing/ultima-ng/assets/sass/layout/core/.__layout.scss
htv-landing/ultima-ng/assets/sass/layout/core/_layout.scss
htv-landing/ultima-ng/assets/sass/layout/core/.__layout_light.scss
htv-landing/ultima-ng/assets/sass/layout/core/_layout_light.scss
htv-landing/ultima-ng/assets/sass/layout/core/.__layout_dark.scss
htv-landing/ultima-ng/assets/sass/layout/core/_layout_dark.scss
htv-landing/ultima-ng/assets/sass/overrides/.__layout_styles.scss
htv-landing/ultima-ng/assets/sass/overrides/_layout_styles.scss
htv-landing/ultima-ng/assets/sass/overrides/.__theme_styles.scss
htv-landing/ultima-ng/assets/sass/overrides/_theme_styles.scss
htv-landing/ultima-ng/assets/sass/overrides/.__layout_variables.scss
htv-landing/ultima-ng/assets/sass/overrides/_layout_variables.scss
htv-landing/ultima-ng/assets/sass/overrides/.__theme_variables.scss
htv-landing/ultima-ng/assets/sass/overrides/_theme_variables.scss
htv-landing/ultima-ng/assets/theme/._brown
htv-landing/ultima-ng/assets/theme/brown/
htv-landing/ultima-ng/assets/theme/._green
htv-landing/ultima-ng/assets/theme/green/
htv-landing/ultima-ng/assets/theme/._deeppurple
htv-landing/ultima-ng/assets/theme/deeppurple/
htv-landing/ultima-ng/assets/theme/._blue
htv-landing/ultima-ng/assets/theme/blue/
htv-landing/ultima-ng/assets/theme/._deeporange
htv-landing/ultima-ng/assets/theme/deeporange/
htv-landing/ultima-ng/assets/theme/._cyan
htv-landing/ultima-ng/assets/theme/cyan/
htv-landing/ultima-ng/assets/theme/._bluegrey
htv-landing/ultima-ng/assets/theme/bluegrey/
htv-landing/ultima-ng/assets/theme/._lightgreen
htv-landing/ultima-ng/assets/theme/lightgreen/
htv-landing/ultima-ng/assets/theme/._indigo
htv-landing/ultima-ng/assets/theme/indigo/
htv-landing/ultima-ng/assets/theme/._pink
htv-landing/ultima-ng/assets/theme/pink/
htv-landing/ultima-ng/assets/theme/._teal
htv-landing/ultima-ng/assets/theme/teal/
htv-landing/ultima-ng/assets/theme/._amber
htv-landing/ultima-ng/assets/theme/amber/
htv-landing/ultima-ng/assets/theme/._lime
htv-landing/ultima-ng/assets/theme/lime/
htv-landing/ultima-ng/assets/theme/._purple
htv-landing/ultima-ng/assets/theme/purple/
htv-landing/ultima-ng/assets/theme/._yellow
htv-landing/ultima-ng/assets/theme/yellow/
htv-landing/ultima-ng/assets/theme/._lightblue
htv-landing/ultima-ng/assets/theme/lightblue/
htv-landing/ultima-ng/assets/theme/._orange
htv-landing/ultima-ng/assets/theme/orange/
htv-landing/ultima-ng/assets/theme/orange/._theme-light.scss
htv-landing/ultima-ng/assets/theme/orange/theme-light.scss
htv-landing/ultima-ng/assets/theme/orange/._theme-dark.scss
htv-landing/ultima-ng/assets/theme/orange/theme-dark.scss
htv-landing/ultima-ng/assets/theme/lightblue/._theme-light.scss
htv-landing/ultima-ng/assets/theme/lightblue/theme-light.scss
htv-landing/ultima-ng/assets/theme/lightblue/._theme-dark.scss
htv-landing/ultima-ng/assets/theme/lightblue/theme-dark.scss
htv-landing/ultima-ng/assets/theme/yellow/._theme-light.scss
htv-landing/ultima-ng/assets/theme/yellow/theme-light.scss
htv-landing/ultima-ng/assets/theme/yellow/._theme-dark.scss
htv-landing/ultima-ng/assets/theme/yellow/theme-dark.scss
htv-landing/ultima-ng/assets/theme/purple/._theme-light.scss
htv-landing/ultima-ng/assets/theme/purple/theme-light.scss
htv-landing/ultima-ng/assets/theme/purple/._theme-dark.scss
htv-landing/ultima-ng/assets/theme/purple/theme-dark.scss
htv-landing/ultima-ng/assets/theme/lime/._theme-light.scss
htv-landing/ultima-ng/assets/theme/lime/theme-light.scss
htv-landing/ultima-ng/assets/theme/lime/._theme-dark.scss
htv-landing/ultima-ng/assets/theme/lime/theme-dark.scss
htv-landing/ultima-ng/assets/theme/amber/._theme-light.scss
tar: Ignoring unknown extended header keyword 'LIBARCHIVE.xattr.com.apple.provenance'
tar: Ignoring unknown extended header keyword 'LIBARCHIVE.xattr.com.apple.provenance'
tar: Ignoring unknown extended header keyword 'LIBARCHIVE.xattr.com.apple.provenance'
tar: Ignoring unknown extended header keyword 'LIBARCHIVE.xattr.com.apple.provenance'
tar: Ignoring unknown extended header keyword 'LIBARCHIVE.xattr.com.apple.provenance'
tar: Ignoring unknown extended header keyword 'LIBARCHIVE.xattr.com.apple.provenance'
tar: Ignoring unknown extended header keyword 'LIBARCHIVE.xattr.com.apple.provenance'
tar: Ignoring unknown extended header keyword 'LIBARCHIVE.xattr.com.apple.provenance'
tar: Ignoring unknown extended header keyword 'LIBARCHIVE.xattr.com.apple.provenance'
tar: Ignoring unknown extended header keyword 'LIBARCHIVE.xattr.com.apple.provenance'
tar: Ignoring unknown extended header keyword 'LIBARCHIVE.xattr.com.apple.provenance'
tar: Ignoring unknown extended header keyword 'LIBARCHIVE.xattr.com.apple.provenance'
tar: Ignoring unknown extended header keyword 'LIBARCHIVE.xattr.com.apple.provenance'
tar: Ignoring unknown extended header keyword 'LIBARCHIVE.xattr.com.apple.provenance'
tar: Ignoring unknown extended header keyword 'LIBARCHIVE.xattr.com.apple.provenance'
tar: Ignoring unknown extended header keyword 'LIBARCHIVE.xattr.com.apple.provenance'
tar: Ignoring unknown extended header keyword 'LIBARCHIVE.xattr.com.apple.provenance'
tar: Ignoring unknown extended header keyword 'LIBARCHIVE.xattr.com.apple.provenance'
tar: Ignoring unknown extended header keyword 'LIBARCHIVE.xattr.com.apple.provenance'
tar: Ignoring unknown extended header keyword 'LIBARCHIVE.xattr.com.apple.provenance'
tar: Ignoring unknown extended header keyword 'LIBARCHIVE.xattr.com.apple.provenance'
tar: Ignoring unknown extended header keyword 'LIBARCHIVE.xattr.com.apple.provenance'
tar: Ignoring unknown extended header keyword 'LIBARCHIVE.xattr.com.apple.provenance'
tar: Ignoring unknown extended header keyword 'LIBARCHIVE.xattr.com.apple.provenance'
tar: Ignoring unknown extended header keyword 'LIBARCHIVE.xattr.com.apple.provenance'
tar: Ignoring unknown extended header keyword 'LIBARCHIVE.xattr.com.apple.provenance'
tar: Ignoring unknown extended header keyword 'LIBARCHIVE.xattr.com.apple.provenance'
tar: Ignoring unknown extended header keyword 'LIBARCHIVE.xattr.com.apple.provenance'
tar: Ignoring unknown extended header keyword 'LIBARCHIVE.xattr.com.apple.provenance'
tar: Ignoring unknown extended header keyword 'LIBARCHIVE.xattr.com.apple.provenance'
tar: Ignoring unknown extended header keyword 'LIBARCHIVE.xattr.com.apple.provenance'
tar: Ignoring unknown extended header keyword 'LIBARCHIVE.xattr.com.apple.provenance'
tar: Ignoring unknown extended header keyword 'LIBARCHIVE.xattr.com.apple.provenance'
tar: Ignoring unknown extended header keyword 'LIBARCHIVE.xattr.com.apple.provenance'
tar: Ignoring unknown extended header keyword 'LIBARCHIVE.xattr.com.apple.provenance'
tar: htv-landing/ultima-ng/assets/theme/amber/theme-light.scss
htv-landing/ultima-ng/assets/theme/amber/._theme-dark.scss
htv-landing/ultima-ng/assets/theme/amber/theme-dark.scss
htv-landing/ultima-ng/assets/theme/teal/._theme-light.scss
htv-landing/ultima-ng/assets/theme/teal/theme-light.scss
htv-landing/ultima-ng/assets/theme/teal/._theme-dark.scss
htv-landing/ultima-ng/assets/theme/teal/theme-dark.scss
htv-landing/ultima-ng/assets/theme/pink/._theme-light.scss
htv-landing/ultima-ng/assets/theme/pink/theme-light.scss
htv-landing/ultima-ng/assets/theme/pink/._theme-dark.scss
htv-landing/ultima-ng/assets/theme/pink/theme-dark.scss
htv-landing/ultima-ng/assets/theme/indigo/._theme-dark.css
htv-landing/ultima-ng/assets/theme/indigo/theme-dark.css
htv-landing/ultima-ng/assets/theme/indigo/._theme-light.css
htv-landing/ultima-ng/assets/theme/indigo/theme-light.css
htv-landing/ultima-ng/assets/theme/indigo/._theme-light.scss
htv-landing/ultima-ng/assets/theme/indigo/theme-light.scss
Ignoring unknown extended header keyword 'LIBARCHIVE.xattr.com.apple.provenance'
tar: Ignoring unknown extended header keyword 'LIBARCHIVE.xattr.com.apple.provenance'
tar: Ignoring unknown extended header keyword 'LIBARCHIVE.xattr.com.apple.provenance'
tar: Ignoring unknown extended header keyword 'LIBARCHIVE.xattr.com.apple.provenance'
tar: Ignoring unknown extended header keyword 'LIBARCHIVE.xattr.com.apple.provenance'
tar: Ignoring unknown extended header keyword 'LIBARCHIVE.xattr.com.apple.provenance'
tar: Ignoring unknown extended header keyword 'LIBARCHIVE.xattr.com.apple.provenance'
tar: Ignoring unknown extended header keyword 'LIBARCHIVE.xattr.com.apple.provenance'
tar: Ignoring unknown extended header keyword 'LIBARCHIVE.xattr.com.apple.provenance'
htv-landing/ultima-ng/assets/theme/indigo/._theme-dark.scss
htv-landing/ultima-ng/assets/theme/indigo/theme-dark.scss
htv-landing/ultima-ng/assets/theme/lightgreen/._theme-light.scss
htv-landing/ultima-ng/assets/theme/lightgreen/theme-light.scss
htv-landing/ultima-ng/assets/theme/lightgreen/._theme-dark.scss
htv-landing/ultima-ng/assets/theme/lightgreen/theme-dark.scss
htv-landing/ultima-ng/assets/theme/bluegrey/._theme-light.scss
htv-landing/ultima-ng/assets/theme/bluegrey/theme-light.scss
htv-landing/ultima-ng/assets/theme/bluegrey/._theme-dark.scss
htv-landing/ultima-ng/assets/theme/bluegrey/theme-dark.scss
htv-landing/ultima-ng/assets/theme/cyan/._theme-light.scss
htv-landing/ultima-ng/assets/theme/cyan/theme-light.scss
htv-landing/ultima-ng/assets/theme/cyan/._theme-dark.scss
tar: Ignoring unknown extended header keyword 'LIBARCHIVE.xattr.com.apple.provenance'
tar: Ignoring unknown extended header keyword 'LIBARCHIVE.xattr.com.apple.provenance'
tar: Ignoring unknown extended header keyword 'LIBARCHIVE.xattr.com.apple.provenance'
tar: Ignoring unknown extended header keyword 'LIBARCHIVE.xattr.com.apple.provenance'
tar: Ignoring unknown extended header keyword 'LIBARCHIVE.xattr.com.apple.provenance'
tar: Ignoring unknown extended header keyword 'LIBARCHIVE.xattr.com.apple.provenance'
tar: Ignoring unknown extended header keyword 'LIBARCHIVE.xattr.com.apple.provenance'htv-landing/ultima-ng/assets/theme/cyan/theme-dark.scss
htv-landing/ultima-ng/assets/theme/deeporange/._theme-light.scss
htv-landing/ultima-ng/assets/theme/deeporange/theme-light.scss
htv-landing/ultima-ng/assets/theme/deeporange/._theme-dark.scss
htv-landing/ultima-ng/assets/theme/deeporange/theme-dark.scss
htv-landing/ultima-ng/assets/theme/blue/._theme-light.scss
htv-landing/ultima-ng/assets/theme/blue/theme-light.scss
htv-landing/ultima-ng/assets/theme/blue/._theme-dark.scss
htv-landing/ultima-ng/assets/theme/blue/theme-dark.scss
htv-landing/ultima-ng/assets/theme/deeppurple/._theme-light.scss

tar: Ignoring unknown extended header keyword 'LIBARCHIVE.xattr.com.apple.provenance'
tar: Ignoring unknown extended header keyword 'LIBARCHIVE.xattr.com.apple.provenance'
tar: Ignoring unknown extended header keyword 'LIBARCHIVE.xattr.com.apple.provenance'
tar: Ignoring unknown extended header keyword 'LIBARCHIVE.xattr.com.apple.provenance'
tar: htv-landing/ultima-ng/assets/theme/deeppurple/theme-light.scss
htv-landing/ultima-ng/assets/theme/deeppurple/._theme-dark.scss
htv-landing/ultima-ng/assets/theme/deeppurple/theme-dark.scss
Ignoring unknown extended header keyword 'LIBARCHIVE.xattr.com.apple.provenance'
tar: Ignoring unknown extended header keyword 'LIBARCHIVE.xattr.com.apple.provenance'
htv-landing/ultima-ng/assets/theme/green/._theme-light.scss
htv-landing/ultima-ng/assets/theme/green/theme-light.scss
htv-landing/ultima-ng/assets/theme/green/._theme-dark.scss
htv-landing/ultima-ng/assets/theme/green/theme-dark.scss
htv-landing/ultima-ng/assets/theme/brown/._theme-light.scss
htv-landing/ultima-ng/assets/theme/brown/theme-light.scss
htv-landing/ultima-ng/assets/theme/brown/._theme-dark.scss
htv-landing/ultima-ng/assets/theme/brown/theme-dark.scss
htv-landing/ultima-ng/assets/layout/._css
htv-landing/ultima-ng/assets/layout/css/
htv-landing/ultima-ng/assets/layout/._images
htv-landing/ultima-ng/assets/layout/images/
htv-landing/ultima-ng/assets/layout/._fonts
htv-landing/ultima-ng/assets/layout/fonts/
htv-landing/ultima-ng/assets/layout/fonts/._roboto-v20-latin-ext_latin-regular.woff2
htv-landing/ultima-ng/assets/layout/fonts/roboto-v20-latin-ext_latin-regular.woff2
htv-landing/ultima-ng/assets/layout/fonts/._roboto-v20-latin-ext_latin-regular.woff
htv-landing/ultima-ng/assets/layout/fonts/roboto-v20-latin-ext_latin-regular.woff
htv-landing/ultima-ng/assets/layout/fonts/._roboto-v20-latin-ext_latin-500.woff2
htv-landing/ultima-ng/assets/layout/fonts/roboto-v20-latin-ext_latin-500.woff2
htv-landing/ultima-ng/assets/layout/fonts/._roboto-v20-latin-ext_latin-500.woff
htv-landing/ultima-ng/assets/layout/fonts/roboto-v20-latin-ext_latin-500.woff
htv-landing/ultima-ng/assets/layout/fonts/._roboto-v20-latin-ext_latin-700.woff
htv-landing/ultima-ng/assets/layout/fonts/roboto-v20-latin-ext_latin-700.woff
htv-landing/ultima-ng/assets/layout/fonts/._roboto-v20-latin-ext_latin-700.woff2
htv-landing/ultima-ng/assets/layout/fonts/roboto-v20-latin-ext_latin-700.woff2
htv-landing/ultima-ng/assets/layout/images/._footer-ultima-dark.svg
htv-landing/ultima-ng/assets/layout/images/footer-ultima-dark.svg
htv-landing/ultima-ng/assets/layout/images/._logo-ultima.svg
htv-landing/ultima-ng/assets/layout/images/logo-ultima.svg
htv-landing/ultima-ng/assets/layout/images/._logo2x.png
htv-landing/ultima-ng/assets/layout/images/logo2x.png
htv-landing/ultima-ng/assets/layout/images/._landing
htv-landing/ultima-ng/assets/layout/images/landing/
htv-landing/ultima-ng/assets/layout/images/._401.svg
htv-landing/ultima-ng/assets/layout/images/401.svg
htv-landing/ultima-ng/assets/layout/images/._logo-dark.svg
htv-landing/ultima-ng/assets/layout/images/logo-dark.svg
htv-landing/ultima-ng/assets/layout/images/._404-2x.png
htv-landing/ultima-ng/assets/layout/images/404-2x.png
htv-landing/ultima-ng/assets/layout/images/._extensions
htv-landing/ultima-ng/assets/layout/images/extensions/
htv-landing/ultima-ng/assets/layout/images/._avatar-placeholder.png
htv-landing/ultima-ng/assets/layout/images/avatar-placeholder.png
htv-landing/ultima-ng/assets/layout/images/._avatar.png
htv-landing/ultima-ng/assets/layout/images/avatar.png
htv-landing/ultima-ng/assets/layout/images/._favicon.png
tar: Ignoring unknown extended header keyword 'LIBARCHIVE.xattr.com.apple.provenance'
tar: Ignoring unknown extended header keyword 'LIBARCHIVE.xattr.com.apple.provenance'
tar: Ignoring unknown extended header keyword 'LIBARCHIVE.xattr.com.apple.provenance'
tar: Ignoring unknown extended header keyword 'LIBARCHIVE.xattr.com.apple.provenance'
tar: Ignoring unknown extended header keyword 'LIBARCHIVE.xattr.com.apple.provenance'
tar: Ignoring unknown extended header keyword 'LIBARCHIVE.xattr.com.apple.provenance'
tar: Ignoring unknown extended header keyword 'LIBARCHIVE.xattr.com.apple.provenance'
tar: Ignoring unknown extended header keyword 'LIBARCHIVE.xattr.com.apple.provenance'
tar: Ignoring unknown extended header keyword 'LIBARCHIVE.xattr.com.apple.provenance'
tar: Ignoring unknown extended header keyword 'LIBARCHIVE.xattr.com.apple.provenance'
tar: Ignoring unknown extended header keyword 'LIBARCHIVE.xattr.com.apple.provenance'
tar: Ignoring unknown extended header keyword 'LIBARCHIVE.xattr.com.apple.provenance'
tar: Ignoring unknown extended header keyword 'LIBARCHIVE.xattr.com.apple.provenance'
tar: Ignoring unknown extended header keyword 'LIBARCHIVE.xattr.com.apple.provenance'
tar: Ignoring unknown extended header keyword 'LIBARCHIVE.xattr.com.apple.provenance'
tar: Ignoring unknown extended header keyword 'LIBARCHIVE.xattr.com.apple.provenance'
tar: Ignoring unknown extended header keyword 'LIBARCHIVE.xattr.com.apple.provenance'
tar: Ignoring unknown extended header keyword 'LIBARCHIVE.xattr.com.apple.provenance'
tar: Ignoring unknown extended header keyword 'LIBARCHIVE.xattr.com.apple.provenance'
tar: Ignoring unknown extended header keyword 'LIBARCHIVE.xattr.com.apple.provenance'
tar: Ignoring unknown extended header keyword 'LIBARCHIVE.xattr.com.apple.provenance'
tar: Ignoring unknown extended header keyword 'LIBARCHIVE.xattr.com.apple.provenance'
tar: Ignoring unknown extended header keyword 'LIBARCHIVE.xattr.com.apple.provenance'
tar: htv-landing/ultima-ng/assets/layout/images/favicon.png
htv-landing/ultima-ng/assets/layout/images/._logo-light.svg
htv-landing/ultima-ng/assets/layout/images/logo-light.svg
htv-landing/ultima-ng/assets/layout/images/._logo.png
htv-landing/ultima-ng/assets/layout/images/logo.png
htv-landing/ultima-ng/assets/layout/images/._footer-ultima.svg
htv-landing/ultima-ng/assets/layout/images/footer-ultima.svg
htv-landing/ultima-ng/assets/layout/images/._doc
htv-landing/ultima-ng/assets/layout/images/doc/
htv-landing/ultima-ng/assets/layout/images/._logoInstitucion.png
htv-landing/ultima-ng/assets/layout/images/logoInstitucion.png
htv-landing/ultima-ng/assets/layout/images/._backWrapperLogin.png
htv-landing/ultima-ng/assets/layout/images/backWrapperLogin.png
Ignoring unknown extended header keyword 'LIBARCHIVE.xattr.com.apple.provenance'
tar: Ignoring unknown extended header keyword 'LIBARCHIVE.xattr.com.apple.provenance'
tar: Ignoring unknown extended header keyword 'LIBARCHIVE.xattr.com.apple.provenance'
tar: Ignoring unknown extended header keyword 'LIBARCHIVE.xattr.com.apple.provenance'
tar: Ignoring unknown extended header keyword 'LIBARCHIVE.xattr.com.apple.provenance'
tar: Ignoring unknown extended header keyword 'LIBARCHIVE.xattr.com.apple.provenance'
tar: Ignoring unknown extended header keyword 'LIBARCHIVE.xattr.com.apple.provenance'
htv-landing/ultima-ng/assets/layout/images/._pages
tar: Ignoring unknown extended header keyword 'LIBARCHIVE.xattr.com.apple.provenance'
htv-landing/ultima-ng/assets/layout/images/pages/
htv-landing/ultima-ng/assets/layout/images/._widgets
htv-landing/ultima-ng/assets/layout/images/widgets/
htv-landing/ultima-ng/assets/layout/images/._logoAplication.png
tar: Ignoring unknown extended header keyword 'LIBARCHIVE.xattr.com.apple.provenance'
tar: htv-landing/ultima-ng/assets/layout/images/logoAplication.png
htv-landing/ultima-ng/assets/layout/images/widgets/._map.jpg
Ignoring unknown extended header keyword 'LIBARCHIVE.xattr.com.apple.provenance'
tar: Ignoring unknown extended header keyword 'LIBARCHIVE.xattr.com.apple.provenance'htv-landing/ultima-ng/assets/layout/images/widgets/map.jpg
htv-landing/ultima-ng/assets/layout/images/widgets/._asset-profile.png
htv-landing/ultima-ng/assets/layout/images/widgets/asset-profile.png
htv-landing/ultima-ng/assets/layout/images/widgets/._feature-security.svg

tar: Ignoring unknown extended header keyword 'LIBARCHIVE.xattr.com.apple.provenance'
htv-landing/ultima-ng/assets/layout/images/widgets/feature-security.svg
htv-landing/ultima-ng/assets/layout/images/widgets/._image-blog.jpg
tar: Ignoring unknown extended header keyword 'LIBARCHIVE.xattr.com.apple.provenance'
htv-landing/ultima-ng/assets/layout/images/widgets/image-blog.jpg
htv-landing/ultima-ng/assets/layout/images/widgets/._feature-onboarding.svg
htv-landing/ultima-ng/assets/layout/images/widgets/feature-onboarding.svg
htv-landing/ultima-ng/assets/layout/images/widgets/._feature-faq.svg
htv-landing/ultima-ng/assets/layout/images/widgets/feature-faq.svg
htv-landing/ultima-ng/assets/layout/images/pages/._error-bg.jpg
htv-landing/ultima-ng/assets/layout/images/pages/error-bg.jpg
htv-landing/ultima-ng/assets/layout/images/pages/._404.png
htv-landing/ultima-ng/assets/layout/images/pages/404.png
htv-landing/ultima-ng/assets/layout/images/pages/._login-bg.jpg
tar: Ignoring unknown extended header keyword 'LIBARCHIVE.xattr.com.apple.provenance'
tar: Ignoring unknown extended header keyword 'LIBARCHIVE.xattr.com.apple.provenance'
tar: Ignoring unknown extended header keyword 'LIBARCHIVE.xattr.com.apple.provenance'
tar: Ignoring unknown extended header keyword 'LIBARCHIVE.xattr.com.apple.provenance'
tar: Ignoring unknown extended header keyword 'LIBARCHIVE.xattr.com.apple.provenance'
tar: htv-landing/ultima-ng/assets/layout/images/pages/login-bg.jpg
htv-landing/ultima-ng/assets/layout/images/pages/._error.png
htv-landing/ultima-ng/assets/layout/images/pages/error.png
Ignoring unknown extended header keyword 'LIBARCHIVE.xattr.com.apple.provenance'
tar: Ignoring unknown extended header keyword 'LIBARCHIVE.xattr.com.apple.provenance'
htv-landing/ultima-ng/assets/layout/images/pages/._accessDenied-bg.jpg
tar: Ignoring unknown extended header keyword 'LIBARCHIVE.xattr.com.apple.provenance'htv-landing/ultima-ng/assets/layout/images/pages/accessDenied-bg.jpg
htv-landing/ultima-ng/assets/layout/images/pages/._accessDenied.png
htv-landing/ultima-ng/assets/layout/images/pages/accessDenied.png
htv-landing/ultima-ng/assets/layout/images/pages/._404-bg.jpg

tar: Ignoring unknown extended header keyword 'LIBARCHIVE.xattr.com.apple.provenance'
tar: htv-landing/ultima-ng/assets/layout/images/pages/404-bg.jpg
htv-landing/ultima-ng/assets/layout/images/doc/._rightmenu-doc.jpg
Ignoring unknown extended header keyword 'LIBARCHIVE.xattr.com.apple.provenance'
htv-landing/ultima-ng/assets/layout/images/doc/rightmenu-doc.jpg
htv-landing/ultima-ng/assets/layout/images/doc/._topbar-doc.jpg
htv-landing/ultima-ng/assets/layout/images/doc/topbar-doc.jpg
tar: Ignoring unknown extended header keyword 'LIBARCHIVE.xattr.com.apple.provenance'
tar: Ignoring unknown extended header keyword 'LIBARCHIVE.xattr.com.apple.provenance'
htv-landing/ultima-ng/assets/layout/images/doc/._inlinemenu-doc.jpg
htv-landing/ultima-ng/assets/layout/images/doc/inlinemenu-doc.jpg
htv-landing/ultima-ng/assets/layout/images/doc/._breadcrumb-doc.jpg
tar: Ignoring unknown extended header keyword 'LIBARCHIVE.xattr.com.apple.provenance'
htv-landing/ultima-ng/assets/layout/images/doc/breadcrumb-doc.jpg
htv-landing/ultima-ng/assets/layout/images/extensions/._help-header@2x.jpg
tar: Ignoring unknown extended header keyword 'LIBARCHIVE.xattr.com.apple.provenance'
tar: Ignoring unknown extended header keyword 'LIBARCHIVE.xattr.com.apple.provenance'htv-landing/ultima-ng/assets/layout/images/extensions/help-header@2x.jpg
htv-landing/ultima-ng/assets/layout/images/extensions/._asset-amex.svg

tar: Ignoring unknown extended header keyword 'LIBARCHIVE.xattr.com.apple.provenance'
htv-landing/ultima-ng/assets/layout/images/extensions/asset-amex.svg
htv-landing/ultima-ng/assets/layout/images/extensions/._asset-paypal.svg
htv-landing/ultima-ng/assets/layout/images/extensions/asset-paypal.svg
tar: Ignoring unknown extended header keyword 'LIBARCHIVE.xattr.com.apple.provenance'
htv-landing/ultima-ng/assets/layout/images/extensions/._asset-mastercard.svg
htv-landing/ultima-ng/assets/layout/images/extensions/asset-mastercard.svg
tar: Ignoring unknown extended header keyword 'LIBARCHIVE.xattr.com.apple.provenance'
htv-landing/ultima-ng/assets/layout/images/extensions/._prime-logo.svg
tar: htv-landing/ultima-ng/assets/layout/images/extensions/prime-logo.svg
htv-landing/ultima-ng/assets/layout/images/extensions/._flag-us@2x.png
Ignoring unknown extended header keyword 'LIBARCHIVE.xattr.com.apple.provenance'
tar: Ignoring unknown extended header keyword 'LIBARCHIVE.xattr.com.apple.provenance'
htv-landing/ultima-ng/assets/layout/images/extensions/flag-us@2x.png
htv-landing/ultima-ng/assets/layout/images/extensions/._background@2x.jpg
htv-landing/ultima-ng/assets/layout/images/extensions/background@2x.jpg
htv-landing/ultima-ng/assets/layout/images/extensions/._asset-visa.svg
htv-landing/ultima-ng/assets/layout/images/extensions/asset-visa.svg
htv-landing/ultima-ng/assets/layout/images/landing/._promotion.png
htv-landing/ultima-ng/assets/layout/images/landing/promotion.png
tar: Ignoring unknown extended header keyword 'LIBARCHIVE.xattr.com.apple.provenance'
tar: Ignoring unknown extended header keyword 'LIBARCHIVE.xattr.com.apple.provenance'
tar: Ignoring unknown extended header keyword 'LIBARCHIVE.xattr.com.apple.provenance'
htv-landing/ultima-ng/assets/layout/images/landing/._landing-header.png
htv-landing/ultima-ng/assets/layout/images/landing/landing-header.png
htv-landing/ultima-ng/assets/layout/css/._layout-dark.scss
tar: Ignoring unknown extended header keyword 'LIBARCHIVE.xattr.com.apple.provenance'
htv-landing/ultima-ng/assets/layout/css/layout-dark.scss
htv-landing/ultima-ng/assets/layout/css/._layout-dark.css
htv-landing/ultima-ng/assets/layout/css/layout-dark.css
htv-landing/ultima-ng/assets/layout/css/._layout-light.scss
htv-landing/ultima-ng/assets/layout/css/layout-light.scss
htv-landing/ultima-ng/assets/layout/css/._layout-light.css
tar: Ignoring unknown extended header keyword 'LIBARCHIVE.xattr.com.apple.provenance'
tar: Ignoring unknown extended header keyword 'LIBARCHIVE.xattr.com.apple.provenance'
tar: Ignoring unknown extended header keyword 'LIBARCHIVE.xattr.com.apple.provenance'
tar: Ignoring unknown extended header keyword 'LIBARCHIVE.xattr.com.apple.provenance'
htv-landing/ultima-ng/assets/layout/css/layout-light.css
htv-landing/ultima-ng/assets/images/._carrousel
htv-landing/ultima-ng/assets/images/carrousel/
htv-landing/ultima-ng/assets/images/._flag
tar: Ignoring unknown extended header keyword 'LIBARCHIVE.xattr.com.apple.provenance'
tar: Ignoring unknown extended header keyword 'LIBARCHIVE.xattr.com.apple.provenance'htv-landing/ultima-ng/assets/images/flag/
htv-landing/ultima-ng/assets/images/._rating
htv-landing/ultima-ng/assets/images/rating/
htv-landing/ultima-ng/assets/images/._products
htv-landing/ultima-ng/assets/images/products/
htv-landing/ultima-ng/assets/images/._chat

tar: Ignoring unknown extended header keyword 'LIBARCHIVE.xattr.com.apple.provenance'
tar: Ignoring unknown extended header keyword 'LIBARCHIVE.xattr.com.apple.provenance'
tar: htv-landing/ultima-ng/assets/images/chat/
htv-landing/ultima-ng/assets/images/._hero-img
htv-landing/ultima-ng/assets/images/hero-img/
htv-landing/ultima-ng/assets/images/._alert
Ignoring unknown extended header keyword 'LIBARCHIVE.xattr.com.apple.provenance'
tar: Ignoring unknown extended header keyword 'LIBARCHIVE.xattr.com.apple.provenance'
tar: htv-landing/ultima-ng/assets/images/alert/
htv-landing/ultima-ng/assets/images/._Rectangle 5.png
htv-landing/ultima-ng/assets/images/Rectangle 5.png
Ignoring unknown extended header keyword 'LIBARCHIVE.xattr.com.apple.provenance'
tar: Ignoring unknown extended header keyword 'LIBARCHIVE.xattr.com.apple.provenance'
htv-landing/ultima-ng/assets/images/._Rectangle 4.png
tar: Ignoring unknown extended header keyword 'LIBARCHIVE.xattr.com.apple.provenance'
htv-landing/ultima-ng/assets/images/Rectangle 4.png
htv-landing/ultima-ng/assets/images/._bg.webp
htv-landing/ultima-ng/assets/images/bg.webp
htv-landing/ultima-ng/assets/images/._edificio-tecnologico.webp
htv-landing/ultima-ng/assets/images/edificio-tecnologico.webp
tar: Ignoring unknown extended header keyword 'LIBARCHIVE.xattr.com.apple.provenance'
tar: Ignoring unknown extended header keyword 'LIBARCHIVE.xattr.com.apple.provenance'
htv-landing/ultima-ng/assets/images/._Programas
htv-landing/ultima-ng/assets/images/Programas/
htv-landing/ultima-ng/assets/images/._Rectangle 6.png
htv-landing/ultima-ng/assets/images/Rectangle 6.png
htv-landing/ultima-ng/assets/images/._logos
htv-landing/ultima-ng/assets/images/logos/
htv-landing/ultima-ng/assets/images/._Rectangle 3.png
tar: Ignoring unknown extended header keyword 'LIBARCHIVE.xattr.com.apple.provenance'
tar: Ignoring unknown extended header keyword 'LIBARCHIVE.xattr.com.apple.provenance'
tar: Ignoring unknown extended header keyword 'LIBARCHIVE.xattr.com.apple.provenance'
tar: htv-landing/ultima-ng/assets/images/Rectangle 3.png
Ignoring unknown extended header keyword 'LIBARCHIVE.xattr.com.apple.provenance'
htv-landing/ultima-ng/assets/images/._Rectangle 2.png
htv-landing/ultima-ng/assets/images/Rectangle 2.png
htv-landing/ultima-ng/assets/images/._slider
htv-landing/ultima-ng/assets/images/slider/
tar: Ignoring unknown extended header keyword 'LIBARCHIVE.xattr.com.apple.provenance'
tar: Ignoring unknown extended header keyword 'LIBARCHIVE.xattr.com.apple.provenance'
htv-landing/ultima-ng/assets/images/._shapes
htv-landing/ultima-ng/assets/images/shapes/
htv-landing/ultima-ng/assets/images/._Rectangle 1.png
htv-landing/ultima-ng/assets/images/Rectangle 1.png
tar: Ignoring unknown extended header keyword 'LIBARCHIVE.xattr.com.apple.provenance'
tar: Ignoring unknown extended header keyword 'LIBARCHIVE.xattr.com.apple.provenance'
htv-landing/ultima-ng/assets/images/._blog
tar: Ignoring unknown extended header keyword 'LIBARCHIVE.xattr.com.apple.provenance'
htv-landing/ultima-ng/assets/images/blog/
htv-landing/ultima-ng/assets/images/._svgs
htv-landing/ultima-ng/assets/images/svgs/
htv-landing/ultima-ng/assets/images/._frontend-pages
htv-landing/ultima-ng/assets/images/frontend-pages/
tar: Ignoring unknown extended header keyword 'LIBARCHIVE.xattr.com.apple.provenance'
tar: Ignoring unknown extended header keyword 'LIBARCHIVE.xattr.com.apple.provenance'
htv-landing/ultima-ng/assets/images/._Frame 1000004076.svg
htv-landing/ultima-ng/assets/images/Frame 1000004076.svg
tar: Ignoring unknown extended header keyword 'LIBARCHIVE.xattr.com.apple.provenance'
htv-landing/ultima-ng/assets/images/._backgrounds
tar: Ignoring unknown extended header keyword 'LIBARCHIVE.xattr.com.apple.provenance'
htv-landing/ultima-ng/assets/images/backgrounds/
htv-landing/ultima-ng/assets/images/._browser
htv-landing/ultima-ng/assets/images/browser/
htv-landing/ultima-ng/assets/images/._profile
tar: Ignoring unknown extended header keyword 'LIBARCHIVE.xattr.com.apple.provenance'
htv-landing/ultima-ng/assets/images/profile/
htv-landing/ultima-ng/assets/images/._Frame 1000004075.svg
tar: Ignoring unknown extended header keyword 'LIBARCHIVE.xattr.com.apple.provenance'
htv-landing/ultima-ng/assets/images/Frame 1000004075.svg
htv-landing/ultima-ng/assets/images/._No_Image_Available.jpg
htv-landing/ultima-ng/assets/images/No_Image_Available.jpg
tar: Ignoring unknown extended header keyword 'LIBARCHIVE.xattr.com.apple.provenance'
tar: Ignoring unknown extended header keyword 'LIBARCHIVE.xattr.com.apple.provenance'
htv-landing/ultima-ng/assets/images/._Capacitaciones
htv-landing/ultima-ng/assets/images/Capacitaciones/
htv-landing/ultima-ng/assets/images/._Mentores
tar: Ignoring unknown extended header keyword 'LIBARCHIVE.xattr.com.apple.provenance'
tar: Ignoring unknown extended header keyword 'LIBARCHIVE.xattr.com.apple.provenance'htv-landing/ultima-ng/assets/images/Mentores/
htv-landing/ultima-ng/assets/images/._video.png
htv-landing/ultima-ng/assets/images/video.png

tar: Ignoring unknown extended header keyword 'LIBARCHIVE.xattr.com.apple.provenance'
htv-landing/ultima-ng/assets/images/._Eventos
htv-landing/ultima-ng/assets/images/Eventos/
htv-landing/ultima-ng/assets/images/._DISTRITO INNOVA
tar: Ignoring unknown extended header keyword 'LIBARCHIVE.xattr.com.apple.provenance'
tar: Ignoring unknown extended header keyword 'LIBARCHIVE.xattr.com.apple.provenance'htv-landing/ultima-ng/assets/images/DISTRITO INNOVA/
htv-landing/ultima-ng/assets/images/._apps
htv-landing/ultima-ng/assets/images/apps/
htv-landing/ultima-ng/assets/images/._demos
htv-landing/ultima-ng/assets/images/demos/
htv-landing/ultima-ng/assets/images/demos/._demo-default.jpg

tar: Ignoring unknown extended header keyword 'LIBARCHIVE.xattr.com.apple.provenance'
tar: Ignoring unknown extended header keyword 'LIBARCHIVE.xattr.com.apple.provenance'
tar: Ignoring unknown extended header keyword 'LIBARCHIVE.xattr.com.apple.provenance'
htv-landing/ultima-ng/assets/images/demos/demo-default.jpg
htv-landing/ultima-ng/assets/images/demos/._demo-horizontal.jpg
tar: Ignoring unknown extended header keyword 'LIBARCHIVE.xattr.com.apple.provenance'
htv-landing/ultima-ng/assets/images/demos/demo-horizontal.jpg
htv-landing/ultima-ng/assets/images/demos/._demo-main.jpg
htv-landing/ultima-ng/assets/images/demos/demo-main.jpg
htv-landing/ultima-ng/assets/images/demos/._demo-dark.jpg
htv-landing/ultima-ng/assets/images/demos/demo-dark.jpg
tar: Ignoring unknown extended header keyword 'LIBARCHIVE.xattr.com.apple.provenance'
tar: Ignoring unknown extended header keyword 'LIBARCHIVE.xattr.com.apple.provenance'
htv-landing/ultima-ng/assets/images/demos/._demo-rtl.jpg
htv-landing/ultima-ng/assets/images/demos/demo-rtl.jpg
htv-landing/ultima-ng/assets/images/demos/._demo-minisidebar.jpg
htv-landing/ultima-ng/assets/images/demos/demo-minisidebar.jpg
htv-landing/ultima-ng/assets/images/apps/._app-blog.jpg
htv-landing/ultima-ng/assets/images/apps/app-blog.jpg
htv-landing/ultima-ng/assets/images/apps/._app-contact-list.jpg
tar: Ignoring unknown extended header keyword 'LIBARCHIVE.xattr.com.apple.provenance'
tar: Ignoring unknown extended header keyword 'LIBARCHIVE.xattr.com.apple.provenance'
tar: Ignoring unknown extended header keyword 'LIBARCHIVE.xattr.com.apple.provenance'
htv-landing/ultima-ng/assets/images/apps/app-contact-list.jpg
htv-landing/ultima-ng/assets/images/apps/._app-ecommerce-detail.jpg
tar: Ignoring unknown extended header keyword 'LIBARCHIVE.xattr.com.apple.provenance'
tar: Ignoring unknown extended header keyword 'LIBARCHIVE.xattr.com.apple.provenance'
htv-landing/ultima-ng/assets/images/apps/app-ecommerce-detail.jpg
htv-landing/ultima-ng/assets/images/apps/._app-contact.jpg
htv-landing/ultima-ng/assets/images/apps/app-contact.jpg
htv-landing/ultima-ng/assets/images/apps/._app-chat.jpg
tar: Ignoring unknown extended header keyword 'LIBARCHIVE.xattr.com.apple.provenance'
tar: htv-landing/ultima-ng/assets/images/apps/app-chat.jpg
htv-landing/ultima-ng/assets/images/apps/._app-calendar.jpg
htv-landing/ultima-ng/assets/images/apps/app-calendar.jpg
htv-landing/ultima-ng/assets/images/apps/._app-blog-detail.jpg
Ignoring unknown extended header keyword 'LIBARCHIVE.xattr.com.apple.provenance'
tar: Ignoring unknown extended header keyword 'LIBARCHIVE.xattr.com.apple.provenance'
tar: Ignoring unknown extended header keyword 'LIBARCHIVE.xattr.com.apple.provenance'
htv-landing/ultima-ng/assets/images/apps/app-blog-detail.jpg
htv-landing/ultima-ng/assets/images/apps/._app-user-profile.jpg
htv-landing/ultima-ng/assets/images/apps/app-user-profile.jpg
tar: Ignoring unknown extended header keyword 'LIBARCHIVE.xattr.com.apple.provenance'
htv-landing/ultima-ng/assets/images/apps/._app-ecommerce-list.jpg
htv-landing/ultima-ng/assets/images/apps/app-ecommerce-list.jpg
htv-landing/ultima-ng/assets/images/apps/._app-shop.jpg
tar: Ignoring unknown extended header keyword 'LIBARCHIVE.xattr.com.apple.provenance'
tar: Ignoring unknown extended header keyword 'LIBARCHIVE.xattr.com.apple.provenance'htv-landing/ultima-ng/assets/images/apps/app-shop.jpg
htv-landing/ultima-ng/assets/images/apps/._app-invoice.jpg
htv-landing/ultima-ng/assets/images/apps/app-invoice.jpg
htv-landing/ultima-ng/assets/images/apps/._app-email.jpg
htv-landing/ultima-ng/assets/images/apps/app-email.jpg

tar: Ignoring unknown extended header keyword 'LIBARCHIVE.xattr.com.apple.provenance'
tar: Ignoring unknown extended header keyword 'LIBARCHIVE.xattr.com.apple.provenance'
htv-landing/ultima-ng/assets/images/DISTRITO INNOVA/._Logo
tar: Ignoring unknown extended header keyword 'LIBARCHIVE.xattr.com.apple.provenance'
htv-landing/ultima-ng/assets/images/DISTRITO INNOVA/Logo/
htv-landing/ultima-ng/assets/images/DISTRITO INNOVA/Logo/._PDF
tar: Ignoring unknown extended header keyword 'LIBARCHIVE.xattr.com.apple.provenance'htv-landing/ultima-ng/assets/images/DISTRITO INNOVA/Logo/PDF/
htv-landing/ultima-ng/assets/images/DISTRITO INNOVA/Logo/._PNG

tar: htv-landing/ultima-ng/assets/images/DISTRITO INNOVA/Logo/PNG/
htv-landing/ultima-ng/assets/images/DISTRITO INNOVA/Logo/._JPG
htv-landing/ultima-ng/assets/images/DISTRITO INNOVA/Logo/JPG/
Ignoring unknown extended header keyword 'LIBARCHIVE.xattr.com.apple.provenance'
tar: Ignoring unknown extended header keyword 'LIBARCHIVE.xattr.com.apple.provenance'
htv-landing/ultima-ng/assets/images/DISTRITO INNOVA/Logo/JPG/._Logo Full color_Horizontal Full color.jpg
htv-landing/ultima-ng/assets/images/DISTRITO INNOVA/Logo/JPG/Logo Full color_Horizontal Full color.jpg
htv-landing/ultima-ng/assets/images/DISTRITO INNOVA/Logo/JPG/._Logo Full color_Vertical Full color.jpg
htv-landing/ultima-ng/assets/images/DISTRITO INNOVA/Logo/JPG/Logo Full color_Vertical Full color.jpg
tar: Ignoring unknown extended header keyword 'LIBARCHIVE.xattr.com.apple.provenance'
tar: Ignoring unknown extended header keyword 'LIBARCHIVE.xattr.com.apple.provenance'
htv-landing/ultima-ng/assets/images/DISTRITO INNOVA/Logo/JPG/._Logo Negro_Horizontal Negro.jpg
tar: Ignoring unknown extended header keyword 'LIBARCHIVE.xattr.com.apple.provenance'
htv-landing/ultima-ng/assets/images/DISTRITO INNOVA/Logo/JPG/Logo Negro_Horizontal Negro.jpg
htv-landing/ultima-ng/assets/images/DISTRITO INNOVA/Logo/JPG/._Logo Negro_Vertical Negro.jpg
htv-landing/ultima-ng/assets/images/DISTRITO INNOVA/Logo/JPG/Logo Negro_Vertical Negro.jpg
htv-landing/ultima-ng/assets/images/DISTRITO INNOVA/Logo/PNG/._Logo Full color_Horizontal Full color.png
tar: Ignoring unknown extended header keyword 'LIBARCHIVE.xattr.com.apple.provenance'
htv-landing/ultima-ng/assets/images/DISTRITO INNOVA/Logo/PNG/Logo Full color_Horizontal Full color.png
tar: Ignoring unknown extended header keyword 'LIBARCHIVE.xattr.com.apple.provenance'
htv-landing/ultima-ng/assets/images/DISTRITO INNOVA/Logo/PNG/._LogoHero Blanco_Horizontal Blanco.png
htv-landing/ultima-ng/assets/images/DISTRITO INNOVA/Logo/PNG/LogoHero Blanco_Horizontal Blanco.png
htv-landing/ultima-ng/assets/images/DISTRITO INNOVA/Logo/PNG/._Logo Full color_Vertical Full color.png
tar: Ignoring unknown extended header keyword 'LIBARCHIVE.xattr.com.apple.provenance'
tar: Ignoring unknown extended header keyword 'LIBARCHIVE.xattr.com.apple.provenance'htv-landing/ultima-ng/assets/images/DISTRITO INNOVA/Logo/PNG/Logo Full color_Vertical Full color.png

htv-landing/ultima-ng/assets/images/DISTRITO INNOVA/Logo/PNG/._Logo Blanco_Vertical Blanco.png
htv-landing/ultima-ng/assets/images/DISTRITO INNOVA/Logo/PNG/Logo Blanco_Vertical Blanco.png
htv-landing/ultima-ng/assets/images/DISTRITO INNOVA/Logo/PNG/._Logo Negro_Horizontal Negro.png
tar: Ignoring unknown extended header keyword 'LIBARCHIVE.xattr.com.apple.provenance'
tar: Ignoring unknown extended header keyword 'LIBARCHIVE.xattr.com.apple.provenance'
htv-landing/ultima-ng/assets/images/DISTRITO INNOVA/Logo/PNG/Logo Negro_Horizontal Negro.png
htv-landing/ultima-ng/assets/images/DISTRITO INNOVA/Logo/PNG/._Logo Negro_Vertical Negro.png
htv-landing/ultima-ng/assets/images/DISTRITO INNOVA/Logo/PNG/Logo Negro_Vertical Negro.png
htv-landing/ultima-ng/assets/images/DISTRITO INNOVA/Logo/PNG/._Logo Blanco_Horizontal Blanco.png
tar: Ignoring unknown extended header keyword 'LIBARCHIVE.xattr.com.apple.provenance'
tar: Ignoring unknown extended header keyword 'LIBARCHIVE.xattr.com.apple.provenance'htv-landing/ultima-ng/assets/images/DISTRITO INNOVA/Logo/PNG/Logo Blanco_Horizontal Blanco.png
htv-landing/ultima-ng/assets/images/DISTRITO INNOVA/Logo/PDF/._Logo Blanco.pdf
htv-landing/ultima-ng/assets/images/DISTRITO INNOVA/Logo/PDF/Logo Blanco.pdf
htv-landing/ultima-ng/assets/images/DISTRITO INNOVA/Logo/PDF/._Logo Full color.pdf
htv-landing/ultima-ng/assets/images/DISTRITO INNOVA/Logo/PDF/Logo Full color.pdf

tar: Ignoring unknown extended header keyword 'LIBARCHIVE.xattr.com.apple.provenance'
tar: Ignoring unknown extended header keyword 'LIBARCHIVE.xattr.com.apple.provenance'
htv-landing/ultima-ng/assets/images/DISTRITO INNOVA/Logo/PDF/._Logo Negro.pdf
htv-landing/ultima-ng/assets/images/DISTRITO INNOVA/Logo/PDF/Logo Negro.pdf
htv-landing/ultima-ng/assets/images/Eventos/._Evento1.png
tar: Ignoring unknown extended header keyword 'LIBARCHIVE.xattr.com.apple.provenance'
tar: htv-landing/ultima-ng/assets/images/Eventos/Evento1.png
Ignoring unknown extended header keyword 'LIBARCHIVE.xattr.com.apple.provenance'
htv-landing/ultima-ng/assets/images/Eventos/._Evento3.png
htv-landing/ultima-ng/assets/images/Eventos/Evento3.png
tar: Ignoring unknown extended header keyword 'LIBARCHIVE.xattr.com.apple.provenance'
htv-landing/ultima-ng/assets/images/Eventos/._Evento2.png
htv-landing/ultima-ng/assets/images/Eventos/Evento2.png
tar: Ignoring unknown extended header keyword 'LIBARCHIVE.xattr.com.apple.provenance'
htv-landing/ultima-ng/assets/images/Eventos/._Evento4.png
htv-landing/ultima-ng/assets/images/Eventos/Evento4.png
tar: Ignoring unknown extended header keyword 'LIBARCHIVE.xattr.com.apple.provenance'
htv-landing/ultima-ng/assets/images/Mentores/._MentorDefault_M.png
htv-landing/ultima-ng/assets/images/Mentores/MentorDefault_M.png
tar: Ignoring unknown extended header keyword 'LIBARCHIVE.xattr.com.apple.provenance'
htv-landing/ultima-ng/assets/images/Mentores/._MentorDefault_H.png
htv-landing/ultima-ng/assets/images/Mentores/MentorDefault_H.png
tar: Ignoring unknown extended header keyword 'LIBARCHIVE.xattr.com.apple.provenance'
htv-landing/ultima-ng/assets/images/Capacitaciones/._Curso2.png
htv-landing/ultima-ng/assets/images/Capacitaciones/Curso2.png
htv-landing/ultima-ng/assets/images/Capacitaciones/._Curso1.png
tar: Ignoring unknown extended header keyword 'LIBARCHIVE.xattr.com.apple.provenance'
tar: htv-landing/ultima-ng/assets/images/Capacitaciones/Curso1.png
Ignoring unknown extended header keyword 'LIBARCHIVE.xattr.com.apple.provenance'
htv-landing/ultima-ng/assets/images/Capacitaciones/._python.png
tar: Ignoring unknown extended header keyword 'LIBARCHIVE.xattr.com.apple.provenance'htv-landing/ultima-ng/assets/images/Capacitaciones/python.png
htv-landing/ultima-ng/assets/images/Capacitaciones/._Angular.png
htv-landing/ultima-ng/assets/images/Capacitaciones/Angular.png
htv-landing/ultima-ng/assets/images/Capacitaciones/._IA.png
htv-landing/ultima-ng/assets/images/Capacitaciones/IA.png

tar: Ignoring unknown extended header keyword 'LIBARCHIVE.xattr.com.apple.provenance'
tar: Ignoring unknown extended header keyword 'LIBARCHIVE.xattr.com.apple.provenance'
htv-landing/ultima-ng/assets/images/Capacitaciones/._AppDevelop.png
htv-landing/ultima-ng/assets/images/Capacitaciones/AppDevelop.png
tar: Ignoring unknown extended header keyword 'LIBARCHIVE.xattr.com.apple.provenance'
htv-landing/ultima-ng/assets/images/profile/._user-9.jpg
htv-landing/ultima-ng/assets/images/profile/user-9.jpg
tar: Ignoring unknown extended header keyword 'LIBARCHIVE.xattr.com.apple.provenance'
htv-landing/ultima-ng/assets/images/profile/._user-8.jpg
htv-landing/ultima-ng/assets/images/profile/user-8.jpg
htv-landing/ultima-ng/assets/images/profile/._user-12.jpg
tar: Ignoring unknown extended header keyword 'LIBARCHIVE.xattr.com.apple.provenance'
tar: Ignoring unknown extended header keyword 'LIBARCHIVE.xattr.com.apple.provenance'htv-landing/ultima-ng/assets/images/profile/user-12.jpg
htv-landing/ultima-ng/assets/images/profile/._user-13.jpg
htv-landing/ultima-ng/assets/images/profile/user-13.jpg

tar: Ignoring unknown extended header keyword 'LIBARCHIVE.xattr.com.apple.provenance'
htv-landing/ultima-ng/assets/images/profile/._user-11.jpg
tar: htv-landing/ultima-ng/assets/images/profile/user-11.jpg
Ignoring unknown extended header keyword 'LIBARCHIVE.xattr.com.apple.provenance'
htv-landing/ultima-ng/assets/images/profile/._user-10.jpg
htv-landing/ultima-ng/assets/images/profile/user-10.jpg
tar: Ignoring unknown extended header keyword 'LIBARCHIVE.xattr.com.apple.provenance'
htv-landing/ultima-ng/assets/images/profile/._user-14.jpg
htv-landing/ultima-ng/assets/images/profile/user-14.jpg
tar: Ignoring unknown extended header keyword 'LIBARCHIVE.xattr.com.apple.provenance'
htv-landing/ultima-ng/assets/images/profile/._user-15.jpg
htv-landing/ultima-ng/assets/images/profile/user-15.jpg
htv-landing/ultima-ng/assets/images/profile/._user-1.jpg
tar: Ignoring unknown extended header keyword 'LIBARCHIVE.xattr.com.apple.provenance'
tar: Ignoring unknown extended header keyword 'LIBARCHIVE.xattr.com.apple.provenance'htv-landing/ultima-ng/assets/images/profile/user-1.jpg

htv-landing/ultima-ng/assets/images/profile/._user-3.jpg
htv-landing/ultima-ng/assets/images/profile/user-3.jpg
htv-landing/ultima-ng/assets/images/profile/._user-2.jpg
htv-landing/ultima-ng/assets/images/profile/user-2.jpg
htv-landing/ultima-ng/assets/images/profile/._user-6.jpg
htv-landing/ultima-ng/assets/images/profile/user-6.jpg
tar: Ignoring unknown extended header keyword 'LIBARCHIVE.xattr.com.apple.provenance'
tar: Ignoring unknown extended header keyword 'LIBARCHIVE.xattr.com.apple.provenance'
tar: Ignoring unknown extended header keyword 'LIBARCHIVE.xattr.com.apple.provenance'
htv-landing/ultima-ng/assets/images/profile/._user-7.jpg
htv-landing/ultima-ng/assets/images/profile/user-7.jpg
htv-landing/ultima-ng/assets/images/profile/._user-5.jpg
htv-landing/ultima-ng/assets/images/profile/user-5.jpg
tar: Ignoring unknown extended header keyword 'LIBARCHIVE.xattr.com.apple.provenance'
tar: Ignoring unknown extended header keyword 'LIBARCHIVE.xattr.com.apple.provenance'
htv-landing/ultima-ng/assets/images/profile/._user-4.jpg
tar: Ignoring unknown extended header keyword 'LIBARCHIVE.xattr.com.apple.provenance'
htv-landing/ultima-ng/assets/images/profile/user-4.jpg
htv-landing/ultima-ng/assets/images/browser/._opera-logo.png
htv-landing/ultima-ng/assets/images/browser/opera-logo.png
htv-landing/ultima-ng/assets/images/browser/._firefox-logo.png
htv-landing/ultima-ng/assets/images/browser/firefox-logo.png
htv-landing/ultima-ng/assets/images/browser/._netscape-logo.png
htv-landing/ultima-ng/assets/images/browser/netscape-logo.png
htv-landing/ultima-ng/assets/images/browser/._edge-logo.png
tar: Ignoring unknown extended header keyword 'LIBARCHIVE.xattr.com.apple.provenance'
tar: Ignoring unknown extended header keyword 'LIBARCHIVE.xattr.com.apple.provenance'
tar: Ignoring unknown extended header keyword 'LIBARCHIVE.xattr.com.apple.provenance'
tar: Ignoring unknown extended header keyword 'LIBARCHIVE.xattr.com.apple.provenance'
htv-landing/ultima-ng/assets/images/browser/edge-logo.png
htv-landing/ultima-ng/assets/images/browser/._chrome-logo.png
htv-landing/ultima-ng/assets/images/browser/chrome-logo.png
htv-landing/ultima-ng/assets/images/browser/._internet-logo.png
htv-landing/ultima-ng/assets/images/browser/internet-logo.png
tar: Ignoring unknown extended header keyword 'LIBARCHIVE.xattr.com.apple.provenance'
tar: Ignoring unknown extended header keyword 'LIBARCHIVE.xattr.com.apple.provenance'
htv-landing/ultima-ng/assets/images/browser/._safari-logo.png
htv-landing/ultima-ng/assets/images/browser/safari-logo.png
htv-landing/ultima-ng/assets/images/backgrounds/._payment.svg
tar: Ignoring unknown extended header keyword 'LIBARCHIVE.xattr.com.apple.provenance'
tar: Ignoring unknown extended header keyword 'LIBARCHIVE.xattr.com.apple.provenance'htv-landing/ultima-ng/assets/images/backgrounds/payment.svg
htv-landing/ultima-ng/assets/images/backgrounds/._profile-bg.jpg
htv-landing/ultima-ng/assets/images/backgrounds/profile-bg.jpg
htv-landing/ultima-ng/assets/images/backgrounds/._line-bg-2.svg

tar: Ignoring unknown extended header keyword 'LIBARCHIVE.xattr.com.apple.provenance'
htv-landing/ultima-ng/assets/images/backgrounds/line-bg-2.svg
htv-landing/ultima-ng/assets/images/backgrounds/._business-woman-checking-her-mail.png
tar: Ignoring unknown extended header keyword 'LIBARCHIVE.xattr.com.apple.provenance'
tar: htv-landing/ultima-ng/assets/images/backgrounds/business-woman-checking-her-mail.png
htv-landing/ultima-ng/assets/images/backgrounds/._backgroundC.webp
htv-landing/ultima-ng/assets/images/backgrounds/backgroundC.webp
htv-landing/ultima-ng/assets/images/backgrounds/._active-bg.png
htv-landing/ultima-ng/assets/images/backgrounds/active-bg.png
Ignoring unknown extended header keyword 'LIBARCHIVE.xattr.com.apple.provenance'
tar: Ignoring unknown extended header keyword 'LIBARCHIVE.xattr.com.apple.provenance'
tar: Ignoring unknown extended header keyword 'LIBARCHIVE.xattr.com.apple.provenance'
htv-landing/ultima-ng/assets/images/backgrounds/._backgroundB.webp
htv-landing/ultima-ng/assets/images/backgrounds/backgroundB.webp
htv-landing/ultima-ng/assets/images/backgrounds/._BG-degradado-3.jpg
htv-landing/ultima-ng/assets/images/backgrounds/BG-degradado-3.jpg
htv-landing/ultima-ng/assets/images/backgrounds/._weatherbg.jpg
htv-landing/ultima-ng/assets/images/backgrounds/weatherbg.jpg
htv-landing/ultima-ng/assets/images/backgrounds/._website-under-construction.svg
tar: Ignoring unknown extended header keyword 'LIBARCHIVE.xattr.com.apple.provenance'
tar: Ignoring unknown extended header keyword 'LIBARCHIVE.xattr.com.apple.provenance'
tar: Ignoring unknown extended header keyword 'LIBARCHIVE.xattr.com.apple.provenance'
htv-landing/ultima-ng/assets/images/backgrounds/website-under-construction.svg
htv-landing/ultima-ng/assets/images/backgrounds/._bronze.png
htv-landing/ultima-ng/assets/images/backgrounds/bronze.png
tar: Ignoring unknown extended header keyword 'LIBARCHIVE.xattr.com.apple.provenance'
tar: Ignoring unknown extended header keyword 'LIBARCHIVE.xattr.com.apple.provenance'
htv-landing/ultima-ng/assets/images/backgrounds/._welcome-bg2.png
htv-landing/ultima-ng/assets/images/backgrounds/welcome-bg2.png
htv-landing/ultima-ng/assets/images/backgrounds/._mega-dd-bg.jpg
htv-landing/ultima-ng/assets/images/backgrounds/mega-dd-bg.jpg
htv-landing/ultima-ng/assets/images/backgrounds/._track-bg.png
tar: Ignoring unknown extended header keyword 'LIBARCHIVE.xattr.com.apple.provenance'
tar: Ignoring unknown extended header keyword 'LIBARCHIVE.xattr.com.apple.provenance'
tar: Ignoring unknown extended header keyword 'LIBARCHIVE.xattr.com.apple.provenance'htv-landing/ultima-ng/assets/images/backgrounds/track-bg.png
htv-landing/ultima-ng/assets/images/backgrounds/._maintenance.svg
htv-landing/ultima-ng/assets/images/backgrounds/maintenance.svg
htv-landing/ultima-ng/assets/images/backgrounds/._login-side.png

tar: Ignoring unknown extended header keyword 'LIBARCHIVE.xattr.com.apple.provenance'
htv-landing/ultima-ng/assets/images/backgrounds/login-side.png
htv-landing/ultima-ng/assets/images/backgrounds/._weather.jpg
tar: Ignoring unknown extended header keyword 'LIBARCHIVE.xattr.com.apple.provenance'
htv-landing/ultima-ng/assets/images/backgrounds/weather.jpg
htv-landing/ultima-ng/assets/images/backgrounds/._my-card.jpg
tar: Ignoring unknown extended header keyword 'LIBARCHIVE.xattr.com.apple.provenance'
tar: Ignoring unknown extended header keyword 'LIBARCHIVE.xattr.com.apple.provenance'htv-landing/ultima-ng/assets/images/backgrounds/my-card.jpg
htv-landing/ultima-ng/assets/images/backgrounds/._errorimg.svg
htv-landing/ultima-ng/assets/images/backgrounds/errorimg.svg

tar: Ignoring unknown extended header keyword 'LIBARCHIVE.xattr.com.apple.provenance'
htv-landing/ultima-ng/assets/images/backgrounds/._login-bg.jpg
htv-landing/ultima-ng/assets/images/backgrounds/login-bg.jpg
tar: Ignoring unknown extended header keyword 'LIBARCHIVE.xattr.com.apple.provenance'
htv-landing/ultima-ng/assets/images/backgrounds/._nyan-cat.gif
htv-landing/ultima-ng/assets/images/backgrounds/nyan-cat.gif
htv-landing/ultima-ng/assets/images/backgrounds/._kanban-img-4.jpg
tar: Ignoring unknown extended header keyword 'LIBARCHIVE.xattr.com.apple.provenance'
htv-landing/ultima-ng/assets/images/backgrounds/kanban-img-4.jpg
htv-landing/ultima-ng/assets/images/backgrounds/._silver.png
tar: Ignoring unknown extended header keyword 'LIBARCHIVE.xattr.com.apple.provenance'
htv-landing/ultima-ng/assets/images/backgrounds/silver.png
tar: Ignoring unknown extended header keyword 'LIBARCHIVE.xattr.com.apple.provenance'
htv-landing/ultima-ng/assets/images/backgrounds/._blog.jpg
htv-landing/ultima-ng/assets/images/backgrounds/blog.jpg
tar: Ignoring unknown extended header keyword 'LIBARCHIVE.xattr.com.apple.provenance'
htv-landing/ultima-ng/assets/images/backgrounds/._kanban-img-1.jpg
htv-landing/ultima-ng/assets/images/backgrounds/kanban-img-1.jpg
htv-landing/ultima-ng/assets/images/backgrounds/._kanban-img-3.jpg
tar: Ignoring unknown extended header keyword 'LIBARCHIVE.xattr.com.apple.provenance'
tar: htv-landing/ultima-ng/assets/images/backgrounds/kanban-img-3.jpg
htv-landing/ultima-ng/assets/images/backgrounds/._kanban-img-2.jpg
htv-landing/ultima-ng/assets/images/backgrounds/kanban-img-2.jpg
htv-landing/ultima-ng/assets/images/backgrounds/._img1.jpg
Ignoring unknown extended header keyword 'LIBARCHIVE.xattr.com.apple.provenance'
tar: Ignoring unknown extended header keyword 'LIBARCHIVE.xattr.com.apple.provenance'
tar: htv-landing/ultima-ng/assets/images/backgrounds/img1.jpg
htv-landing/ultima-ng/assets/images/backgrounds/._line-bg.svg
Ignoring unknown extended header keyword 'LIBARCHIVE.xattr.com.apple.provenance'
tar: htv-landing/ultima-ng/assets/images/backgrounds/line-bg.svg
htv-landing/ultima-ng/assets/images/backgrounds/._background.webp
htv-landing/ultima-ng/assets/images/backgrounds/background.webp
Ignoring unknown extended header keyword 'LIBARCHIVE.xattr.com.apple.provenance'
tar: Ignoring unknown extended header keyword 'LIBARCHIVE.xattr.com.apple.provenance'
htv-landing/ultima-ng/assets/images/backgrounds/._profilebg.jpg
htv-landing/ultima-ng/assets/images/backgrounds/profilebg.jpg
htv-landing/ultima-ng/assets/images/backgrounds/._gold.png
tar: Ignoring unknown extended header keyword 'LIBARCHIVE.xattr.com.apple.provenance'
tar: Ignoring unknown extended header keyword 'LIBARCHIVE.xattr.com.apple.provenance'htv-landing/ultima-ng/assets/images/backgrounds/gold.png
htv-landing/ultima-ng/assets/images/backgrounds/._welcome-bg.png
htv-landing/ultima-ng/assets/images/backgrounds/welcome-bg.png

tar: Ignoring unknown extended header keyword 'LIBARCHIVE.xattr.com.apple.provenance'
htv-landing/ultima-ng/assets/images/frontend-pages/._icon-intel.svg
htv-landing/ultima-ng/assets/images/frontend-pages/icon-intel.svg
tar: Ignoring unknown extended header keyword 'LIBARCHIVE.xattr.com.apple.provenance'
htv-landing/ultima-ng/assets/images/frontend-pages/._icon-instagram.svg
htv-landing/ultima-ng/assets/images/frontend-pages/icon-instagram.svg
htv-landing/ultima-ng/assets/images/frontend-pages/._front-pricing.jpg
htv-landing/ultima-ng/assets/images/frontend-pages/front-pricing.jpg
tar: Ignoring unknown extended header keyword 'LIBARCHIVE.xattr.com.apple.provenance'
tar: Ignoring unknown extended header keyword 'LIBARCHIVE.xattr.com.apple.provenance'
htv-landing/ultima-ng/assets/images/frontend-pages/._matdash-logo.png
htv-landing/ultima-ng/assets/images/frontend-pages/matdash-logo.png
tar: Ignoring unknown extended header keyword 'LIBARCHIVE.xattr.com.apple.provenance'
htv-landing/ultima-ng/assets/images/frontend-pages/._icon-circle-x.svg
htv-landing/ultima-ng/assets/images/frontend-pages/icon-circle-x.svg
htv-landing/ultima-ng/assets/images/frontend-pages/._icon-linckedin-dark.svg
tar: Ignoring unknown extended header keyword 'LIBARCHIVE.xattr.com.apple.provenance'
tar: Ignoring unknown extended header keyword 'LIBARCHIVE.xattr.com.apple.provenance'htv-landing/ultima-ng/assets/images/frontend-pages/icon-linckedin-dark.svg
htv-landing/ultima-ng/assets/images/frontend-pages/._discover.png
htv-landing/ultima-ng/assets/images/frontend-pages/discover.png
htv-landing/ultima-ng/assets/images/frontend-pages/._front-aboutus.jpg
htv-landing/ultima-ng/assets/images/frontend-pages/front-aboutus.jpg

tar: Ignoring unknown extended header keyword 'LIBARCHIVE.xattr.com.apple.provenance'
tar: Ignoring unknown extended header keyword 'LIBARCHIVE.xattr.com.apple.provenance'
htv-landing/ultima-ng/assets/images/frontend-pages/._icon-shapes.svg
tar: Ignoring unknown extended header keyword 'LIBARCHIVE.xattr.com.apple.provenance'
htv-landing/ultima-ng/assets/images/frontend-pages/icon-shapes.svg
htv-landing/ultima-ng/assets/images/frontend-pages/._icon-circle-check.svg
htv-landing/ultima-ng/assets/images/frontend-pages/icon-circle-check.svg
htv-landing/ultima-ng/assets/images/frontend-pages/._blog-10.jpg
tar: Ignoring unknown extended header keyword 'LIBARCHIVE.xattr.com.apple.provenance'
tar: htv-landing/ultima-ng/assets/images/frontend-pages/blog-10.jpg
htv-landing/ultima-ng/assets/images/frontend-pages/._banner-image.png
htv-landing/ultima-ng/assets/images/frontend-pages/banner-image.png
Ignoring unknown extended header keyword 'LIBARCHIVE.xattr.com.apple.provenance'
tar: Ignoring unknown extended header keyword 'LIBARCHIVE.xattr.com.apple.provenance'
htv-landing/ultima-ng/assets/images/frontend-pages/._icon-bootstrap.svg
tar: htv-landing/ultima-ng/assets/images/frontend-pages/icon-bootstrap.svg
Ignoring unknown extended header keyword 'LIBARCHIVE.xattr.com.apple.provenance'
htv-landing/ultima-ng/assets/images/frontend-pages/._icon-samsung.svg
htv-landing/ultima-ng/assets/images/frontend-pages/icon-samsung.svg
htv-landing/ultima-ng/assets/images/frontend-pages/._tabsimage.png
htv-landing/ultima-ng/assets/images/frontend-pages/tabsimage.png
htv-landing/ultima-ng/assets/images/frontend-pages/._icon-facebook.svg
tar: Ignoring unknown extended header keyword 'LIBARCHIVE.xattr.com.apple.provenance'
tar: Ignoring unknown extended header keyword 'LIBARCHIVE.xattr.com.apple.provenance'
tar: Ignoring unknown extended header keyword 'LIBARCHIVE.xattr.com.apple.provenance'htv-landing/ultima-ng/assets/images/frontend-pages/icon-facebook.svg
htv-landing/ultima-ng/assets/images/frontend-pages/._front-portfolio.jpg
htv-landing/ultima-ng/assets/images/frontend-pages/front-portfolio.jpg

tar: Ignoring unknown extended header keyword 'LIBARCHIVE.xattr.com.apple.provenance'
htv-landing/ultima-ng/assets/images/frontend-pages/._maestro.png
htv-landing/ultima-ng/assets/images/frontend-pages/maestro.png
htv-landing/ultima-ng/assets/images/frontend-pages/._americanexpress.png
tar: Ignoring unknown extended header keyword 'LIBARCHIVE.xattr.com.apple.provenance'
htv-landing/ultima-ng/assets/images/frontend-pages/americanexpress.png
htv-landing/ultima-ng/assets/images/frontend-pages/._taylor.jpg
htv-landing/ultima-ng/assets/images/frontend-pages/taylor.jpg
htv-landing/ultima-ng/assets/images/frontend-pages/._react-icon.svg
tar: Ignoring unknown extended header keyword 'LIBARCHIVE.xattr.com.apple.provenance'
tar: Ignoring unknown extended header keyword 'LIBARCHIVE.xattr.com.apple.provenance'
tar: htv-landing/ultima-ng/assets/images/frontend-pages/react-icon.svg
htv-landing/ultima-ng/assets/images/frontend-pages/._visa.png
Ignoring unknown extended header keyword 'LIBARCHIVE.xattr.com.apple.provenance'
tar: htv-landing/ultima-ng/assets/images/frontend-pages/visa.png
htv-landing/ultima-ng/assets/images/frontend-pages/._icon-dell.svg
Ignoring unknown extended header keyword 'LIBARCHIVE.xattr.com.apple.provenance'
tar: Ignoring unknown extended header keyword 'LIBARCHIVE.xattr.com.apple.provenance'
htv-landing/ultima-ng/assets/images/frontend-pages/icon-dell.svg
htv-landing/ultima-ng/assets/images/frontend-pages/._blog-9.jpg
htv-landing/ultima-ng/assets/images/frontend-pages/blog-9.jpg
tar: Ignoring unknown extended header keyword 'LIBARCHIVE.xattr.com.apple.provenance'
htv-landing/ultima-ng/assets/images/frontend-pages/._blog-8.jpg
htv-landing/ultima-ng/assets/images/frontend-pages/blog-8.jpg
htv-landing/ultima-ng/assets/images/frontend-pages/._front-contactus.jpg
htv-landing/ultima-ng/assets/images/frontend-pages/front-contactus.jpg
tar: Ignoring unknown extended header keyword 'LIBARCHIVE.xattr.com.apple.provenance'
tar: Ignoring unknown extended header keyword 'LIBARCHIVE.xattr.com.apple.provenance'
htv-landing/ultima-ng/assets/images/frontend-pages/._icon-bubble.svg
tar: Ignoring unknown extended header keyword 'LIBARCHIVE.xattr.com.apple.provenance'htv-landing/ultima-ng/assets/images/frontend-pages/icon-bubble.svg
htv-landing/ultima-ng/assets/images/frontend-pages/._front-homepage.jpg
htv-landing/ultima-ng/assets/images/frontend-pages/front-homepage.jpg

tar: Ignoring unknown extended header keyword 'LIBARCHIVE.xattr.com.apple.provenance'
htv-landing/ultima-ng/assets/images/frontend-pages/._next-icon.svg
htv-landing/ultima-ng/assets/images/frontend-pages/next-icon.svg
htv-landing/ultima-ng/assets/images/frontend-pages/._icon-oracle.svg
tar: Ignoring unknown extended header keyword 'LIBARCHIVE.xattr.com.apple.provenance'
tar: htv-landing/ultima-ng/assets/images/frontend-pages/icon-oracle.svg
htv-landing/ultima-ng/assets/images/frontend-pages/._icon-sass.svg
htv-landing/ultima-ng/assets/images/frontend-pages/icon-sass.svg
htv-landing/ultima-ng/assets/images/frontend-pages/._alex.jpg
Ignoring unknown extended header keyword 'LIBARCHIVE.xattr.com.apple.provenance'
tar: Ignoring unknown extended header keyword 'LIBARCHIVE.xattr.com.apple.provenance'
htv-landing/ultima-ng/assets/images/frontend-pages/alex.jpg
htv-landing/ultima-ng/assets/images/frontend-pages/._icon-store.svg
tar: Ignoring unknown extended header keyword 'LIBARCHIVE.xattr.com.apple.provenance'
tar: Ignoring unknown extended header keyword 'LIBARCHIVE.xattr.com.apple.provenance'htv-landing/ultima-ng/assets/images/frontend-pages/icon-store.svg
htv-landing/ultima-ng/assets/images/frontend-pages/._icon-instagram-dark.svg
htv-landing/ultima-ng/assets/images/frontend-pages/icon-instagram-dark.svg
htv-landing/ultima-ng/assets/images/frontend-pages/._blog-6.jpg

tar: Ignoring unknown extended header keyword 'LIBARCHIVE.xattr.com.apple.provenance'
htv-landing/ultima-ng/assets/images/frontend-pages/blog-6.jpg
tar: Ignoring unknown extended header keyword 'LIBARCHIVE.xattr.com.apple.provenance'
htv-landing/ultima-ng/assets/images/frontend-pages/._icon-twitter.svg
htv-landing/ultima-ng/assets/images/frontend-pages/icon-twitter.svg
htv-landing/ultima-ng/assets/images/frontend-pages/._blog-7.jpg
htv-landing/ultima-ng/assets/images/frontend-pages/blog-7.jpg
htv-landing/ultima-ng/assets/images/frontend-pages/._blog-5.jpg
htv-landing/ultima-ng/assets/images/frontend-pages/blog-5.jpg
htv-landing/ultima-ng/assets/images/frontend-pages/._blog-4.jpg
htv-landing/ultima-ng/assets/images/frontend-pages/blog-4.jpg
htv-landing/ultima-ng/assets/images/frontend-pages/._front-blog.jpg
htv-landing/ultima-ng/assets/images/frontend-pages/front-blog.jpg
tar: Ignoring unknown extended header keyword 'LIBARCHIVE.xattr.com.apple.provenance'
tar: Ignoring unknown extended header keyword 'LIBARCHIVE.xattr.com.apple.provenance'
tar: Ignoring unknown extended header keyword 'LIBARCHIVE.xattr.com.apple.provenance'
tar: Ignoring unknown extended header keyword 'LIBARCHIVE.xattr.com.apple.provenance'
tar: Ignoring unknown extended header keyword 'LIBARCHIVE.xattr.com.apple.provenance'
htv-landing/ultima-ng/assets/images/frontend-pages/._icon-gulp.svg
tar: Ignoring unknown extended header keyword 'LIBARCHIVE.xattr.com.apple.provenance'
htv-landing/ultima-ng/assets/images/frontend-pages/icon-gulp.svg
htv-landing/ultima-ng/assets/images/frontend-pages/._screenshot-2.png
tar: Ignoring unknown extended header keyword 'LIBARCHIVE.xattr.com.apple.provenance'
htv-landing/ultima-ng/assets/images/frontend-pages/screenshot-2.png
htv-landing/ultima-ng/assets/images/frontend-pages/._teblar-icon.svg
htv-landing/ultima-ng/assets/images/frontend-pages/teblar-icon.svg
htv-landing/ultima-ng/assets/images/frontend-pages/._icon-quotes.svg
htv-landing/ultima-ng/assets/images/frontend-pages/icon-quotes.svg
htv-landing/ultima-ng/assets/images/frontend-pages/._blog-1.jpg
htv-landing/ultima-ng/assets/images/frontend-pages/blog-1.jpg
htv-landing/ultima-ng/assets/images/frontend-pages/._icon-apexchart.svg
tar: Ignoring unknown extended header keyword 'LIBARCHIVE.xattr.com.apple.provenance'
tar: Ignoring unknown extended header keyword 'LIBARCHIVE.xattr.com.apple.provenance'
tar: Ignoring unknown extended header keyword 'LIBARCHIVE.xattr.com.apple.provenance'
htv-landing/ultima-ng/assets/images/frontend-pages/icon-apexchart.svg
htv-landing/ultima-ng/assets/images/frontend-pages/._blog-detail-banner.jpg
tar: Ignoring unknown extended header keyword 'LIBARCHIVE.xattr.com.apple.provenance'
htv-landing/ultima-ng/assets/images/frontend-pages/blog-detail-banner.jpg
htv-landing/ultima-ng/assets/images/frontend-pages/._screenshot-1.png
htv-landing/ultima-ng/assets/images/frontend-pages/screenshot-1.png
tar: Ignoring unknown extended header keyword 'LIBARCHIVE.xattr.com.apple.provenance'
tar: Ignoring unknown extended header keyword 'LIBARCHIVE.xattr.com.apple.provenance'
htv-landing/ultima-ng/assets/images/frontend-pages/._blog-3.jpg
tar: Ignoring unknown extended header keyword 'LIBARCHIVE.xattr.com.apple.provenance'
htv-landing/ultima-ng/assets/images/frontend-pages/blog-3.jpg
htv-landing/ultima-ng/assets/images/frontend-pages/._typescript-icon.svg
htv-landing/ultima-ng/assets/images/frontend-pages/typescript-icon.svg
htv-landing/ultima-ng/assets/images/frontend-pages/._topbar-bg.png
tar: Ignoring unknown extended header keyword 'LIBARCHIVE.xattr.com.apple.provenance'
htv-landing/ultima-ng/assets/images/frontend-pages/topbar-bg.png
htv-landing/ultima-ng/assets/images/frontend-pages/._blog-2.jpg
htv-landing/ultima-ng/assets/images/frontend-pages/blog-2.jpg
htv-landing/ultima-ng/assets/images/frontend-pages/._icon-wave.svg
tar: Ignoring unknown extended header keyword 'LIBARCHIVE.xattr.com.apple.provenance'
tar: Ignoring unknown extended header keyword 'LIBARCHIVE.xattr.com.apple.provenance'
tar: Ignoring unknown extended header keyword 'LIBARCHIVE.xattr.com.apple.provenance'
htv-landing/ultima-ng/assets/images/frontend-pages/icon-wave.svg
htv-landing/ultima-ng/assets/images/frontend-pages/._jcb.png
htv-landing/ultima-ng/assets/images/frontend-pages/jcb.png
htv-landing/ultima-ng/assets/images/frontend-pages/._morgan.jpg
tar: Ignoring unknown extended header keyword 'LIBARCHIVE.xattr.com.apple.provenance'
tar: Ignoring unknown extended header keyword 'LIBARCHIVE.xattr.com.apple.provenance'htv-landing/ultima-ng/assets/images/frontend-pages/morgan.jpg
htv-landing/ultima-ng/assets/images/frontend-pages/._dinersclub.png
htv-landing/ultima-ng/assets/images/frontend-pages/dinersclub.png

tar: Ignoring unknown extended header keyword 'LIBARCHIVE.xattr.com.apple.provenance'
htv-landing/ultima-ng/assets/images/frontend-pages/._icon-figma.svg
htv-landing/ultima-ng/assets/images/frontend-pages/icon-figma.svg
htv-landing/ultima-ng/assets/images/frontend-pages/._mui-icon.svg
tar: Ignoring unknown extended header keyword 'LIBARCHIVE.xattr.com.apple.provenance'
tar: Ignoring unknown extended header keyword 'LIBARCHIVE.xattr.com.apple.provenance'
htv-landing/ultima-ng/assets/images/frontend-pages/mui-icon.svg
htv-landing/ultima-ng/assets/images/frontend-pages/._redux-icon.svg
htv-landing/ultima-ng/assets/images/frontend-pages/redux-icon.svg
htv-landing/ultima-ng/assets/images/frontend-pages/._icon-youtube-dark.svg
tar: Ignoring unknown extended header keyword 'LIBARCHIVE.xattr.com.apple.provenance'
tar: htv-landing/ultima-ng/assets/images/frontend-pages/icon-youtube-dark.svg
htv-landing/ultima-ng/assets/images/frontend-pages/._mastercard.png
htv-landing/ultima-ng/assets/images/frontend-pages/mastercard.png
htv-landing/ultima-ng/assets/images/frontend-pages/._paypal.png
Ignoring unknown extended header keyword 'LIBARCHIVE.xattr.com.apple.provenance'
tar: Ignoring unknown extended header keyword 'LIBARCHIVE.xattr.com.apple.provenance'
tar: Ignoring unknown extended header keyword 'LIBARCHIVE.xattr.com.apple.provenance'
htv-landing/ultima-ng/assets/images/frontend-pages/paypal.png
htv-landing/ultima-ng/assets/images/frontend-pages/._jordan.jpg
htv-landing/ultima-ng/assets/images/frontend-pages/jordan.jpg
tar: Ignoring unknown extended header keyword 'LIBARCHIVE.xattr.com.apple.provenance'
htv-landing/ultima-ng/assets/images/frontend-pages/._icon-facebook-dark.svg
htv-landing/ultima-ng/assets/images/frontend-pages/icon-facebook-dark.svg
htv-landing/ultima-ng/assets/images/frontend-pages/._icon-infosys.svg
tar: Ignoring unknown extended header keyword 'LIBARCHIVE.xattr.com.apple.provenance'
tar: htv-landing/ultima-ng/assets/images/frontend-pages/icon-infosys.svg
htv-landing/ultima-ng/assets/images/frontend-pages/._icon-capgemini.svg
htv-landing/ultima-ng/assets/images/frontend-pages/icon-capgemini.svg
htv-landing/ultima-ng/assets/images/svgs/._caret-down.svg
Ignoring unknown extended header keyword 'LIBARCHIVE.xattr.com.apple.provenance'
tar: Ignoring unknown extended header keyword 'LIBARCHIVE.xattr.com.apple.provenance'
tar: Ignoring unknown extended header keyword 'LIBARCHIVE.xattr.com.apple.provenance'
htv-landing/ultima-ng/assets/images/svgs/caret-down.svg
htv-landing/ultima-ng/assets/images/svgs/._icon-instagram.svg
htv-landing/ultima-ng/assets/images/svgs/icon-instagram.svg
htv-landing/ultima-ng/assets/images/svgs/._icon-mail.svg
tar: Ignoring unknown extended header keyword 'LIBARCHIVE.xattr.com.apple.provenance'
htv-landing/ultima-ng/assets/images/svgs/icon-mail.svg
htv-landing/ultima-ng/assets/images/svgs/._icon-phone.svg
htv-landing/ultima-ng/assets/images/svgs/icon-phone.svg
tar: Ignoring unknown extended header keyword 'LIBARCHIVE.xattr.com.apple.provenance'
tar: Ignoring unknown extended header keyword 'LIBARCHIVE.xattr.com.apple.provenance'
htv-landing/ultima-ng/assets/images/svgs/._icon-circle-x.svg
htv-landing/ultima-ng/assets/images/svgs/icon-circle-x.svg
htv-landing/ultima-ng/assets/images/svgs/._icon-pie.svg
htv-landing/ultima-ng/assets/images/svgs/icon-pie.svg
htv-landing/ultima-ng/assets/images/svgs/._icon-shapes.svg
tar: Ignoring unknown extended header keyword 'LIBARCHIVE.xattr.com.apple.provenance'
tar: Ignoring unknown extended header keyword 'LIBARCHIVE.xattr.com.apple.provenance'
tar: Ignoring unknown extended header keyword 'LIBARCHIVE.xattr.com.apple.provenance'
htv-landing/ultima-ng/assets/images/svgs/icon-shapes.svg
htv-landing/ultima-ng/assets/images/svgs/._icon-circle-check.svg
htv-landing/ultima-ng/assets/images/svgs/icon-circle-check.svg
htv-landing/ultima-ng/assets/images/svgs/._icon-master-card.svg
htv-landing/ultima-ng/assets/images/svgs/icon-master-card.svg
htv-landing/ultima-ng/assets/images/svgs/._icon-facebook.svg
tar: Ignoring unknown extended header keyword 'LIBARCHIVE.xattr.com.apple.provenance'
tar: Ignoring unknown extended header keyword 'LIBARCHIVE.xattr.com.apple.provenance'
tar: htv-landing/ultima-ng/assets/images/svgs/icon-facebook.svg
htv-landing/ultima-ng/assets/images/svgs/._facebook-icon.svg
htv-landing/ultima-ng/assets/images/svgs/facebook-icon.svg
htv-landing/ultima-ng/assets/images/svgs/._note.svg
htv-landing/ultima-ng/assets/images/svgs/note.svg
htv-landing/ultima-ng/assets/images/svgs/._tag-user.svg
htv-landing/ultima-ng/assets/images/svgs/tag-user.svg
htv-landing/ultima-ng/assets/images/svgs/._teacher.svg
Ignoring unknown extended header keyword 'LIBARCHIVE.xattr.com.apple.provenance'
tar: Ignoring unknown extended header keyword 'LIBARCHIVE.xattr.com.apple.provenance'
tar: Ignoring unknown extended header keyword 'LIBARCHIVE.xattr.com.apple.provenance'
tar: Ignoring unknown extended header keyword 'LIBARCHIVE.xattr.com.apple.provenance'
htv-landing/ultima-ng/assets/images/svgs/teacher.svg
htv-landing/ultima-ng/assets/images/svgs/._icon-bubble.svg
htv-landing/ultima-ng/assets/images/svgs/icon-bubble.svg
htv-landing/ultima-ng/assets/images/svgs/._warning.svg
htv-landing/ultima-ng/assets/images/svgs/warning.svg
htv-landing/ultima-ng/assets/images/svgs/._icon-office-bag.svg
htv-landing/ultima-ng/assets/images/svgs/icon-office-bag.svg
htv-landing/ultima-ng/assets/images/svgs/._icon-store.svg
htv-landing/ultima-ng/assets/images/svgs/icon-store.svg
htv-landing/ultima-ng/assets/images/svgs/._icon-map-pin.svg
htv-landing/ultima-ng/assets/images/svgs/icon-map-pin.svg
htv-landing/ultima-ng/assets/images/svgs/._icon-twitter.svg
htv-landing/ultima-ng/assets/images/svgs/icon-twitter.svg
htv-landing/ultima-ng/assets/images/svgs/._paypal.svg
tar: Ignoring unknown extended header keyword 'LIBARCHIVE.xattr.com.apple.provenance'
tar: Ignoring unknown extended header keyword 'LIBARCHIVE.xattr.com.apple.provenance'
tar: Ignoring unknown extended header keyword 'LIBARCHIVE.xattr.com.apple.provenance'
tar: Ignoring unknown extended header keyword 'LIBARCHIVE.xattr.com.apple.provenance'
tar: Ignoring unknown extended header keyword 'LIBARCHIVE.xattr.com.apple.provenance'
tar: Ignoring unknown extended header keyword 'LIBARCHIVE.xattr.com.apple.provenance'
tar: Ignoring unknown extended header keyword 'LIBARCHIVE.xattr.com.apple.provenance'
tar: Ignoring unknown extended header keyword 'LIBARCHIVE.xattr.com.apple.provenance'htv-landing/ultima-ng/assets/images/svgs/paypal.svg
htv-landing/ultima-ng/assets/images/svgs/._icon-master-card-2.svg

tar: Ignoring unknown extended header keyword 'LIBARCHIVE.xattr.com.apple.provenance'
htv-landing/ultima-ng/assets/images/svgs/icon-master-card-2.svg
htv-landing/ultima-ng/assets/images/svgs/._mastercard.svg
htv-landing/ultima-ng/assets/images/svgs/mastercard.svg
htv-landing/ultima-ng/assets/images/svgs/._icon-screen-share.svg
htv-landing/ultima-ng/assets/images/svgs/icon-screen-share.svg
htv-landing/ultima-ng/assets/images/svgs/._danger.svg
htv-landing/ultima-ng/assets/images/svgs/danger.svg
htv-landing/ultima-ng/assets/images/svgs/._icon-wave.svg
htv-landing/ultima-ng/assets/images/svgs/icon-wave.svg
htv-landing/ultima-ng/assets/images/svgs/._success.svg
htv-landing/ultima-ng/assets/images/svgs/success.svg
htv-landing/ultima-ng/assets/images/svgs/._icon-paypal.svg
htv-landing/ultima-ng/assets/images/svgs/icon-paypal.svg
htv-landing/ultima-ng/assets/images/svgs/._google-icon.svg
tar: Ignoring unknown extended header keyword 'LIBARCHIVE.xattr.com.apple.provenance'
tar: Ignoring unknown extended header keyword 'LIBARCHIVE.xattr.com.apple.provenance'
tar: Ignoring unknown extended header keyword 'LIBARCHIVE.xattr.com.apple.provenance'
tar: Ignoring unknown extended header keyword 'LIBARCHIVE.xattr.com.apple.provenance'
tar: Ignoring unknown extended header keyword 'LIBARCHIVE.xattr.com.apple.provenance'
tar: Ignoring unknown extended header keyword 'LIBARCHIVE.xattr.com.apple.provenance'
tar: Ignoring unknown extended header keyword 'LIBARCHIVE.xattr.com.apple.provenance'htv-landing/ultima-ng/assets/images/svgs/google-icon.svg
htv-landing/ultima-ng/assets/images/svgs/._calendar.svg
htv-landing/ultima-ng/assets/images/svgs/calendar.svg
htv-landing/ultima-ng/assets/images/svgs/._icon-database.svg
htv-landing/ultima-ng/assets/images/svgs/icon-database.svg
htv-landing/ultima-ng/assets/images/svgs/._screenmirroring.svg
htv-landing/ultima-ng/assets/images/svgs/screenmirroring.svg
htv-landing/ultima-ng/assets/images/svgs/._icon-star.svg
htv-landing/ultima-ng/assets/images/svgs/icon-star.svg
htv-landing/ultima-ng/assets/images/blog/._blog-img9.jpg
htv-landing/ultima-ng/assets/images/blog/blog-img9.jpg
htv-landing/ultima-ng/assets/images/blog/._blog-img8.jpg
htv-landing/ultima-ng/assets/images/blog/blog-img8.jpg
htv-landing/ultima-ng/assets/images/blog/._blog-img11.jpg

tar: Ignoring unknown extended header keyword 'LIBARCHIVE.xattr.com.apple.provenance'
tar: Ignoring unknown extended header keyword 'LIBARCHIVE.xattr.com.apple.provenance'
tar: Ignoring unknown extended header keyword 'LIBARCHIVE.xattr.com.apple.provenance'
tar: Ignoring unknown extended header keyword 'LIBARCHIVE.xattr.com.apple.provenance'
tar: Ignoring unknown extended header keyword 'LIBARCHIVE.xattr.com.apple.provenance'
tar: Ignoring unknown extended header keyword 'LIBARCHIVE.xattr.com.apple.provenance'
tar: htv-landing/ultima-ng/assets/images/blog/blog-img11.jpg
htv-landing/ultima-ng/assets/images/blog/._blog-img10.jpg
htv-landing/ultima-ng/assets/images/blog/blog-img10.jpg
htv-landing/ultima-ng/assets/images/blog/._blog-img1.jpg
htv-landing/ultima-ng/assets/images/blog/blog-img1.jpg
htv-landing/ultima-ng/assets/images/blog/._blog-img3.jpg
htv-landing/ultima-ng/assets/images/blog/blog-img3.jpg
htv-landing/ultima-ng/assets/images/blog/._blog-img2.jpg
htv-landing/ultima-ng/assets/images/blog/blog-img2.jpg
htv-landing/ultima-ng/assets/images/blog/._blog-img6.jpg
htv-landing/ultima-ng/assets/images/blog/blog-img6.jpg
htv-landing/ultima-ng/assets/images/blog/._blog-img7.jpg
htv-landing/ultima-ng/assets/images/blog/blog-img7.jpg
htv-landing/ultima-ng/assets/images/blog/._blog-img5.jpg
htv-landing/ultima-ng/assets/images/blog/blog-img5.jpg
htv-landing/ultima-ng/assets/images/blog/._blog-img4.jpg
htv-landing/ultima-ng/assets/images/blog/blog-img4.jpg
htv-landing/ultima-ng/assets/images/shapes/._shape-2.svg
htv-landing/ultima-ng/assets/images/shapes/shape-2.svg
htv-landing/ultima-ng/assets/images/shapes/._shape-1.svg
Ignoring unknown extended header keyword 'LIBARCHIVE.xattr.com.apple.provenance'
tar: Ignoring unknown extended header keyword 'LIBARCHIVE.xattr.com.apple.provenance'
tar: Ignoring unknown extended header keyword 'LIBARCHIVE.xattr.com.apple.provenance'
tar: Ignoring unknown extended header keyword 'LIBARCHIVE.xattr.com.apple.provenance'
tar: Ignoring unknown extended header keyword 'LIBARCHIVE.xattr.com.apple.provenance'
tar: Ignoring unknown extended header keyword 'LIBARCHIVE.xattr.com.apple.provenance'
tar: Ignoring unknown extended header keyword 'LIBARCHIVE.xattr.com.apple.provenance'
tar: Ignoring unknown extended header keyword 'LIBARCHIVE.xattr.com.apple.provenance'
tar: Ignoring unknown extended header keyword 'LIBARCHIVE.xattr.com.apple.provenance'
tar: Ignoring unknown extended header keyword 'LIBARCHIVE.xattr.com.apple.provenance'
tar: Ignoring unknown extended header keyword 'LIBARCHIVE.xattr.com.apple.provenance'
htv-landing/ultima-ng/assets/images/shapes/shape-1.svg
htv-landing/ultima-ng/assets/images/slider/._slider-group.png
htv-landing/ultima-ng/assets/images/slider/slider-group.png
htv-landing/ultima-ng/assets/images/logos/._logo-icon-white.svg
htv-landing/ultima-ng/assets/images/logos/logo-icon-white.svg
htv-landing/ultima-ng/assets/images/logos/._logo-icon.svg
tar: Ignoring unknown extended header keyword 'LIBARCHIVE.xattr.com.apple.provenance'
tar: Ignoring unknown extended header keyword 'LIBARCHIVE.xattr.com.apple.provenance'
tar: htv-landing/ultima-ng/assets/images/logos/logo-icon.svg
htv-landing/ultima-ng/assets/images/logos/._base_center.svg
htv-landing/ultima-ng/assets/images/logos/base_center.svg
Ignoring unknown extended header keyword 'LIBARCHIVE.xattr.com.apple.provenance'
tar: Ignoring unknown extended header keyword 'LIBARCHIVE.xattr.com.apple.provenance'
htv-landing/ultima-ng/assets/images/logos/._logotipo-white.png
htv-landing/ultima-ng/assets/images/logos/logotipo-white.png
htv-landing/ultima-ng/assets/images/logos/._base_start.svg
htv-landing/ultima-ng/assets/images/logos/base_start.svg
tar: Ignoring unknown extended header keyword 'LIBARCHIVE.xattr.com.apple.provenance'
tar: Ignoring unknown extended header keyword 'LIBARCHIVE.xattr.com.apple.provenance'
htv-landing/ultima-ng/assets/images/logos/._favicon.png
tar: Ignoring unknown extended header keyword 'LIBARCHIVE.xattr.com.apple.provenance'
htv-landing/ultima-ng/assets/images/logos/favicon.png
htv-landing/ultima-ng/assets/images/logos/._isotipo-white.png
htv-landing/ultima-ng/assets/images/logos/isotipo-white.png
htv-landing/ultima-ng/assets/images/logos/._logo.svg
htv-landing/ultima-ng/assets/images/logos/logo.svg
tar: Ignoring unknown extended header keyword 'LIBARCHIVE.xattr.com.apple.provenance'
tar: Ignoring unknown extended header keyword 'LIBARCHIVE.xattr.com.apple.provenance'
htv-landing/ultima-ng/assets/images/logos/._white-logo.svg
htv-landing/ultima-ng/assets/images/logos/white-logo.svg
htv-landing/ultima-ng/assets/images/Programas/._talentos.png
tar: Ignoring unknown extended header keyword 'LIBARCHIVE.xattr.com.apple.provenance'
tar: Ignoring unknown extended header keyword 'LIBARCHIVE.xattr.com.apple.provenance'
htv-landing/ultima-ng/assets/images/Programas/talentos.png
htv-landing/ultima-ng/assets/images/Programas/._Marketing.png
htv-landing/ultima-ng/assets/images/Programas/Marketing.png
tar: Ignoring unknown extended header keyword 'LIBARCHIVE.xattr.com.apple.provenance'
htv-landing/ultima-ng/assets/images/Programas/._money.png
htv-landing/ultima-ng/assets/images/Programas/money.png
tar: Ignoring unknown extended header keyword 'LIBARCHIVE.xattr.com.apple.provenance'
htv-landing/ultima-ng/assets/images/Programas/._programa3.jpg
htv-landing/ultima-ng/assets/images/Programas/programa3.jpg
tar: Ignoring unknown extended header keyword 'LIBARCHIVE.xattr.com.apple.provenance'
htv-landing/ultima-ng/assets/images/Programas/._programa2.png
htv-landing/ultima-ng/assets/images/Programas/programa2.png
htv-landing/ultima-ng/assets/images/Programas/._innovando.png
tar: Ignoring unknown extended header keyword 'LIBARCHIVE.xattr.com.apple.provenance'
tar: Ignoring unknown extended header keyword 'LIBARCHIVE.xattr.com.apple.provenance'htv-landing/ultima-ng/assets/images/Programas/innovando.png

htv-landing/ultima-ng/assets/images/Programas/._programa1.png
htv-landing/ultima-ng/assets/images/Programas/programa1.png
tar: Ignoring unknown extended header keyword 'LIBARCHIVE.xattr.com.apple.provenance'
htv-landing/ultima-ng/assets/images/Programas/._Programa4.jpg
htv-landing/ultima-ng/assets/images/Programas/Programa4.jpg
tar: Ignoring unknown extended header keyword 'LIBARCHIVE.xattr.com.apple.provenance'
htv-landing/ultima-ng/assets/images/alert/._model3.png
htv-landing/ultima-ng/assets/images/alert/model3.png
htv-landing/ultima-ng/assets/images/alert/._model2.png
tar: Ignoring unknown extended header keyword 'LIBARCHIVE.xattr.com.apple.provenance'
tar: htv-landing/ultima-ng/assets/images/alert/model2.png
htv-landing/ultima-ng/assets/images/alert/._alert6.png
htv-landing/ultima-ng/assets/images/alert/alert6.png
htv-landing/ultima-ng/assets/images/alert/._alert7.png
htv-landing/ultima-ng/assets/images/alert/alert7.png
htv-landing/ultima-ng/assets/images/alert/._alert5.png
Ignoring unknown extended header keyword 'LIBARCHIVE.xattr.com.apple.provenance'
tar: Ignoring unknown extended header keyword 'LIBARCHIVE.xattr.com.apple.provenance'
tar: Ignoring unknown extended header keyword 'LIBARCHIVE.xattr.com.apple.provenance'
tar: Ignoring unknown extended header keyword 'LIBARCHIVE.xattr.com.apple.provenance'
htv-landing/ultima-ng/assets/images/alert/alert5.png
htv-landing/ultima-ng/assets/images/alert/._alert4.png
htv-landing/ultima-ng/assets/images/alert/alert4.png
htv-landing/ultima-ng/assets/images/alert/._alert.png
tar: Ignoring unknown extended header keyword 'LIBARCHIVE.xattr.com.apple.provenance'
tar: htv-landing/ultima-ng/assets/images/alert/alert.png
htv-landing/ultima-ng/assets/images/alert/._model.png
htv-landing/ultima-ng/assets/images/alert/model.png
Ignoring unknown extended header keyword 'LIBARCHIVE.xattr.com.apple.provenance'
tar: Ignoring unknown extended header keyword 'LIBARCHIVE.xattr.com.apple.provenance'
htv-landing/ultima-ng/assets/images/alert/._alert3.png
htv-landing/ultima-ng/assets/images/alert/alert3.png
htv-landing/ultima-ng/assets/images/alert/._alert2.png
tar: Ignoring unknown extended header keyword 'LIBARCHIVE.xattr.com.apple.provenance'
tar: Ignoring unknown extended header keyword 'LIBARCHIVE.xattr.com.apple.provenance'htv-landing/ultima-ng/assets/images/alert/alert2.png
htv-landing/ultima-ng/assets/images/hero-img/._bannerimg1.png
htv-landing/ultima-ng/assets/images/hero-img/bannerimg1.png

tar: Ignoring unknown extended header keyword 'LIBARCHIVE.xattr.com.apple.provenance'
htv-landing/ultima-ng/assets/images/hero-img/._bannerimg2.png
tar: Ignoring unknown extended header keyword 'LIBARCHIVE.xattr.com.apple.provenance'
htv-landing/ultima-ng/assets/images/hero-img/bannerimg2.png
htv-landing/ultima-ng/assets/images/chat/._icon-zip-folder.svg
htv-landing/ultima-ng/assets/images/chat/icon-zip-folder.svg
tar: Ignoring unknown extended header keyword 'LIBARCHIVE.xattr.com.apple.provenance'
htv-landing/ultima-ng/assets/images/chat/._icon-javascript.svg
htv-landing/ultima-ng/assets/images/chat/icon-javascript.svg
htv-landing/ultima-ng/assets/images/chat/._icon-chrome.svg
tar: Ignoring unknown extended header keyword 'LIBARCHIVE.xattr.com.apple.provenance'
htv-landing/ultima-ng/assets/images/chat/icon-chrome.svg
tar: Ignoring unknown extended header keyword 'LIBARCHIVE.xattr.com.apple.provenance'
htv-landing/ultima-ng/assets/images/chat/._icon-figma.svg
htv-landing/ultima-ng/assets/images/chat/icon-figma.svg
htv-landing/ultima-ng/assets/images/chat/._icon-adobe.svg
tar: Ignoring unknown extended header keyword 'LIBARCHIVE.xattr.com.apple.provenance'
htv-landing/ultima-ng/assets/images/chat/icon-adobe.svg
htv-landing/ultima-ng/assets/images/products/._payment.svg
htv-landing/ultima-ng/assets/images/products/payment.svg
htv-landing/ultima-ng/assets/images/products/._product-3.jpg
htv-landing/ultima-ng/assets/images/products/product-3.jpg
htv-landing/ultima-ng/assets/images/products/._product-2.jpg
tar: Ignoring unknown extended header keyword 'LIBARCHIVE.xattr.com.apple.provenance'
tar: Ignoring unknown extended header keyword 'LIBARCHIVE.xattr.com.apple.provenance'
tar: Ignoring unknown extended header keyword 'LIBARCHIVE.xattr.com.apple.provenance'
htv-landing/ultima-ng/assets/images/products/product-2.jpg
htv-landing/ultima-ng/assets/images/products/._product-1.jpg
htv-landing/ultima-ng/assets/images/products/product-1.jpg
htv-landing/ultima-ng/assets/images/products/._dash-prd-4.jpg
htv-landing/ultima-ng/assets/images/products/dash-prd-4.jpg
htv-landing/ultima-ng/assets/images/products/._product-4.jpg
htv-landing/ultima-ng/assets/images/products/product-4.jpg
htv-landing/ultima-ng/assets/images/products/._dash-prd-1.jpg
htv-landing/ultima-ng/assets/images/products/dash-prd-1.jpg
tar: Ignoring unknown extended header keyword 'LIBARCHIVE.xattr.com.apple.provenance'
tar: Ignoring unknown extended header keyword 'LIBARCHIVE.xattr.com.apple.provenance'
tar: Ignoring unknown extended header keyword 'LIBARCHIVE.xattr.com.apple.provenance'
tar: Ignoring unknown extended header keyword 'LIBARCHIVE.xattr.com.apple.provenance'
tar: Ignoring unknown extended header keyword 'LIBARCHIVE.xattr.com.apple.provenance'
htv-landing/ultima-ng/assets/images/products/._dash-prd-3.jpg
htv-landing/ultima-ng/assets/images/products/dash-prd-3.jpg
htv-landing/ultima-ng/assets/images/products/._dash-prd-2.jpg
htv-landing/ultima-ng/assets/images/products/dash-prd-2.jpg
htv-landing/ultima-ng/assets/images/products/._s6.jpg
htv-landing/ultima-ng/assets/images/products/s6.jpg
htv-landing/ultima-ng/assets/images/products/._s7.jpg
htv-landing/ultima-ng/assets/images/products/s7.jpg
htv-landing/ultima-ng/assets/images/products/._s12.jpg
tar: Ignoring unknown extended header keyword 'LIBARCHIVE.xattr.com.apple.provenance'
tar: Ignoring unknown extended header keyword 'LIBARCHIVE.xattr.com.apple.provenance'
tar: Ignoring unknown extended header keyword 'LIBARCHIVE.xattr.com.apple.provenance'
tar: Ignoring unknown extended header keyword 'LIBARCHIVE.xattr.com.apple.provenance'
tar: htv-landing/ultima-ng/assets/images/products/s12.jpg
htv-landing/ultima-ng/assets/images/products/._s10.jpg
Ignoring unknown extended header keyword 'LIBARCHIVE.xattr.com.apple.provenance'
tar: htv-landing/ultima-ng/assets/images/products/s10.jpg
htv-landing/ultima-ng/assets/images/products/._s5.jpg
htv-landing/ultima-ng/assets/images/products/s5.jpg
htv-landing/ultima-ng/assets/images/products/._s4.jpg
Ignoring unknown extended header keyword 'LIBARCHIVE.xattr.com.apple.provenance'
tar: Ignoring unknown extended header keyword 'LIBARCHIVE.xattr.com.apple.provenance'
tar: Ignoring unknown extended header keyword 'LIBARCHIVE.xattr.com.apple.provenance'htv-landing/ultima-ng/assets/images/products/s4.jpg
htv-landing/ultima-ng/assets/images/products/._s11.jpg
htv-landing/ultima-ng/assets/images/products/s11.jpg
htv-landing/ultima-ng/assets/images/products/._s1.jpg

tar: Ignoring unknown extended header keyword 'LIBARCHIVE.xattr.com.apple.provenance'
tar: htv-landing/ultima-ng/assets/images/products/s1.jpg
htv-landing/ultima-ng/assets/images/products/._s3.jpg
Ignoring unknown extended header keyword 'LIBARCHIVE.xattr.com.apple.provenance'
htv-landing/ultima-ng/assets/images/products/s3.jpg
htv-landing/ultima-ng/assets/images/products/._s2.jpg
htv-landing/ultima-ng/assets/images/products/s2.jpg
htv-landing/ultima-ng/assets/images/products/._s9.jpg
tar: Ignoring unknown extended header keyword 'LIBARCHIVE.xattr.com.apple.provenance'
tar: Ignoring unknown extended header keyword 'LIBARCHIVE.xattr.com.apple.provenance'
tar: Ignoring unknown extended header keyword 'LIBARCHIVE.xattr.com.apple.provenance'htv-landing/ultima-ng/assets/images/products/s9.jpg
htv-landing/ultima-ng/assets/images/products/._s8.jpg
htv-landing/ultima-ng/assets/images/products/s8.jpg
htv-landing/ultima-ng/assets/images/products/._payment-complete.svg

tar: Ignoring unknown extended header keyword 'LIBARCHIVE.xattr.com.apple.provenance'
tar: htv-landing/ultima-ng/assets/images/products/payment-complete.svg
htv-landing/ultima-ng/assets/images/products/._empty-shopping-bag.gif
htv-landing/ultima-ng/assets/images/products/empty-shopping-bag.gif
Ignoring unknown extended header keyword 'LIBARCHIVE.xattr.com.apple.provenance'
tar: Ignoring unknown extended header keyword 'LIBARCHIVE.xattr.com.apple.provenance'
htv-landing/ultima-ng/assets/images/rating/._star-half.png
htv-landing/ultima-ng/assets/images/rating/star-half.png
htv-landing/ultima-ng/assets/images/rating/._star-off.png
htv-landing/ultima-ng/assets/images/rating/star-off.png
tar: Ignoring unknown extended header keyword 'LIBARCHIVE.xattr.com.apple.provenance'
tar: Ignoring unknown extended header keyword 'LIBARCHIVE.xattr.com.apple.provenance'
htv-landing/ultima-ng/assets/images/rating/._like.png
htv-landing/ultima-ng/assets/images/rating/like.png
htv-landing/ultima-ng/assets/images/rating/._heart.png
htv-landing/ultima-ng/assets/images/rating/heart.png
htv-landing/ultima-ng/assets/images/rating/._cancel-on.png
htv-landing/ultima-ng/assets/images/rating/cancel-on.png
htv-landing/ultima-ng/assets/images/rating/._star-on.png
tar: Ignoring unknown extended header keyword 'LIBARCHIVE.xattr.com.apple.provenance'
tar: Ignoring unknown extended header keyword 'LIBARCHIVE.xattr.com.apple.provenance'
tar: Ignoring unknown extended header keyword 'LIBARCHIVE.xattr.com.apple.provenance'
tar: Ignoring unknown extended header keyword 'LIBARCHIVE.xattr.com.apple.provenance'htv-landing/ultima-ng/assets/images/rating/star-on.png
htv-landing/ultima-ng/assets/images/rating/._cancel-off.png

tar: Ignoring unknown extended header keyword 'LIBARCHIVE.xattr.com.apple.provenance'htv-landing/ultima-ng/assets/images/rating/cancel-off.png
htv-landing/ultima-ng/assets/images/rating/._star-half-mono.png
htv-landing/ultima-ng/assets/images/rating/star-half-mono.png
htv-landing/ultima-ng/assets/images/flag/._icon-flag-sa.svg
htv-landing/ultima-ng/assets/images/flag/icon-flag-sa.svg
htv-landing/ultima-ng/assets/images/flag/._icon-flag-en.svg

tar: Ignoring unknown extended header keyword 'LIBARCHIVE.xattr.com.apple.provenance'
tar: Ignoring unknown extended header keyword 'LIBARCHIVE.xattr.com.apple.provenance'
tar: htv-landing/ultima-ng/assets/images/flag/icon-flag-en.svg
htv-landing/ultima-ng/assets/images/flag/._icon-flag-fr.svg
htv-landing/ultima-ng/assets/images/flag/icon-flag-fr.svg
htv-landing/ultima-ng/assets/images/flag/._icon-flag-cn.svg
htv-landing/ultima-ng/assets/images/flag/icon-flag-cn.svg
htv-landing/ultima-ng/assets/images/carrousel/._CapacitacionImage.png
htv-landing/ultima-ng/assets/images/carrousel/CapacitacionImage.png
htv-landing/ultima-ng/assets/images/carrousel/._MentorImage.png
htv-landing/ultima-ng/assets/images/carrousel/MentorImage.png
Ignoring unknown extended header keyword 'LIBARCHIVE.xattr.com.apple.provenance'
tar: Ignoring unknown extended header keyword 'LIBARCHIVE.xattr.com.apple.provenance'
tar: Ignoring unknown extended header keyword 'LIBARCHIVE.xattr.com.apple.provenance'
tar: Ignoring unknown extended header keyword 'LIBARCHIVE.xattr.com.apple.provenance'
tar: Ignoring unknown extended header keyword 'LIBARCHIVE.xattr.com.apple.provenance'
htv-landing/ultima-ng/assets/images/carrousel/._ComunidadImage.png
tar: Ignoring unknown extended header keyword 'LIBARCHIVE.xattr.com.apple.provenance'
htv-landing/ultima-ng/assets/images/carrousel/ComunidadImage.png
htv-landing/ultima-ng/assets/images/carrousel/._shape1.svg
htv-landing/ultima-ng/assets/images/carrousel/shape1.svg
htv-landing/ultima-ng/assets/images/carrousel/._EventoImage.png
htv-landing/ultima-ng/assets/images/carrousel/EventoImage.png
tar: Ignoring unknown extended header keyword 'LIBARCHIVE.xattr.com.apple.provenance'
tar: Ignoring unknown extended header keyword 'LIBARCHIVE.xattr.com.apple.provenance'
htv-landing/ultima-ng/assets/images/carrousel/._StartupImage.png
htv-landing/ultima-ng/assets/images/carrousel/StartupImage.png
tar: Ignoring unknown extended header keyword 'LIBARCHIVE.xattr.com.apple.provenance'
htv-landing/ultima-ng/assets/demo/._flags
tar: htv-landing/ultima-ng/assets/demo/flags/
htv-landing/ultima-ng/assets/demo/._images
htv-landing/ultima-ng/assets/demo/images/
htv-landing/ultima-ng/assets/demo/._data
Ignoring unknown extended header keyword 'LIBARCHIVE.xattr.com.apple.provenance'
tar: Ignoring unknown extended header keyword 'LIBARCHIVE.xattr.com.apple.provenance'
tar: Ignoring unknown extended header keyword 'LIBARCHIVE.xattr.com.apple.provenance'htv-landing/ultima-ng/assets/demo/data/
htv-landing/ultima-ng/assets/demo/data/._products-small.json
htv-landing/ultima-ng/assets/demo/data/products-small.json
htv-landing/ultima-ng/assets/demo/data/._icons.json
htv-landing/ultima-ng/assets/demo/data/icons.json
htv-landing/ultima-ng/assets/demo/data/._files-lazy.json
htv-landing/ultima-ng/assets/demo/data/files-lazy.json
htv-landing/ultima-ng/assets/demo/data/._scheduleevents.json
htv-landing/ultima-ng/assets/demo/data/scheduleevents.json
htv-landing/ultima-ng/assets/demo/data/._countries.json
htv-landing/ultima-ng/assets/demo/data/countries.json
htv-landing/ultima-ng/assets/demo/data/._products-mixed.json
htv-landing/ultima-ng/assets/demo/data/products-mixed.json
htv-landing/ultima-ng/assets/demo/data/._photos.json

tar: Ignoring unknown extended header keyword 'LIBARCHIVE.xattr.com.apple.provenance'
tar: Ignoring unknown extended header keyword 'LIBARCHIVE.xattr.com.apple.provenance'
tar: Ignoring unknown extended header keyword 'LIBARCHIVE.xattr.com.apple.provenance'
tar: Ignoring unknown extended header keyword 'LIBARCHIVE.xattr.com.apple.provenance'
tar: Ignoring unknown extended header keyword 'LIBARCHIVE.xattr.com.apple.provenance'
tar: Ignoring unknown extended header keyword 'LIBARCHIVE.xattr.com.apple.provenance'
tar: Ignoring unknown extended header keyword 'LIBARCHIVE.xattr.com.apple.provenance'
htv-landing/ultima-ng/assets/demo/data/photos.json
htv-landing/ultima-ng/assets/demo/data/._files.json
htv-landing/ultima-ng/assets/demo/data/files.json
htv-landing/ultima-ng/assets/demo/data/._filesystem-lazy.json
htv-landing/ultima-ng/assets/demo/data/filesystem-lazy.json
htv-landing/ultima-ng/assets/demo/data/._customers-medium.json
tar: Ignoring unknown extended header keyword 'LIBARCHIVE.xattr.com.apple.provenance'
tar: Ignoring unknown extended header keyword 'LIBARCHIVE.xattr.com.apple.provenance'
tar: Ignoring unknown extended header keyword 'LIBARCHIVE.xattr.com.apple.provenance'
htv-landing/ultima-ng/assets/demo/data/customers-medium.json
htv-landing/ultima-ng/assets/demo/data/._products.json
htv-landing/ultima-ng/assets/demo/data/products.json
htv-landing/ultima-ng/assets/demo/data/._customers-large.json
htv-landing/ultima-ng/assets/demo/data/customers-large.json
tar: Ignoring unknown extended header keyword 'LIBARCHIVE.xattr.com.apple.provenance'
tar: Ignoring unknown extended header keyword 'LIBARCHIVE.xattr.com.apple.provenance'
htv-landing/ultima-ng/assets/demo/data/._customers-small.json
htv-landing/ultima-ng/assets/demo/data/customers-small.json
htv-landing/ultima-ng/assets/demo/data/._filesystem.json
tar: Ignoring unknown extended header keyword 'LIBARCHIVE.xattr.com.apple.provenance'
tar: Ignoring unknown extended header keyword 'LIBARCHIVE.xattr.com.apple.provenance'htv-landing/ultima-ng/assets/demo/data/filesystem.json
htv-landing/ultima-ng/assets/demo/data/._products-orders-small.json
htv-landing/ultima-ng/assets/demo/data/products-orders-small.json
htv-landing/ultima-ng/assets/demo/data/._products-orders.json

tar: Ignoring unknown extended header keyword 'LIBARCHIVE.xattr.com.apple.provenance'
htv-landing/ultima-ng/assets/demo/data/products-orders.json
htv-landing/ultima-ng/assets/demo/images/._galleria
tar: Ignoring unknown extended header keyword 'LIBARCHIVE.xattr.com.apple.provenance'
tar: htv-landing/ultima-ng/assets/demo/images/galleria/
htv-landing/ultima-ng/assets/demo/images/._product
Ignoring unknown extended header keyword 'LIBARCHIVE.xattr.com.apple.provenance'
htv-landing/ultima-ng/assets/demo/images/product/
htv-landing/ultima-ng/assets/demo/images/._avatar
tar: Ignoring unknown extended header keyword 'LIBARCHIVE.xattr.com.apple.provenance'
tar: Ignoring unknown extended header keyword 'LIBARCHIVE.xattr.com.apple.provenance'htv-landing/ultima-ng/assets/demo/images/avatar/
htv-landing/ultima-ng/assets/demo/images/avatar/._avatar-1.png

tar: htv-landing/ultima-ng/assets/demo/images/avatar/avatar-1.png
htv-landing/ultima-ng/assets/demo/images/avatar/._amyelsner.png
htv-landing/ultima-ng/assets/demo/images/avatar/amyelsner.png
Ignoring unknown extended header keyword 'LIBARCHIVE.xattr.com.apple.provenance'
tar: Ignoring unknown extended header keyword 'LIBARCHIVE.xattr.com.apple.provenance'
htv-landing/ultima-ng/assets/demo/images/avatar/._avatar-12.png
htv-landing/ultima-ng/assets/demo/images/avatar/avatar-12.png
htv-landing/ultima-ng/assets/demo/images/avatar/._avatar-13.png
htv-landing/ultima-ng/assets/demo/images/avatar/avatar-13.png
htv-landing/ultima-ng/assets/demo/images/avatar/._avatar-2.png
tar: Ignoring unknown extended header keyword 'LIBARCHIVE.xattr.com.apple.provenance'
tar: Ignoring unknown extended header keyword 'LIBARCHIVE.xattr.com.apple.provenance'
tar: Ignoring unknown extended header keyword 'LIBARCHIVE.xattr.com.apple.provenance'
htv-landing/ultima-ng/assets/demo/images/avatar/avatar-2.png
htv-landing/ultima-ng/assets/demo/images/avatar/._avatar-11.png
htv-landing/ultima-ng/assets/demo/images/avatar/avatar-11.png
htv-landing/ultima-ng/assets/demo/images/avatar/._avatar-10.png
tar: Ignoring unknown extended header keyword 'LIBARCHIVE.xattr.com.apple.provenance'
tar: htv-landing/ultima-ng/assets/demo/images/avatar/avatar-10.png
htv-landing/ultima-ng/assets/demo/images/avatar/._avatar-3.png
htv-landing/ultima-ng/assets/demo/images/avatar/avatar-3.png
htv-landing/ultima-ng/assets/demo/images/avatar/._elwinsharvill.png
htv-landing/ultima-ng/assets/demo/images/avatar/elwinsharvill.png
Ignoring unknown extended header keyword 'LIBARCHIVE.xattr.com.apple.provenance'
tar: Ignoring unknown extended header keyword 'LIBARCHIVE.xattr.com.apple.provenance'
tar: Ignoring unknown extended header keyword 'LIBARCHIVE.xattr.com.apple.provenance'
htv-landing/ultima-ng/assets/demo/images/avatar/._avatar-7.png
htv-landing/ultima-ng/assets/demo/images/avatar/avatar-7.png
htv-landing/ultima-ng/assets/demo/images/avatar/._avatar-14.png
tar: Ignoring unknown extended header keyword 'LIBARCHIVE.xattr.com.apple.provenance'
tar: Ignoring unknown extended header keyword 'LIBARCHIVE.xattr.com.apple.provenance'
htv-landing/ultima-ng/assets/demo/images/avatar/avatar-14.png
htv-landing/ultima-ng/assets/demo/images/avatar/._avatar-15.png
htv-landing/ultima-ng/assets/demo/images/avatar/avatar-15.png
htv-landing/ultima-ng/assets/demo/images/avatar/._avatar-6.png
htv-landing/ultima-ng/assets/demo/images/avatar/avatar-6.png
htv-landing/ultima-ng/assets/demo/images/avatar/._avatar-4.png
tar: Ignoring unknown extended header keyword 'LIBARCHIVE.xattr.com.apple.provenance'
tar: Ignoring unknown extended header keyword 'LIBARCHIVE.xattr.com.apple.provenance'
htv-landing/ultima-ng/assets/demo/images/avatar/avatar-4.png
htv-landing/ultima-ng/assets/demo/images/avatar/._avatar-16.png
tar: Ignoring unknown extended header keyword 'LIBARCHIVE.xattr.com.apple.provenance'
tar: Ignoring unknown extended header keyword 'LIBARCHIVE.xattr.com.apple.provenance'htv-landing/ultima-ng/assets/demo/images/avatar/avatar-16.png
htv-landing/ultima-ng/assets/demo/images/avatar/._avatar-5.png
htv-landing/ultima-ng/assets/demo/images/avatar/avatar-5.png
htv-landing/ultima-ng/assets/demo/images/avatar/._xuxuefeng.png
htv-landing/ultima-ng/assets/demo/images/avatar/xuxuefeng.png
htv-landing/ultima-ng/assets/demo/images/avatar/._bernardodominic.png
htv-landing/ultima-ng/assets/demo/images/avatar/bernardodominic.png
htv-landing/ultima-ng/assets/demo/images/avatar/._ionibowcher.png
htv-landing/ultima-ng/assets/demo/images/avatar/ionibowcher.png
htv-landing/ultima-ng/assets/demo/images/avatar/._activity-1.png

tar: Ignoring unknown extended header keyword 'LIBARCHIVE.xattr.com.apple.provenance'
tar: Ignoring unknown extended header keyword 'LIBARCHIVE.xattr.com.apple.provenance'
tar: Ignoring unknown extended header keyword 'LIBARCHIVE.xattr.com.apple.provenance'
tar: Ignoring unknown extended header keyword 'LIBARCHIVE.xattr.com.apple.provenance'
htv-landing/ultima-ng/assets/demo/images/avatar/activity-1.png
htv-landing/ultima-ng/assets/demo/images/avatar/._activity-3.png
htv-landing/ultima-ng/assets/demo/images/avatar/activity-3.png
htv-landing/ultima-ng/assets/demo/images/avatar/._activity-2.png
htv-landing/ultima-ng/assets/demo/images/avatar/activity-2.png
htv-landing/ultima-ng/assets/demo/images/avatar/._onyamalimba.png
tar: Ignoring unknown extended header keyword 'LIBARCHIVE.xattr.com.apple.provenance'
tar: Ignoring unknown extended header keyword 'LIBARCHIVE.xattr.com.apple.provenance'
tar: Ignoring unknown extended header keyword 'LIBARCHIVE.xattr.com.apple.provenance'
tar: Ignoring unknown extended header keyword 'LIBARCHIVE.xattr.com.apple.provenance'htv-landing/ultima-ng/assets/demo/images/avatar/onyamalimba.png
htv-landing/ultima-ng/assets/demo/images/avatar/._ivanmagalhaes.png
htv-landing/ultima-ng/assets/demo/images/avatar/ivanmagalhaes.png
htv-landing/ultima-ng/assets/demo/images/avatar/._profile.jpg
htv-landing/ultima-ng/assets/demo/images/avatar/profile.jpg
htv-landing/ultima-ng/assets/demo/images/avatar/._avatar-8.png
htv-landing/ultima-ng/assets/demo/images/avatar/avatar-8.png
htv-landing/ultima-ng/assets/demo/images/avatar/._avatar-9.png
htv-landing/ultima-ng/assets/demo/images/avatar/avatar-9.png
htv-landing/ultima-ng/assets/demo/images/avatar/._asiyajavayant.png
htv-landing/ultima-ng/assets/demo/images/avatar/asiyajavayant.png
htv-landing/ultima-ng/assets/demo/images/avatar/._annafali.png
htv-landing/ultima-ng/assets/demo/images/avatar/annafali.png
htv-landing/ultima-ng/assets/demo/images/avatar/._stephenshaw.png
htv-landing/ultima-ng/assets/demo/images/avatar/stephenshaw.png
htv-landing/ultima-ng/assets/demo/images/product/._green-earbuds.jpg

tar: Ignoring unknown extended header keyword 'LIBARCHIVE.xattr.com.apple.provenance'
tar: Ignoring unknown extended header keyword 'LIBARCHIVE.xattr.com.apple.provenance'
tar: Ignoring unknown extended header keyword 'LIBARCHIVE.xattr.com.apple.provenance'
tar: Ignoring unknown extended header keyword 'LIBARCHIVE.xattr.com.apple.provenance'
tar: Ignoring unknown extended header keyword 'LIBARCHIVE.xattr.com.apple.provenance'
tar: Ignoring unknown extended header keyword 'LIBARCHIVE.xattr.com.apple.provenance'
tar: Ignoring unknown extended header keyword 'LIBARCHIVE.xattr.com.apple.provenance'
tar: htv-landing/ultima-ng/assets/demo/images/product/green-earbuds.jpg
htv-landing/ultima-ng/assets/demo/images/product/._headphones.jpg
Ignoring unknown extended header keyword 'LIBARCHIVE.xattr.com.apple.provenance'
tar: htv-landing/ultima-ng/assets/demo/images/product/headphones.jpg
htv-landing/ultima-ng/assets/demo/images/product/._chakra-bracelet.jpg
Ignoring unknown extended header keyword 'LIBARCHIVE.xattr.com.apple.provenance'
tar: Ignoring unknown extended header keyword 'LIBARCHIVE.xattr.com.apple.provenance'
htv-landing/ultima-ng/assets/demo/images/product/chakra-bracelet.jpg
htv-landing/ultima-ng/assets/demo/images/product/._game-controller.jpg
htv-landing/ultima-ng/assets/demo/images/product/game-controller.jpg
htv-landing/ultima-ng/assets/demo/images/product/._painted-phone-case.jpg
htv-landing/ultima-ng/assets/demo/images/product/painted-phone-case.jpg
htv-landing/ultima-ng/assets/demo/images/product/._green-t-shirt.jpg
htv-landing/ultima-ng/assets/demo/images/product/green-t-shirt.jpg
htv-landing/ultima-ng/assets/demo/images/product/._light-green-t-shirt.jpg
htv-landing/ultima-ng/assets/demo/images/product/light-green-t-shirt.jpg
htv-landing/ultima-ng/assets/demo/images/product/._pink-purse.jpg
htv-landing/ultima-ng/assets/demo/images/product/pink-purse.jpg
htv-landing/ultima-ng/assets/demo/images/product/._gaming-set.jpg
htv-landing/ultima-ng/assets/demo/images/product/gaming-set.jpg
htv-landing/ultima-ng/assets/demo/images/product/._bracelet.jpg
htv-landing/ultima-ng/assets/demo/images/product/bracelet.jpg
htv-landing/ultima-ng/assets/demo/images/product/._product-placeholder.svg
htv-landing/ultima-ng/assets/demo/images/product/product-placeholder.svg
htv-landing/ultima-ng/assets/demo/images/product/._teal-t-shirt.jpg
htv-landing/ultima-ng/assets/demo/images/product/teal-t-shirt.jpg
htv-landing/ultima-ng/assets/demo/images/product/._galaxy-earrings.jpg
tar: Ignoring unknown extended header keyword 'LIBARCHIVE.xattr.com.apple.provenance'
tar: Ignoring unknown extended header keyword 'LIBARCHIVE.xattr.com.apple.provenance'
tar: Ignoring unknown extended header keyword 'LIBARCHIVE.xattr.com.apple.provenance'
tar: Ignoring unknown extended header keyword 'LIBARCHIVE.xattr.com.apple.provenance'
tar: Ignoring unknown extended header keyword 'LIBARCHIVE.xattr.com.apple.provenance'
tar: Ignoring unknown extended header keyword 'LIBARCHIVE.xattr.com.apple.provenance'
tar: Ignoring unknown extended header keyword 'LIBARCHIVE.xattr.com.apple.provenance'
tar: Ignoring unknown extended header keyword 'LIBARCHIVE.xattr.com.apple.provenance'
tar: Ignoring unknown extended header keyword 'LIBARCHIVE.xattr.com.apple.provenance'
tar: Ignoring unknown extended header keyword 'LIBARCHIVE.xattr.com.apple.provenance'
htv-landing/ultima-ng/assets/demo/images/product/galaxy-earrings.jpg
htv-landing/ultima-ng/assets/demo/images/product/._brown-purse.jpg
htv-landing/ultima-ng/assets/demo/images/product/brown-purse.jpg
htv-landing/ultima-ng/assets/demo/images/product/._sneakers.jpg
htv-landing/ultima-ng/assets/demo/images/product/sneakers.jpg
htv-landing/ultima-ng/assets/demo/images/product/._yoga-mat.jpg
htv-landing/ultima-ng/assets/demo/images/product/yoga-mat.jpg
htv-landing/ultima-ng/assets/demo/images/product/._yellow-earbuds.jpg
htv-landing/ultima-ng/assets/demo/images/product/yellow-earbuds.jpg
htv-landing/ultima-ng/assets/demo/images/product/._gold-phone-case.jpg
htv-landing/ultima-ng/assets/demo/images/product/gold-phone-case.jpg
htv-landing/ultima-ng/assets/demo/images/product/._blue-band.jpg
htv-landing/ultima-ng/assets/demo/images/product/blue-band.jpg
htv-landing/ultima-ng/assets/demo/images/product/._yoga-set.jpg
htv-landing/ultima-ng/assets/demo/images/product/yoga-set.jpg
htv-landing/ultima-ng/assets/demo/images/product/._shoes.jpg
htv-landing/ultima-ng/assets/demo/images/product/shoes.jpg
htv-landing/ultima-ng/assets/demo/images/product/._purple-gemstone-necklace.jpg
htv-landing/ultima-ng/assets/demo/images/product/purple-gemstone-necklace.jpg
htv-landing/ultima-ng/assets/demo/images/product/._purple-t-shirt.jpg
htv-landing/ultima-ng/assets/demo/images/product/purple-t-shirt.jpg
htv-landing/ultima-ng/assets/demo/images/product/._bamboo-watch.jpg
htv-landing/ultima-ng/assets/demo/images/product/bamboo-watch.jpg
htv-landing/ultima-ng/assets/demo/images/product/._lime-band.jpg
htv-landing/ultima-ng/assets/demo/images/product/lime-band.jpg
htv-landing/ultima-ng/assets/demo/images/product/._mini-speakers.jpg
htv-landing/ultima-ng/assets/demo/images/product/mini-speakers.jpg
htv-landing/ultima-ng/assets/demo/images/product/._grey-t-shirt.jpg
htv-landing/ultima-ng/assets/demo/images/product/grey-t-shirt.jpg
htv-landing/ultima-ng/assets/demo/images/product/._pink-band.jpg
htv-landing/ultima-ng/assets/demo/images/product/pink-band.jpg
htv-landing/ultima-ng/assets/demo/images/product/._blue-t-shirt.jpg
htv-landing/ultima-ng/assets/demo/images/product/blue-t-shirt.jpg
htv-landing/ultima-ng/assets/demo/images/product/._black-watch.jpg
htv-landing/ultima-ng/assets/demo/images/product/black-watch.jpg
htv-landing/ultima-ng/assets/demo/images/product/._purple-band.jpg
htv-landing/ultima-ng/assets/demo/images/product/purple-band.jpg
htv-landing/ultima-ng/assets/demo/images/galleria/._galleria6.jpg
htv-landing/ultima-ng/assets/demo/images/galleria/galleria6.jpg
htv-landing/ultima-ng/assets/demo/images/galleria/._galleria6s.jpg
tar: Ignoring unknown extended header keyword 'LIBARCHIVE.xattr.com.apple.provenance'
tar: Ignoring unknown extended header keyword 'LIBARCHIVE.xattr.com.apple.provenance'
tar: Ignoring unknown extended header keyword 'LIBARCHIVE.xattr.com.apple.provenance'
tar: Ignoring unknown extended header keyword 'LIBARCHIVE.xattr.com.apple.provenance'
tar: Ignoring unknown extended header keyword 'LIBARCHIVE.xattr.com.apple.provenance'
tar: Ignoring unknown extended header keyword 'LIBARCHIVE.xattr.com.apple.provenance'
tar: Ignoring unknown extended header keyword 'LIBARCHIVE.xattr.com.apple.provenance'
tar: Ignoring unknown extended header keyword 'LIBARCHIVE.xattr.com.apple.provenance'
tar: Ignoring unknown extended header keyword 'LIBARCHIVE.xattr.com.apple.provenance'
tar: Ignoring unknown extended header keyword 'LIBARCHIVE.xattr.com.apple.provenance'
tar: Ignoring unknown extended header keyword 'LIBARCHIVE.xattr.com.apple.provenance'
tar: Ignoring unknown extended header keyword 'LIBARCHIVE.xattr.com.apple.provenance'
tar: Ignoring unknown extended header keyword 'LIBARCHIVE.xattr.com.apple.provenance'
tar: Ignoring unknown extended header keyword 'LIBARCHIVE.xattr.com.apple.provenance'
tar: Ignoring unknown extended header keyword 'LIBARCHIVE.xattr.com.apple.provenance'
tar: Ignoring unknown extended header keyword 'LIBARCHIVE.xattr.com.apple.provenance'
tar: Ignoring unknown extended header keyword 'LIBARCHIVE.xattr.com.apple.provenance'
tar: Ignoring unknown extended header keyword 'LIBARCHIVE.xattr.com.apple.provenance'
tar: Ignoring unknown extended header keyword 'LIBARCHIVE.xattr.com.apple.provenance'
tar: Ignoring unknown extended header keyword 'LIBARCHIVE.xattr.com.apple.provenance'htv-landing/ultima-ng/assets/demo/images/galleria/galleria6s.jpg
htv-landing/ultima-ng/assets/demo/images/galleria/._galleria7.jpg
htv-landing/ultima-ng/assets/demo/images/galleria/galleria7.jpg
htv-landing/ultima-ng/assets/demo/images/galleria/._galleria5.jpg
htv-landing/ultima-ng/assets/demo/images/galleria/galleria5.jpg
htv-landing/ultima-ng/assets/demo/images/galleria/._galleria11s.jpg
htv-landing/ultima-ng/assets/demo/images/galleria/galleria11s.jpg
htv-landing/ultima-ng/assets/demo/images/galleria/._galleria4.jpg
htv-landing/ultima-ng/assets/demo/images/galleria/galleria4.jpg
htv-landing/ultima-ng/assets/demo/images/galleria/._galleria10s.jpg
htv-landing/ultima-ng/assets/demo/images/galleria/galleria10s.jpg
htv-landing/ultima-ng/assets/demo/images/galleria/._galleria1.jpg
htv-landing/ultima-ng/assets/demo/images/galleria/galleria1.jpg
htv-landing/ultima-ng/assets/demo/images/galleria/._galleria3.jpg

tar: Ignoring unknown extended header keyword 'LIBARCHIVE.xattr.com.apple.provenance'
tar: Ignoring unknown extended header keyword 'LIBARCHIVE.xattr.com.apple.provenance'
tar: Ignoring unknown extended header keyword 'LIBARCHIVE.xattr.com.apple.provenance'
tar: Ignoring unknown extended header keyword 'LIBARCHIVE.xattr.com.apple.provenance'
tar: Ignoring unknown extended header keyword 'LIBARCHIVE.xattr.com.apple.provenance'
tar: Ignoring unknown extended header keyword 'LIBARCHIVE.xattr.com.apple.provenance'
tar: htv-landing/ultima-ng/assets/demo/images/galleria/galleria3.jpg
htv-landing/ultima-ng/assets/demo/images/galleria/._galleria7s.jpg
htv-landing/ultima-ng/assets/demo/images/galleria/galleria7s.jpg
htv-landing/ultima-ng/assets/demo/images/galleria/._galleria2.jpg
htv-landing/ultima-ng/assets/demo/images/galleria/galleria2.jpg
htv-landing/ultima-ng/assets/demo/images/galleria/._galleria15.jpg
htv-landing/ultima-ng/assets/demo/images/galleria/galleria15.jpg
htv-landing/ultima-ng/assets/demo/images/galleria/._galleria14.jpg
htv-landing/ultima-ng/assets/demo/images/galleria/galleria14.jpg
htv-landing/ultima-ng/assets/demo/images/galleria/._galleria13.jpg
htv-landing/ultima-ng/assets/demo/images/galleria/galleria13.jpg
Ignoring unknown extended header keyword 'LIBARCHIVE.xattr.com.apple.provenance'
tar: Ignoring unknown extended header keyword 'LIBARCHIVE.xattr.com.apple.provenance'
tar: Ignoring unknown extended header keyword 'LIBARCHIVE.xattr.com.apple.provenance'
tar: Ignoring unknown extended header keyword 'LIBARCHIVE.xattr.com.apple.provenance'
tar: Ignoring unknown extended header keyword 'LIBARCHIVE.xattr.com.apple.provenance'
tar: Ignoring unknown extended header keyword 'LIBARCHIVE.xattr.com.apple.provenance'
htv-landing/ultima-ng/assets/demo/images/galleria/._galleria1s.jpg
htv-landing/ultima-ng/assets/demo/images/galleria/galleria1s.jpg
tar: Ignoring unknown extended header keyword 'LIBARCHIVE.xattr.com.apple.provenance'
htv-landing/ultima-ng/assets/demo/images/galleria/._galleria12.jpg
htv-landing/ultima-ng/assets/demo/images/galleria/galleria12.jpg
htv-landing/ultima-ng/assets/demo/images/galleria/._galleria10.jpg
htv-landing/ultima-ng/assets/demo/images/galleria/galleria10.jpg
htv-landing/ultima-ng/assets/demo/images/galleria/._galleria11.jpg
htv-landing/ultima-ng/assets/demo/images/galleria/galleria11.jpg
tar: Ignoring unknown extended header keyword 'LIBARCHIVE.xattr.com.apple.provenance'
tar: Ignoring unknown extended header keyword 'LIBARCHIVE.xattr.com.apple.provenance'
tar: Ignoring unknown extended header keyword 'LIBARCHIVE.xattr.com.apple.provenance'
htv-landing/ultima-ng/assets/demo/images/galleria/._galleria15s.jpg
htv-landing/ultima-ng/assets/demo/images/galleria/galleria15s.jpg
htv-landing/ultima-ng/assets/demo/images/galleria/._galleria2s.jpg
htv-landing/ultima-ng/assets/demo/images/galleria/galleria2s.jpg
htv-landing/ultima-ng/assets/demo/images/galleria/._galleria3s.jpg
tar: Ignoring unknown extended header keyword 'LIBARCHIVE.xattr.com.apple.provenance'
tar: Ignoring unknown extended header keyword 'LIBARCHIVE.xattr.com.apple.provenance'
tar: htv-landing/ultima-ng/assets/demo/images/galleria/galleria3s.jpg
htv-landing/ultima-ng/assets/demo/images/galleria/._galleria14s.jpg
Ignoring unknown extended header keyword 'LIBARCHIVE.xattr.com.apple.provenance'
htv-landing/ultima-ng/assets/demo/images/galleria/galleria14s.jpg
htv-landing/ultima-ng/assets/demo/images/galleria/._galleria4s.jpg
tar: Ignoring unknown extended header keyword 'LIBARCHIVE.xattr.com.apple.provenance'
tar: Ignoring unknown extended header keyword 'LIBARCHIVE.xattr.com.apple.provenance'htv-landing/ultima-ng/assets/demo/images/galleria/galleria4s.jpg
htv-landing/ultima-ng/assets/demo/images/galleria/._galleria8s.jpg

tar: Ignoring unknown extended header keyword 'LIBARCHIVE.xattr.com.apple.provenance'htv-landing/ultima-ng/assets/demo/images/galleria/galleria8s.jpg
htv-landing/ultima-ng/assets/demo/images/galleria/._galleria13s.jpg
htv-landing/ultima-ng/assets/demo/images/galleria/galleria13s.jpg
htv-landing/ultima-ng/assets/demo/images/galleria/._galleria9.jpg
htv-landing/ultima-ng/assets/demo/images/galleria/galleria9.jpg

tar: Ignoring unknown extended header keyword 'LIBARCHIVE.xattr.com.apple.provenance'
tar: Ignoring unknown extended header keyword 'LIBARCHIVE.xattr.com.apple.provenance'
htv-landing/ultima-ng/assets/demo/images/galleria/._galleria9s.jpg
tar: Ignoring unknown extended header keyword 'LIBARCHIVE.xattr.com.apple.provenance'
htv-landing/ultima-ng/assets/demo/images/galleria/galleria9s.jpg
htv-landing/ultima-ng/assets/demo/images/galleria/._galleria12s.jpg
htv-landing/ultima-ng/assets/demo/images/galleria/galleria12s.jpg
htv-landing/ultima-ng/assets/demo/images/galleria/._galleria8.jpg
tar: Ignoring unknown extended header keyword 'LIBARCHIVE.xattr.com.apple.provenance'
htv-landing/ultima-ng/assets/demo/images/galleria/galleria8.jpg
htv-landing/ultima-ng/assets/demo/images/galleria/._galleria5s.jpg
htv-landing/ultima-ng/assets/demo/images/galleria/galleria5s.jpg
htv-landing/ultima-ng/assets/demo/flags/._flag_placeholder.png
tar: Ignoring unknown extended header keyword 'LIBARCHIVE.xattr.com.apple.provenance'
tar: Ignoring unknown extended header keyword 'LIBARCHIVE.xattr.com.apple.provenance'
tar: Ignoring unknown extended header keyword 'LIBARCHIVE.xattr.com.apple.provenance'
htv-landing/ultima-ng/assets/demo/flags/flag_placeholder.png
htv-landing/ultima-ng/assets/demo/flags/._flags_responsive.png
htv-landing/ultima-ng/assets/demo/flags/flags_responsive.png
htv-landing/ultima-ng/assets/demo/flags/._flags.css
tar: Ignoring unknown extended header keyword 'LIBARCHIVE.xattr.com.apple.provenance'
tar: htv-landing/ultima-ng/assets/demo/flags/flags.css
Ignoring unknown extended header keyword 'LIBARCHIVE.xattr.com.apple.provenance'
Exit request sent.
Deploy completado!
========== [Fin de despliegue: Wed Oct 29 13:25:32 -03 2025] ==========
